subject_id,label,eda_chest_mean,eda_chest_std,eda_chest_slope,eda_chest_tonic_mean,eda_chest_tonic_slope,eda_chest_phasic_std,eda_chest_scr_count,eda_chest_scr_amp_mean,eda_chest_scr_amp_max,eda_chest_phasic_auc,eda_wrist_mean,eda_wrist_std,eda_wrist_slope,eda_wrist_tonic_mean,eda_wrist_tonic_slope,eda_wrist_phasic_std,eda_wrist_scr_count,eda_wrist_scr_amp_mean,eda_wrist_scr_amp_max,eda_wrist_phasic_auc,hrv_ecg_mean_hr,hrv_ecg_sdnn,hrv_ecg_rmssd,hrv_ecg_pnn50,hrv_ecg_lf_hf,hrv_ecg_n_beats,hrv_bvp_mean_hr,hrv_bvp_sdnn,hrv_bvp_rmssd,hrv_bvp_pnn50,hrv_bvp_lf_hf,hrv_bvp_n_beats,emg_rms,emg_std,emg_mav,emg_zcr,emg_burst_count,resp_rate_bpm,resp_amplitude,resp_std,resp_rate_var,temp_chest_mean,temp_chest_slope,temp_chest_std,temp_wrist_mean,temp_wrist_slope,temp_wrist_std,acc_chest_mag_mean,acc_chest_mag_std,acc_chest_energy,acc_chest_activity_counts,acc_wrist_mag_mean,acc_wrist_mag_std,acc_wrist_energy,acc_wrist_activity_counts
S2,baseline,7.9294371644252655,1.3266947523404038,-0.05746673511928344,7.537284302790276,-0.048056374050690236,1.2124081142240748,11.0,0.6695138697440236,1.391552753035568,30.077900191541158,1.1228320105791587,0.8414470691563395,-0.009554274495273176,1.0682019080093161,-0.011439276346126855,0.3344710288047489,16.0,0.3224610137530047,1.1735082207697587,8.817084513798827,80.00934647191802,143.82274665761412,192.94904335946615,80.0,0.3545288944610601,77.0,73.56193705441824,147.53534625134458,207.53640603011934,79.71014492753623,0.28476063566200865,71.0,0.010962833733139247,0.010962833721000972,0.006917563512451878,0.6466077679613269,252.0,18.0,1.937139221136272,0.7038477554656799,0.7291171131621329,36.520993371656445,0.00044372805302571235,0.03066515111305067,33.80044407385128,0.0005586823642608496,0.01429738096379356,1.0243293291532312,0.022668481949657798,1.0497644346374106,178.0,0.9959175587142245,0.02090433450571257,0.9922887749564275,57.0
S2,baseline,7.289278718938812,0.9789299829258357,-0.004649347969483267,6.984450465901524,-0.0011335851825208026,0.9324895453094151,13.0,0.6479332802848461,1.653116600482993,25.857038925492226,2.423288578381525,2.0641051546599307,0.11347077152022228,2.2877551891038705,0.10201128578597422,0.5029706501905231,13.0,0.3611819578633951,1.1024118721114657,12.487690466653174,70.64377247975688,133.39722642378752,123.95232593411698,68.65671641791045,0.826989322200187,69.0,69.6389384689587,142.87934362156443,191.6754156435332,72.72727272727273,0.28813017158853277,68.0,0.010055519201677273,0.010055519183582502,0.0064351358024883005,0.6496082680446741,219.0,16.0,1.8913220831027822,0.7097137927735979,0.5257181331812282,36.51589591812573,-0.0012320957087448103,0.036715582942154774,33.808982474500326,0.0003837982706667702,0.01395698181219975,1.024339383737254,0.022984497261376455,1.049799460189576,178.0,0.9959367608445888,0.025775491087486266,0.9925544075424126,56.0
S2,baseline,7.381070689756106,0.9810338121830149,-0.017431255561478985,7.066381511777136,-0.016624008226524146,0.9396390685236442,12.0,0.7962243138942133,2.6215833571286833,28.83504740205008,5.112765197880382,1.3579587491913856,0.06540196457454368,4.940686763722359,0.058536908911482,0.5084228829364308,15.0,0.4147479403126847,1.0616950256629112,14.807081114088902,63.577586999595795,106.7743732833781,104.15939865354862,67.21311475409836,0.8635327352012481,63.0,63.906265094248766,115.48022061140607,123.21016235930605,62.295081967213115,0.36774159046436883,63.0,0.008243986426433241,0.008243986350437937,0.004984210626301214,0.6452742123687282,201.0,18.0,1.9115564821903992,0.7113970248729279,0.6014250665932072,36.5007220079759,0.0005740789121817859,0.020499731991746133,33.821404970949466,0.0006142176708738141,0.014224936405818745,1.0246758518477104,0.027522649616654148,1.0507180976017516,188.0,0.9968743536733372,0.028565805051149334,0.994574482229854,59.0
S2,baseline,5.9663959863651845,1.6204262915379861,-0.06865994442797256,5.699687387045583,-0.0645559958590048,0.8850102614218796,11.0,0.8468981577364939,2.6215833571286833,27.150938122551555,5.776742693121664,0.7757792912173476,0.0006283051007457616,5.519780435426031,-0.0002500892350655921,0.7326637184760953,13.0,0.45436388125238525,1.522849163405077,21.103999252835692,62.77247125768056,78.5242992567938,86.74675786448775,61.666666666666664,1.977098186087102,62.0,62.582365960292336,108.30861884440964,125.85967405044133,58.333333333333336,2.409891165710169,62.0,0.009364176582011267,0.009364176532522838,0.0052962387570033255,0.6396066011001834,191.0,19.0,1.998469971857761,0.7043509425757284,0.5359084245523417,36.52021447811846,0.000723559908405873,0.018271601731115802,33.822935411710894,-0.0005527875874504224,0.011720264749520681,1.0245973085887046,0.023360184783068817,1.0503453430003162,178.0,0.9971090294075194,0.029014632089582746,0.9950682654012993,62.0
S2,baseline,5.27009193081956,1.223977852797395,0.043850993538853224,4.972499967806663,0.04145724881180701,1.0152514250307658,9.0,0.8360481692997733,1.4058228394098204,26.341079808824443,6.368923178502092,1.151437611829269,0.05264977057822569,6.1302914262615475,0.05075565799657387,0.7028468583717177,11.0,0.5985545230560111,1.522849163405077,20.619034606285013,68.57654501754007,97.10158571680459,72.2282706211572,44.61538461538461,0.28949346105824375,67.0,66.99720650437307,115.19133200354096,106.38706118278375,57.8125,1.1060667801580897,66.0,0.02384161928338191,0.02384161917873295,0.01559518105520652,0.6424404067344558,230.0,17.0,1.8935335645622895,0.7027119769477812,0.9266924972044394,36.532506055914425,-0.0001538522120042684,0.018653177031861843,33.80893346351109,-0.00035770068805843376,0.009034482380307504,1.0240190735007066,0.018213152065783292,1.0489467818014169,168.0,0.9955043025917522,0.02536816013876932,0.991672360027517,57.0
S2,baseline,7.6584826071868966,1.9387791525449314,0.10022603983632583,7.364677089517738,0.09244047434705517,0.8909536316841866,9.0,0.8920964859939412,1.5804447825205443,25.155802491869427,6.1393369061792855,1.1572417199570153,-0.05321197169460676,5.888764616183335,-0.04916609438685593,0.6999744081146145,11.0,0.588355841918789,1.0278753090928348,20.37199422739026,71.93438755986215,80.18405328777233,80.28030602975974,44.927536231884055,0.7837214510663227,71.0,71.33431894821405,83.31418284857321,99.45494264142343,66.17647058823529,0.9762179756948969,70.0,0.027639518509773097,0.027639518506207494,0.020362933575226862,0.6426071011835306,233.0,12.0,1.669248572283409,0.6177039341610437,2.3496576152901314,36.51620786373982,-0.0015612292392861086,0.03708836251600492,33.7994657256588,-0.0003019553829414114,0.009105157755963588,1.0243658657969659,0.020986075887298977,1.0497658423911147,170.0,0.9953207651859053,0.028077167012253122,0.99145175291769,61.0
S2,baseline,8.714055132438135,1.1488102344419477,-0.04455221234098783,8.390265429092379,-0.03983052082760353,1.009363540574163,9.0,1.1322398267844902,2.8471717582491918,29.743897260607937,4.7969913535535,0.7991292648347939,-0.024516635395799857,4.622989193082461,-0.017542961946501224,0.6163704171833142,14.0,0.4702417210862023,1.156813353280933,15.833312822668525,67.42134874718252,79.26527413050242,74.27599260139925,47.69230769230769,0.8072120990201387,67.0,68.07609057634664,85.48850310862224,90.96421924411987,53.84615384615385,0.960810182228094,67.0,0.01761653567005004,0.017616535597659768,0.011415901104209904,0.6422737122853809,246.0,9.0,1.666778581907278,0.558688252802152,2.864192458180839,36.43338154669932,-0.004084589157481674,0.07504821711154958,33.79648337037837,0.0002829780897622835,0.011310726484993507,1.0246954089582352,0.02593300643981085,1.0506732019630924,173.0,0.9963773531984301,0.031362039729694396,0.9937514075027162,66.0
S2,baseline,7.2043081947586005,1.357798737603084,-0.04582059629435603,6.87988905622377,-0.04412360017084299,0.9421801186561178,9.0,0.9648063784162889,2.2502525234443986,29.955633774853958,3.8957208913475925,1.0608007793024392,-0.04968482967477834,3.7277302775744423,-0.04418626033138636,0.5712094922884239,15.0,0.4301248028871064,1.1280054453176769,15.723269382675078,68.93614965882772,92.7683682580098,77.75252115175788,53.03030303030303,0.39889653270128494,68.0,68.48974695786214,96.20712901426924,107.32659772649767,54.54545454545455,0.4466033778956717,68.0,0.007143115733390516,0.00714311553778048,0.0048337548885297125,0.645440906817803,193.0,11.0,1.7406024317960445,0.6446018768187635,2.0004409513904675,36.382890403863044,0.0006496335711381726,0.028074219055139384,33.81756555903191,0.0012750642065887288,0.0228277702351586,1.0245924964806465,0.026025410204292564,1.0504671058207455,181.0,0.996562293258884,0.029898642652904463,0.9940303331778918,64.0
S2,baseline,6.014769381662073,1.025842885706881,-0.0215955367410575,5.775457801478699,-0.014587544963650292,0.8132329566552788,10.0,0.752389071767736,1.792620180570525,23.156383506608364,3.037578751567408,0.6185215999474768,-0.021816920213538978,2.9210562543959386,-0.0188905472476558,0.40599089703396213,17.0,0.416224767850323,1.0629156046419106,12.849998700403521,73.34128849391259,92.58679108436466,110.84738543214618,64.28571428571429,0.4195976908219241,72.0,74.2880563726902,116.60101186185953,142.92908973299106,70.4225352112676,0.38174787162411755,73.0,0.010464846424968775,0.010464846421575332,0.006040219742337942,0.6471078513085514,138.0,15.0,1.961846050621496,0.6952228732829696,1.29348287935468,36.400561407740575,0.00043109826223908796,0.027513485525381562,33.85164743645297,0.0010092881851335876,0.017907472997067696,1.024259567485721,0.01774864570831674,1.0494226760105148,175.0,0.9958465206446694,0.023273100889366908,0.9922519299051005,57.0
S2,baseline,4.499628957554533,1.3838467149665752,-0.07201991529927017,4.324346407237948,-0.0629169538042514,0.7426599856193182,13.0,0.9695004013006778,1.7563910725287353,21.340435295047666,2.741392107919371,0.5209810190846432,0.00020755975937835955,2.60459038219212,-0.00010803568459654073,0.47891876404688744,13.0,0.5455760037357757,1.4138281960539865,14.68753787514746,76.2022299543109,95.6689845739149,122.64773032316901,64.38356164383562,0.13872732817423222,75.0,78.00454490637162,113.30301806230506,130.86685953283393,64.86486486486487,1.7817535819405976,76.0,0.017110007242566543,0.017110007242523075,0.011395287520405207,0.6469411568594766,250.0,14.0,1.8466483441708643,0.6260638659051898,2.5116655639884553,36.42211697572568,0.0013313448787071434,0.033463798421249,33.86692247595865,4.4167912969240896e-05,0.010649349497486221,1.0240687678754405,0.01475048366453497,1.0489344181062605,168.0,0.9953055296836573,0.015018843369485616,0.9908586630750228,53.0
S2,baseline,4.568456212108109,1.8690538894564477,0.07297548306470993,4.343007686944833,0.06727397123779807,0.9038636762016422,11.0,1.0082576739424367,2.4336245505560647,26.32174043631988,3.310599534425332,0.9984385787936243,0.05101377295611148,3.1684395065513695,0.04496850908191745,0.4838141286107569,13.0,0.5655756850304691,1.4138281960539865,15.15780770945515,81.7194003192893,94.20226569148274,131.5976774793116,64.1025641025641,0.6905374348690658,80.0,84.08938330515348,102.85560937179764,137.1088185530019,76.25,1.295317947481456,82.0,0.01602136978032773,0.016021369596023564,0.010711261099914,0.6474412402067011,250.0,10.0,1.6508056372393223,0.5583006187874265,3.0454118495424116,36.40274532779488,-0.0021679928240135524,0.04533193365166043,33.87713176356871,0.0005417018262348177,0.015648596443567104,1.0240733830793847,0.01814556066635899,1.0490555553035523,169.0,0.9957530178503206,0.021295948361614896,0.9919775899746414,61.0
S2,baseline,7.517671263396401,2.290704630416987,0.10928230862674437,7.260604630072684,0.0922372131473921,1.0856456005472164,14.0,0.7578394422544453,2.335285919914776,26.373961412490882,4.186678662833692,0.8975440436727775,0.014216260156429494,4.056615114258517,0.014761839554186033,0.44504507539315735,15.0,0.4059490734218831,0.9082348574717964,13.015979003643661,80.14639408737904,105.07850323206853,122.19847598258946,62.33766233766234,0.3230016279451517,79.0,82.50607015687586,109.1004372500253,129.01698575063475,71.7948717948718,0.3791280254251539,80.0,0.017364362133699844,0.01736436211463468,0.010835424151656435,0.6439406567761293,262.0,13.0,1.8872798468181686,0.6438285146369508,1.931204287484884,36.3798239505315,0.0013649288273166642,0.041312602497083475,33.88995403318461,0.00027796498602897593,0.01044806407631674,1.0240180483148853,0.014029250498932265,1.0488097831441885,169.0,0.9960410877904511,0.02463588552652196,0.9927047754224609,56.0
S2,baseline,9.8382627205066,1.1626087710379558,0.0384981499155259,9.420069905604453,0.029072208414724302,1.3024411945098548,8.0,1.3510069871332797,2.4505905069422553,38.89305163859196,4.505657458265193,0.8484229273197657,0.004741376694367944,4.2971735845137875,0.005073482418506424,0.5846328719247135,14.0,0.4557911920517848,0.9938820643150197,16.68320501264659,70.71959761355373,94.09845019484007,91.0074334391237,52.94117647058823,1.6312092184964055,70.0,70.84538355490662,98.61455688219037,83.69397681741923,50.0,2.9511227797905706,70.0,0.022847615122727705,0.02284761496975492,0.01664866298266555,0.6416069344890815,258.0,16.0,1.9770956092553666,0.7043144655655897,0.45698820796845757,36.392538462816916,4.29107279926442e-05,0.040253987649613,33.88912632799227,-0.00026090834992627347,0.006995083248509463,1.0244859974650098,0.021904104910463282,1.0500513488138044,174.0,0.9957631743265367,0.018536984811275397,0.991887919150754,57.0
S2,baseline,9.442530584414083,1.8866380690943136,-0.07186012705293535,9.106954113347216,-0.05887039824859262,1.1288517092268153,11.0,0.9539144594458503,1.9994643148632303,30.65580593839567,4.763262494681928,1.1449222459869846,0.0036758371869723373,4.652076208057825,0.006990412898637888,0.39367768062126757,15.0,0.5410287275335581,1.1626630776921858,12.542629094973027,69.72472151573437,90.03316138653422,103.33088951166874,60.60606060606061,0.29600644195215403,68.0,68.81284120042949,99.773700454817,134.2855247726334,70.76923076923077,0.47545556443470993,67.0,0.017153173307246344,0.017153173266316078,0.010978373577826966,0.6431071845307551,250.0,18.0,1.926346498164411,0.7068005181983521,0.8053609304986817,36.39826870330627,0.0005390080377938842,0.03317916070322689,33.88050233143153,-0.0002909484173923978,0.008059590886050043,1.0244032055698795,0.02266133067235514,1.0499154634896866,173.0,0.9957385918012013,0.01761094866368982,0.9918054887150746,54.0
S2,baseline,5.680676193420684,3.2846845985345614,-0.18142976944506548,5.375315373734514,-0.16354838274759043,1.1228628426998808,13.0,0.7612011231551185,1.881722992586083,29.43212238209433,3.900177367745016,1.4521843280149596,-0.07345810295007288,3.7319518107398943,-0.06539796612250862,0.5633201472574475,11.0,0.5161412991727196,1.4553364674686895,16.726735988516953,74.99426555267216,94.03843250731225,115.71636780411792,65.27777777777777,0.24426089658076006,74.0,73.56227853830109,106.66365175956264,144.38917526899016,78.87323943661971,0.26764356484348356,73.0,0.004884956302837901,0.00488495628991909,0.0032580989124386833,0.6422737122853809,110.0,20.0,1.9908240335518415,0.7110788533189194,0.6982915439359194,36.49134300670285,0.0052647354362001745,0.0938084032087582,33.8897102363514,0.000894730170951928,0.018842442171277382,1.0240739077689447,0.009148552761341768,1.0488110645907842,167.0,0.9954456225409708,0.017589138579820977,0.9912213652319612,53.0
S2,stress,2.876005314582921,2.437687547694241,0.11955571644455457,2.6714280256249956,0.10678036395295129,0.7922400355154451,13.0,0.6657262281357712,1.9292778489990776,21.919169686464887,4.050814785154992,0.9039973390039441,-0.034348636838365997,3.876758436111879,-0.03201275276595226,0.6103012833685638,12.0,0.6391306591003495,1.8289671422247782,18.59665204558376,88.5564498962211,69.22593316208463,68.93304509364356,43.529411764705884,1.5389918703559635,87.0,89.06647077500949,74.0191820985016,74.23070206700503,46.51162790697674,0.28571427178479464,88.0,0.07741760675708304,0.07741760670494306,0.06056138499570819,0.6472745457576262,232.0,22.0,1.5684785186426604,0.5684820799357061,0.566845109959332,36.43478943740949,-0.0012027580748071468,0.03306970787636164,33.76896125462798,-0.00023636419211585242,0.00761193602043172,1.0354121431001884,0.1098534336997951,1.08414608297496,699.0,1.0013731438371942,0.07035693732862369,1.00769827182865,172.0
S2,stress,6.03562986548202,2.1837581753922337,0.09847570752577339,5.841940577351566,0.08721798754367738,0.7179113846161902,14.0,0.7201425052911492,2.1336572928002333,18.88156874121768,4.359261576566298,0.9311300841594662,0.03335868546058915,4.17477468680747,0.031372883123962615,0.5030948745336173,13.0,0.5248510376823536,1.3009039938954268,16.245951877957193,81.1634934948785,52.60778567782566,59.34238777924043,41.77215189873418,0.5281744684098805,81.0,81.3850514973556,52.60795251029971,56.14441567415592,37.9746835443038,0.32992004082513826,81.0,0.05700339458392294,0.0570033940293161,0.04274474800003952,0.6469411568594766,239.0,19.0,1.511724242919798,0.5654246876698122,0.6953800364273686,36.38151282748561,-0.0027660402925677725,0.05258245905204428,33.77000713593763,0.00015945745208868482,0.007890076398073445,1.0339860283031954,0.10109442497178771,1.0793471894865927,644.0,1.00012554129277,0.05565045171738317,1.0033480711225051,144.0
S2,stress,7.896527652312137,1.2663440508909583,0.03742475963892421,7.496751836900021,0.03063814782573245,1.2085205764960891,11.0,0.8035090376765276,1.6559920192408004,33.17201494576959,5.025440811041837,0.5139401176087858,-0.0017029371000974972,4.856384106413687,0.00035708467580324564,0.42385130131673276,16.0,0.37304114575062886,0.9266746788484506,13.974685766590264,79.94390962588389,52.540767930336486,62.706070535883384,43.58974358974359,0.4762995018247009,80.0,79.25595770966247,53.37791284483058,68.01462522965095,46.753246753246756,0.347799264555515,79.0,0.04616658984089155,0.04616658931180152,0.03492950097114029,0.6414402400400067,227.0,16.0,1.5951999958541985,0.5652698634183089,0.6994651925260869,36.40399911376211,0.004141925538048172,0.08729762041316533,33.7615653832588,-0.0007434606372837329,0.015101698981192405,1.0289016208552006,0.06140042999018518,1.0624085582014386,503.0,1.0014141593985757,0.06427245614425153,1.0069612672627708,137.0
S2,stress,9.881096888871506,2.018053949805996,0.09940402773884524,9.507397980111442,0.09006718823558343,1.0799089208016441,10.0,0.9946187315106447,2.3761209944985513,32.07311044068488,4.497800684833328,0.7014491046485497,-0.025904620576120554,4.310814857612187,-0.023920275252859134,0.5881733006256668,13.0,0.4626571658975162,1.2121626606050602,16.311380890301255,82.84233968381007,65.50657303745277,72.36193750861051,50.0,0.491294722731833,82.0,80.42731114298957,63.325623326912186,80.02497356594859,50.0,0.2614857965550915,80.0,0.04754964693774646,0.0475496460913401,0.03571086425848108,0.6424404067344558,239.0,21.0,1.5948793614595802,0.5635443132583093,0.7859421098274352,36.48234565396393,0.0013417991020497093,0.06282584172330236,33.73462941212847,-0.0008781651746819756,0.016742157233409646,1.0284048514639288,0.057860434189675895,1.060964368359163,516.0,1.00152556488531,0.08135937698068847,1.0096728053415254,195.0
S2,stress,10.46007146750045,1.3506831855785026,-0.06421633649749366,10.045609157380884,-0.05497451330856429,1.1846439739711814,11.0,0.6838859125419972,1.7347876303256715,32.70142472917772,3.9927686459487046,0.48457327232460135,-0.003260535503694484,3.8594390159579914,-0.0006443986081487299,0.39811271230053696,15.0,0.41197738448051596,1.4098465043238546,12.613542337958313,89.53955123772425,77.1593712037296,72.15938431130121,47.674418604651166,1.8831058163213952,88.0,87.23853208553527,86.36436669155637,104.10619524501342,58.333333333333336,0.2688558317667813,86.0,0.03388618367394846,0.03388618307486263,0.023871185767794026,0.646441073512252,218.0,22.0,1.557749400393091,0.5621729331645309,0.6950241027485021,36.476441733483234,-0.0015394179107170928,0.034693844293456996,33.69063205724006,-0.0019770865814526437,0.03493306186491867,1.027213004521388,0.054277212157481644,1.0581125724174454,471.0,0.9996455396379221,0.08118115042313469,1.0058815841020161,193.0
S2,stress,8.768177625556266,1.1468029275614517,-0.043479004013665994,8.353205521357653,-0.04033161909817877,1.2046147502740836,12.0,0.5930346463418232,1.6471559030097227,33.51678473667709,3.2000336987106213,1.0145512367747782,-0.05145876613768131,3.0923919607603,-0.043823446082032584,0.44934122002518884,15.0,0.42340385958655896,1.0669201215813773,11.533691536668506,94.20610980737996,73.49143759584815,77.96166992838201,50.54945054945055,0.6081813221919743,93.0,93.49990895667034,82.65686931303236,119.53695849077272,59.550561797752806,0.4963532875891067,91.0,0.020053179757758777,0.020053179650197227,0.013781212944890067,0.6376062677112853,240.0,13.0,1.4506430848561072,0.5025075038682659,2.6867881486182634,36.41985950149666,-0.0022514090640643816,0.044091794189770654,33.636000035800045,-0.0015856155431743623,0.029171114896912324,1.0251936491815785,0.050456538617739244,1.0535678806115245,466.0,0.9993793016178837,0.06259866897251064,1.002677581859379,148.0
S2,stress,9.165607961435185,1.2584358045622857,0.06171393641467043,8.76283311082997,0.057020823005509175,1.1839289275077154,10.0,0.6665652340872539,1.419720124144705,33.22013218512166,3.2499930824802314,1.5514036724081117,0.0550815224942645,3.0507074198985817,0.04873916348391918,0.5869227362077727,13.0,0.492167446462107,1.1290907501096163,17.628321987051432,87.02938177741088,101.55757716786356,92.61267965961795,61.44578313253012,0.8556124259346017,85.0,86.93057398848062,103.83827503357223,111.61117677735731,56.626506024096386,0.44416313872423757,85.0,0.03422692750206736,0.03422692670008673,0.022870713547958214,0.6372728788131355,218.0,12.0,1.4957504238565704,0.5037907631249632,2.6905297644187365,36.377835577408355,-0.00042262780803178375,0.02614903451072802,33.616741643629425,0.00021240363978890304,0.00721707866594,1.0271981455659223,0.06850029990170992,1.059828321340694,541.0,1.0000048642522228,0.05439654015445961,1.0029687121088822,129.0
S2,stress,9.511183556887339,1.177142920993979,-0.04773115341921545,9.14826483535954,-0.040001919264666896,1.0780023187265362,10.0,0.7445618666554182,1.7236970782688399,31.124653696700534,5.118142666192882,1.6458287050155134,0.07602257500662973,4.972282548818729,0.06814437029384889,0.4901109000566865,13.0,0.578531040172283,1.2596429727732619,13.953067673971342,78.88162346635684,62.96393091314702,78.26237921249249,51.31578947368421,0.60190255648075,78.0,77.57930259120792,67.63797373280651,83.4634401000422,45.333333333333336,0.39990554684839225,77.0,0.04152313330210185,0.041523130686126265,0.03142130552182726,0.6404400733455576,227.0,17.0,1.5959463261849645,0.5636489995284023,0.3381013161760835,36.35072253875579,-0.0010349447885061463,0.03001851004327552,33.62082123121374,-9.24133438271479e-05,0.006045803594193266,1.0279517542258525,0.06674052074320222,1.0611391061250814,452.0,0.9971853503839391,0.0369153715147472,0.9957413676744112,105.0
S2,stress,7.9993291413489835,1.2475981067571111,-0.04899179099788395,7.6500850117738395,-0.0434972106690262,1.1683175003452126,11.0,0.8321569726809748,2.060651191620627,31.783321408937553,4.943345294577174,1.5000283878824265,-0.07621832091541908,4.778413934376792,-0.0678856332128095,0.6121661084832897,12.0,0.6161790999488311,1.694832311974087,17.43575309499124,79.63381365183794,66.88206129606164,74.04807143414975,49.35064935064935,0.4125446395221378,79.0,77.64353418097225,66.47321507470825,81.25,46.666666666666664,0.4028224730158506,77.0,0.04156771377114084,0.04156771376673211,0.031103406244277758,0.6426071011835306,203.0,15.0,1.5938044853679638,0.5634772569106857,0.9537864926016659,36.317258417254735,-0.0011556832766378207,0.03373574320366965,33.609096771464074,-0.0006905145718305101,0.012948226985565876,1.0274478979003727,0.05811067303790043,1.0590260332208121,449.0,0.9964854215230708,0.040602526414644145,0.994631760459264,115.0
S2,stress,6.552377657160619,1.1903865147969055,-0.04843247438936725,6.3084620202487764,-0.042826263709598814,0.8285606056297923,12.0,0.7299922352415976,2.060651191620627,25.02282651501258,2.209759333015808,1.722724696810826,-0.09301653448403302,2.092189947433084,-0.08290636919174521,0.5819016183704245,13.0,0.5785232657179444,1.694832311974087,14.907798576360289,84.94127019503654,80.46167841043436,71.61039575709565,48.78048780487805,0.7369452245245403,84.0,84.6806852777403,92.68367332859837,83.46819625812796,47.5609756097561,0.6069427906616525,84.0,0.038206846058326596,0.038206844119722035,0.027569320944916587,0.6487747957992999,203.0,14.0,1.4875729352496287,0.5615066150287793,0.8568146596240902,36.21854158172685,-0.005444190718194878,0.0973225458858208,33.58613245392728,-0.0008606532158022731,0.01588086687865683,1.0265162358328441,0.047004760183139524,1.055945029908306,415.0,0.9980675312132757,0.05346350933366031,0.9989971436924335,140.0
S2,stress,6.743185599357855,1.4251542178983418,0.04202073850252484,6.405083936311618,0.03856895877934309,1.0413520165329615,11.0,0.9538787513121999,1.7063664037985493,30.767004135218148,1.0124258067999417,0.6730722012515105,0.021391194261587584,0.9348621103943292,0.020415023937837576,0.3685447678467791,15.0,0.4577535673221452,1.2128203962869932,10.741925217293257,89.75600689806693,60.19723329648753,60.34384235648997,42.52873563218391,0.23575360008808985,89.0,90.51422447067476,69.11726851103371,76.41813594583934,44.827586206896555,0.3132447282017613,89.0,0.04813587193608519,0.048135871513495986,0.033743462805408464,0.6446074345724288,203.0,16.0,1.5963180330063245,0.5650778072630022,0.7308734500582162,36.090062855929155,-0.0032206292809636022,0.06145000376464742,33.56988606738801,-0.00033550935615611757,0.01045915463624919,1.026312811123999,0.038431829602515725,1.0547949918038422,330.0,0.9982129469269476,0.05435532522083323,0.9993835887924436,140.0
S2,amusement,5.439676194903204,2.089353304704349,-0.10338887388613505,5.165750289537599,-0.09211142310185148,0.8970831026892192,16.0,0.6681176419146048,2.557976583298454,23.506188811586902,5.200425900328933,0.5493127319671308,-0.0035828304524354393,5.008935004301912,-0.0038416190622121683,0.5508672198087377,12.0,0.6844527279900593,1.4280080934899235,18.493822412436188,71.48935878042286,120.41382184387562,139.63713478786676,66.17647058823529,1.9362363222217898,70.0,72.4781030005595,113.56760297914441,147.6896102714841,71.42857142857143,0.47644438979310666,72.0,0.043280654582709015,0.04328065457285483,0.02650701471669325,0.6366061010168361,234.0,10.0,1.3596452067250397,0.5200128137024729,3.1536567056805582,36.59624592921848,0.002257678611156908,0.04361764005711006,33.7671992957277,-0.0006232811247528393,0.013390720270286715,1.0257728903207344,0.038627897725875354,1.053702136999674,271.0,1.0011877902259885,0.06296127776303359,1.006341113795152,174.0
S2,amusement,4.358553673879396,0.7398347803674951,0.031210048572870526,4.166746724591164,0.029004791683656852,0.6302811497371755,16.0,0.5433823785187465,1.846207692739922,18.87022531511298,4.857938043958446,0.4453262934878026,-0.0061033795929199795,4.665897022395798,-0.003794221448442753,0.5728051456018461,14.0,0.5477133644327253,1.4924347365875619,17.554487297511372,78.77060268559084,117.3939237496274,118.2539639927558,66.66666666666667,0.6356302948139376,77.0,78.16019915717969,102.33260661511919,133.68281022629648,61.333333333333336,0.4169492753018961,77.0,0.04275534315889885,0.04275534208567611,0.0288396665278419,0.6387731288548091,208.0,15.0,1.800566868649799,0.6082322339158458,0.9754078163328738,36.6884429860459,0.0036101533202784236,0.06623813485658325,33.77156368520462,0.0008717307738724971,0.017453222996766063,1.0257856561397096,0.04114343504250849,1.0539289945890717,288.0,0.9987254418238619,0.04394028673207888,0.9993832569443655,120.0
S2,amusement,4.465350808993248,1.0470684916663238,-0.03440638567588099,4.293113100937278,-0.03398378969969811,0.7177870926222745,11.0,0.9707415243863428,2.0701629088602114,21.124297082810017,4.328253005275309,0.5879215892966825,-0.02060701878708656,4.1536107483729,-0.01858935853741894,0.5590775157399115,15.0,0.5239255460977092,0.9653291106332405,16.52157900572997,82.71283225292889,109.03714092576817,121.60321448116386,67.0886075949367,0.6379286441409326,81.0,81.12858407289879,94.6701242438526,120.05752307707584,58.44155844155844,0.8032944950116041,79.0,0.03750050697406706,0.03750050695496777,0.026440715772547075,0.638939823303884,221.0,20.0,1.9414422880799935,0.6860463731355619,0.48368106063919086,36.750293405252975,8.937383210107077e-05,0.024332379446570903,33.780894267367934,-0.00020231462594189658,0.010362577885167486,1.0254019354976895,0.03591366646998435,1.0527389207617255,274.0,0.997000676131374,0.04970545731526635,0.9964809806933365,127.0
S2,amusement,4.698831313005269,1.216038031150616,0.01837247511927679,4.452357016349295,0.017795626126666866,0.8843718476556046,10.0,0.993330433322325,2.0701629088602114,26.16869320560936,4.7038578517621294,0.9328886134462797,0.03284345706196933,4.497112292950012,0.03190239806731355,0.6243663836360606,14.0,0.452693004358081,1.3073057131558916,18.46603701500974,79.87446516866123,91.27140587538621,117.478928754473,62.33766233766234,0.6438738545642401,79.0,79.85964366585597,98.77514980686917,129.54325760959256,63.1578947368421,0.6939082190913985,78.0,0.0486242572283605,0.04862425549763534,0.03544522001439125,0.6374395732622103,231.0,21.0,1.8590236266579865,0.687015943676503,0.4159600341378965,36.72348436572058,-0.001722636859034784,0.03736740027316458,33.79295790163552,0.001165018870087782,0.02501965549839012,1.0267502138530775,0.04676110352774561,1.056402602450473,415.0,1.0016332828640468,0.08222351553693366,1.01002993984826,198.0
S2,amusement,5.776371464374102,0.7612829172324176,0.01304235269377871,5.536981065523981,0.011000887474256538,0.7485077210746974,13.0,0.7626803896992621,1.7892138315007102,22.545490169615032,5.174685654569168,0.9079621693187245,0.0010814843379012321,4.9384468863829,-0.004691551862051598,0.7380885460082945,9.0,0.5568365353553448,1.4641826323811507,21.01523367277704,81.07841065752585,77.81751971473876,102.23778216767133,60.256410256410255,0.3621839061330761,80.0,83.40182415651776,103.49646959092613,139.85247877786256,67.5,0.6550236262665197,82.0,0.05272824986604133,0.05272824972551211,0.04015597444105736,0.6439406567761293,248.0,21.0,1.9304257909828846,0.6841155877665005,0.32538438807047887,36.67048781632787,-0.0013597650935315518,0.031727067656968276,33.83654437727609,0.0015648909925635814,0.032164162704716906,1.0296626112415048,0.059428526905818256,1.0637368427988696,434.0,1.0084251732298735,0.10091506863937366,1.0271051810821896,210.0
S2,amusement,6.082486914944658,0.6451093674160425,-0.01295998868444457,5.81785855947403,-0.011499775311890836,0.8586054962077321,13.0,0.8103623388281723,1.922116104531816,25.589457208220846,5.6444431178535215,1.3770243221896246,0.03175358749879081,5.427678990328771,0.02959454816314563,0.7168325039940957,9.0,0.537131277956605,1.2213542851195252,20.11945470780048,86.31059446659394,83.06589328751899,105.5050960911599,59.036144578313255,0.6843146340286247,85.0,90.15636114998136,96.17053284896315,124.15528157901909,63.2183908045977,0.6478122256157692,89.0,0.06043418914782159,0.06043418814289911,0.04661825309075857,0.646441073512252,213.0,17.0,1.923665649190868,0.6768659851606899,0.9438780956113983,36.64281201495861,-0.00028722954196750994,0.022728207147659357,33.86489931107527,0.00013412175775096117,0.009969950316373828,1.0289641480038632,0.058920044332439386,1.0622387895014527,429.0,1.0052761389868201,0.08309860716540672,1.017485494129079,202.0
S2,amusement,4.8968400042248605,1.4176042206268507,-0.06826821236507835,4.7248118758836135,-0.05690290236093846,0.7540608809645556,13.0,0.8371926878986502,2.4225383108397183,21.340434149671697,6.656665192302046,0.9737422080119674,-0.0005913164944175752,6.362882407164835,0.0027570302508593933,0.784196809521114,10.0,0.518311832491438,1.097154229809548,22.63866456576016,85.16261725488174,84.36710150664422,97.43040042424809,52.4390243902439,0.670888176281448,84.0,86.14132386803983,95.62278874857749,95.3058646218862,56.626506024096386,0.685042831055573,85.0,0.051133777207080414,0.051133776960454264,0.03375613008853412,0.6457742957159527,225.0,13.0,1.8981146264327167,0.6742593025020276,0.8056997476314197,36.62558711626644,-0.0009333989072501968,0.03171612351818799,33.8778956511384,0.0006374965215560663,0.012429793843890938,1.027204384605734,0.05935503368318438,1.0586718677767764,466.0,0.9986084776468837,0.04582571524199618,0.9993188878056671,138.0
S3,baseline,2.265532464271853,1.483275092636857,-0.048460442972531124,2.223091180737961,-0.04849895340865997,0.3025064334979324,19.0,0.5154760763639935,1.47550702063034,8.628705409748802,5.2273979452467945,0.7782744681524888,-0.0104615110807012,5.029836262341116,-0.010370599983342879,0.6266137954194736,12.0,0.5354306406022403,1.1974524652888974,18.86009064289921,70.75366442143114,64.51405340004621,63.85875959076105,50.0,0.2397133323978161,70.0,70.76068564450559,70.597942321183,66.69622027995554,32.35294117647059,0.3610960183584001,70.0,0.020319326810702542,0.020319326802340887,0.014511976898881876,0.6451075179196533,201.0,19.0,1.8964455968121592,0.7059260995185687,0.4127703005154978,36.669598958594094,-0.0014383777908292665,0.03459880100706576,33.41121716629213,0.0002277001917994668,0.006855849294459667,0.9980527484812752,0.016234962918760355,0.9963728627720012,167.0,0.9348897762645283,0.026820695125569928,0.8747382434509585,59.0
S3,baseline,1.5408045040447342,0.8193262995688233,0.009364162510104638,1.4734309282585683,0.014271103392497184,0.416849643381057,17.0,0.5094761227006572,1.3937710257716216,11.36086722783518,4.8252228889004956,0.7686100527723564,-0.020345385311250595,4.621551266902188,-0.01458628269158992,0.6592923912749262,15.0,0.41418869807680936,1.1738054125343753,17.951559436327276,68.66093322978531,75.38895339000057,63.12744749208262,44.776119402985074,0.38583746450244794,69.0,68.85233321964358,73.97085369334104,58.11435834484739,33.333333333333336,0.2914453856618888,68.0,0.01887678169283021,0.01887678163916334,0.013098690641192413,0.6484414069011502,145.0,15.0,1.9923615504882435,0.7043894953843165,0.6021598031846932,36.622021590580495,-0.0015001787936477506,0.033455279473472564,33.43034598217151,0.0010046969155009136,0.01809748666440113,0.9977122566651827,0.011297178646143564,0.9955573733452941,169.0,0.9336569250643528,0.018523922856331212,0.87205838943861,55.0
S3,baseline,1.1418074479114113,0.9056214853598418,-0.035433382493805496,1.0975010263484304,-0.03333017256397264,0.2883679457650956,12.0,0.4317037409490163,1.4211680066792245,7.518037707261957,4.040466105835942,1.098625499897993,-0.04129830858855501,3.828044687627479,-0.038209170649064816,0.6246092400263256,14.0,0.4191249007121642,1.2334927876576425,18.834879464975423,60.525788216833845,124.22453794239593,64.95356431514307,44.827586206896555,0.8435735030387901,60.0,60.584688053627275,125.68644618640411,78.68869911578462,44.827586206896555,0.8278806916519065,60.0,0.015597450760271827,0.015597450568285029,0.011219924992530522,0.6471078513085514,161.0,13.0,1.8042272085215731,0.6805703687141847,1.4881522846208388,36.59578424192073,7.343341373274004e-05,0.022246281354227182,33.47565309914551,0.001711380124711504,0.032775858146302204,0.9976676543378344,0.012073779736307026,0.9954865246690774,168.0,0.9343872576347226,0.014559969855490964,0.8732915399523304,54.0
S3,baseline,0.5214913016034893,0.37832609571800674,0.003860702416229174,0.5087343266375122,0.0038354102651656278,0.2738198048996918,7.0,0.5881417650088782,1.3313414172347695,6.09344961260894,4.936483470106212,1.8360014755423115,0.0863005673746481,4.74236863277006,0.08316141859436849,0.6258908364290159,11.0,0.5869201087561084,1.5435226539577496,18.598724401939098,57.7136952061129,108.4338028955438,75.91861671313845,54.54545454545455,1.0039692490431202,57.0,57.411928575780436,109.65122647171276,89.88462737546352,51.851851851851855,1.369722062941345,56.0,0.00870481688899112,0.008704816886151651,0.0057994546445024045,0.6456076012668778,214.0,11.0,1.911323479931176,0.6725474298609548,1.4300335660396228,36.624345316608576,0.0018076047067849264,0.03952060990273173,33.49562875848866,-0.0004131192940928882,0.01496707818034844,0.9981334835558963,0.018022084628478513,0.9965952465297848,165.0,0.9348779553300122,0.01842242040934552,0.8743361769357632,56.0
S3,baseline,0.6755447450688157,0.5211654185228785,0.00036193778074216065,0.641478087861362,0.0019032617744218392,0.3406392783883142,14.0,0.47358578441611954,1.5538351830385857,8.730574701881876,6.3391416909726015,0.8321676087111747,-0.010720700672297958,6.111123607424042,-0.00990130364250862,0.6629861747761798,11.0,0.6535565499574877,1.7354170658274644,22.294456712535236,65.46543123874395,106.6875459595807,76.7694495688021,48.38709677419355,1.6580378538598106,64.0,65.65705283541202,115.45011060451381,95.1880632701018,56.45161290322581,1.8127697881750087,64.0,0.0075935662721504545,0.007593566237259749,0.003478419238882176,0.6471078513085514,32.0,15.0,1.948619918482969,0.6978534912292259,0.9290152785369581,36.6642232409069,0.0007416235979364458,0.031383644670331654,33.494904628544234,0.0006249311299768623,0.012490110127006546,0.99782352734642,0.0165623556930641,0.9959261033521555,168.0,0.9345731370149598,0.01856337236570622,0.8737715472235709,59.0
S3,baseline,1.0426483676092986,1.101676152385765,0.03338111239657147,0.9467965435637941,0.024891562133123525,0.5418217111224596,11.0,0.6398327318795567,1.4242232173149152,13.146552290738994,5.3081903524906675,0.9579268674291227,-0.04830357872266783,5.0973769841670356,-0.042550158537485734,0.6763817942193039,12.0,0.7102803394394076,1.7354170658274644,20.85271496062912,71.7081720157246,86.50518480374227,99.85496729133526,60.869565217391305,0.22726824540150703,71.0,73.38382955425064,90.04728961748226,106.74451621077043,67.14285714285714,0.7193097076724572,72.0,0.00812153000988891,0.00812153000702175,0.004016753264775505,0.6426071011835306,56.0,18.0,1.9232383303685714,0.7081640653129098,0.3343205680399171,36.65754205020409,-0.0008183961584137211,0.03984415729663729,33.51463969912993,0.0007014821310604612,0.013204879960855669,0.9973412514043847,0.013905912104938214,0.9948829461443344,168.0,0.934125323225024,0.017473626325083678,0.8728954471072043,53.0
S3,baseline,2.962209627652724,1.9023438565004427,0.09870610490394117,2.8503780143752766,0.08852396149079454,0.503712147923305,13.0,0.5709040387724836,1.2684133979723091,12.948067851525815,4.2738766640894275,0.5160843608927826,-0.017554715991197376,4.076946450097722,-0.015734898202799327,0.6381131069922338,13.0,0.578738748797204,1.1047078219976365,18.13762616571377,78.7437323059127,89.37964983435131,92.45197900019534,53.94736842105263,0.3121236242875071,78.0,81.03508971260204,95.86583442814926,100.06445739128765,69.23076923076923,1.775726147491306,80.0,0.00571397942358745,0.005713979339800291,0.004135714069745242,0.6456076012668778,227.0,18.0,1.9992327599041424,0.7080948683419293,0.4170069659952712,36.65869704447865,0.001021187590699518,0.045791988452860206,33.52639747708255,4.504602509748916e-05,0.005846772621945594,0.9977505168707166,0.021689394795843028,0.9959765237623924,174.0,0.9337438495500912,0.01658759083582407,0.8721527247423602,54.0
S3,baseline,4.316542821539851,0.6204022003505313,-0.008592407261064739,4.136052290501692,-0.00672776133086429,0.671361557846486,10.0,0.8519090827356527,1.957357516825529,19.75922742251747,3.763714886997957,0.554331534068971,-0.022972885778899686,3.609199686572689,-0.0191532061956075,0.49077684535394717,14.0,0.5136442452072773,1.2729460538962627,14.862656888333584,84.04120096789562,67.01714558131266,86.33840968916539,49.382716049382715,0.2942054643623043,83.0,84.64941123163287,78.39881630338404,104.00740139409832,69.1358024691358,0.45674914432455754,83.0,0.009608063188886032,0.009608063186483325,0.006964932214586702,0.6482747124520754,243.0,18.0,1.99896872893119,0.7056653328257846,0.6791150357884222,36.71109935396346,0.0027079270985816374,0.0539377262326688,33.53541703922371,0.00040183899304088174,0.010831891566458668,0.9978272756370592,0.023186906193038176,0.9961969046240805,168.0,0.9337248494026381,0.014635619312373907,0.8720562957446357,54.0
S3,baseline,4.024112027877714,0.9828386327810197,-0.01587247106426815,3.9058420059694727,-0.011109790009766118,0.6023439942445811,13.0,0.8608307084733924,2.181809461301633,17.36550723956374,3.1225024814171274,0.5457397283639466,-0.022185375252871477,2.9684433652414546,-0.019935980363481653,0.5678643965281202,11.0,0.6053197841164514,1.372653219413916,16.317559278885327,85.91043470501927,84.33052111226785,119.09209389908368,65.85365853658537,0.1662237984174097,84.0,83.64902203977287,91.12764368762446,126.48049040514114,71.25,0.309526701582223,82.0,0.016003656861424742,0.016003656798082532,0.012020102014075582,0.6451075179196533,217.0,19.0,1.989899982228565,0.7047217209039902,0.8269122992296608,36.69969645045532,-0.0022801234412250355,0.05363737809206435,33.538563960446105,-0.00026177669705512924,0.011395242874417608,0.997669899749517,0.019480072812815205,0.9957247021030038,173.0,0.9337786316735571,0.018981468352734558,0.8723028291109668,55.0
S3,baseline,4.364277158026748,1.2466921828578346,0.01563732367804934,4.171776585886216,0.015847618469082603,0.6999091029145893,14.0,0.7896174377602723,2.2227001242571536,21.99955380828208,3.9192034601436085,1.3921171791963851,0.0494273234214106,3.7797297645217727,0.04982777926346827,0.4795459993519926,13.0,0.5581540749751963,1.436050805922802,14.830157993366978,87.88459746519901,84.50062530629337,119.21310626723235,65.88235294117646,0.5921528903058014,87.0,85.69043007842356,98.42071030593407,142.27730178118415,71.95121951219512,0.30653616322369154,84.0,0.018351002236513165,0.018351002173138658,0.013957670691489572,0.6431071845307551,227.0,19.0,1.9243211676270966,0.7033986135424842,0.7567563986604806,36.67073681947325,0.0007558861480564189,0.028830858250703435,33.52995244159323,-0.0004785505909306596,0.012232020677744312,0.9979403347455474,0.021414875005799645,0.996343508583569,177.0,0.9341068891104015,0.027506007676277016,0.8733122607417995,66.0
S3,baseline,4.513612759839973,1.0938256223319782,0.0024745622395220593,4.340944170314584,-0.003114160395970748,0.6565564872585755,15.0,0.7614207074343103,2.2172760074971993,19.923376135168304,4.171855525831606,1.2019790428661192,-0.049268692925106446,4.010619965975504,-0.047633920731311855,0.4656564849506354,15.0,0.4855004337043738,1.310633273018282,15.4550789394247,87.31929866431194,63.376925981953576,83.46890932274985,56.470588235294116,0.35415252418175974,87.0,87.46947171052923,85.0775425364862,120.16311458656045,63.095238095238095,0.6940296679007651,86.0,0.015639426673229748,0.0156394266732146,0.011919711297507758,0.6481080180030006,210.0,15.0,1.9909244445326946,0.7047996580583005,0.673259282315877,36.70191749499016,0.0005076241438157675,0.02826830035734999,33.51094495061307,-0.000986550066135555,0.017801798995152978,0.9984501303837041,0.024165566052286303,0.9974866374458632,180.0,0.9345007407434802,0.02440045737817607,0.8738870167703772,70.0
S3,baseline,4.2529335066257845,1.0630603454853589,0.0032301535132426124,4.088912706802087,0.006314889323479509,0.5874764918442814,17.0,0.6289631566525349,2.0158450484118315,19.039865539740322,3.2679996893685255,0.615475862694447,0.0036597691032295085,3.1363253308236048,0.004611410071796797,0.3987198582927689,12.0,0.5118232912995836,1.1729670499682348,13.613106484873487,80.55808998172664,79.36614107403966,88.03039616718026,62.33766233766234,0.3823595704942063,79.0,81.46705782463533,97.23886889273979,98.96360478537241,62.82051282051282,1.0478793994581166,80.0,0.013480738907138067,0.013480738758860168,0.009476211223591702,0.6477746291048508,150.0,14.0,1.8831791308663568,0.7055930324438376,0.6370261900926093,36.680173889838855,-0.0020485838760569072,0.040934958388924046,33.49707918570892,2.752191146909295e-05,0.0069686496945042965,0.9982789594975577,0.02240539167875599,0.997062882551805,169.0,0.9342575104654105,0.013222217870748912,0.8730119229064481,52.0
S3,baseline,2.672694591252197,1.8709774357586284,-0.08967234490522137,2.5473349480529213,-0.07781053062731605,0.7170158525972592,10.0,0.8069688310155213,1.754597807715414,16.885068183729086,3.753500229066226,0.8968778726782252,0.041062264305600504,3.575709648378712,0.03660948684839705,0.629187847281623,11.0,0.49312738176943777,1.1436718237832082,16.357600025433918,72.71307153140877,78.01459905681733,78.93939809390807,57.142857142857146,0.6162459146258036,72.0,72.25311073018295,93.00244795543944,93.13413785464796,61.42857142857143,0.6441422735344247,72.0,0.011897186023304586,0.011897186020552467,0.007978284615870334,0.6476079346557759,135.0,12.0,1.9673728191638549,0.6954771721118487,0.6588018174768069,36.66507855245096,0.0011344489123511143,0.030754940339298292,33.506196287537826,0.00046313184915993864,0.010685812211033895,0.997921366239415,0.018716220267450977,0.9961973500982401,167.0,0.9338473607539346,0.010217903980425363,0.8721752987488425,54.0
S3,baseline,0.7259953950213235,0.7654676554124302,-0.03074755470176231,0.6723360484956296,-0.02656922487780852,0.23990497204059452,11.0,0.27474521728404105,1.165889540906183,5.480251951874558,4.776813590635853,0.7696208401089236,0.03291455729316029,4.602983852072095,0.029245444587410473,0.5106440556573143,13.0,0.4985503000328579,1.1483492321081208,16.08715582985099,68.84465289437834,89.52687338640078,66.94638288823467,46.96969696969697,1.2851621419030297,68.0,69.03377939227242,96.20763536944537,83.1192835538629,61.19402985074627,0.5080379099423803,69.0,0.012418248442865177,0.01241824793333955,0.009244331694479488,0.6441073512252042,225.0,11.0,1.879327438509778,0.6845869871811812,1.0627647905345752,36.7127310188122,0.002256417353653603,0.04545163176396381,33.51774768092053,0.0002850552834899528,0.009392977226726829,0.9975496198026931,0.017758703914811772,0.9954206155332312,165.0,0.9334722753713846,0.011959059885363776,0.871513508000372,55.0
S3,baseline,0.32544994856275566,0.04294768731919465,-0.00019073255338715475,0.3126356407900296,-0.0001697412837737549,0.04089919492182436,8.0,0.052281943685477276,0.13144848957741617,1.1599720104411373,5.415992133728978,0.6506860503093868,0.00034212911599849314,5.203561784496502,0.0036399729640846958,0.6692715876219907,12.0,0.4849471865672903,1.2493308769494451,18.916956580027822,73.4891823801487,98.5057373034187,67.02877846758935,41.42857142857143,0.25362680054153036,72.0,73.8433188205768,93.2414105364832,79.82524859028001,60.0,0.9286768515563765,72.0,0.013011682903648117,0.013011682898323287,0.009309427359563116,0.6444407401233538,204.0,16.0,1.9713988232396236,0.6974493382076189,1.73174850624705,36.82416397520037,0.0053683561872498635,0.09678162700785416,33.53458079944326,0.0007843663187736161,0.015486668779016574,0.9974224499053245,0.014918066642897545,0.9950740922875015,171.0,0.9336354813599624,0.013625335720548859,0.8718608618277467,54.0
S3,stress,2.979320789350863,1.1505539067679902,-0.04536190248126457,2.811832455350935,-0.03705110106277103,0.7280790574149827,14.0,0.995104140167224,1.984994136219154,21.729157190617226,3.92913659561559,0.9540872360405237,-0.04312101258099524,3.778230973461174,-0.037678889823693155,0.5033096268800441,18.0,0.46212546459142956,1.5037247928858992,14.294500146578063,81.48468500467396,67.07574910609273,57.45678420588959,35.8974358974359,0.94049741580268,80.0,81.44577878926813,74.28014199740245,69.74432001281991,45.56962025316456,2.4385541852591053,81.0,0.029294219900291855,0.029294219075033393,0.014514600284753107,0.6414402400400067,112.0,19.0,1.5539780088865214,0.5635986594991687,0.29642728586024114,36.73755543878789,0.0024601357838960384,0.047978607775303155,33.39512240391889,-0.0005153460892039628,0.014211423003442894,0.9996521982196661,0.04575348472788813,1.0013978987701557,369.0,0.9358305869616219,0.04860609241797335,0.8781414397130782,119.0
S3,stress,2.394729926939948,1.4025419283630038,0.025767357511495295,2.23697140787488,0.01781546975549461,0.6720377012482214,16.0,0.6723739942959217,2.0251104745850856,19.541607299478724,3.585252346737575,0.9477113194303575,0.03841566213241217,3.4060751342604716,0.03299449525256953,0.5823784552672568,16.0,0.4632694474735708,1.158415100956688,16.30112084483844,78.2778403470398,66.22575776172074,74.43647945519822,56.578947368421055,0.2701487220001393,78.0,77.87984579642172,78.47918616889739,91.90900731157964,53.333333333333336,0.2749113306987386,77.0,0.03497041153544195,0.03497041146051694,0.016933643796772615,0.6384397399566595,120.0,19.0,1.5714932800889443,0.5651125616097975,0.36291855359461844,36.795817128357044,0.001568574636422934,0.03774648835169149,33.37897061779565,-0.00037233107944954134,0.011980399966831663,0.9988724845749827,0.03578484624007473,0.9990267956614249,359.0,0.9378535930365827,0.06826135637440117,0.8842289747457012,180.0
S3,stress,4.048040126141992,2.2153484444397176,0.11673758852176422,3.892187286410397,0.10395914702274531,0.6554719213541453,15.0,0.5982562268585953,1.5207609361067638,17.717299261623886,5.070225263883503,1.3145270920835146,0.06265356057041732,4.908411874183729,0.05737809700877669,0.4875177162283817,14.0,0.4657242684553675,1.0860224579014566,14.744807523671653,78.98419756969615,58.47490076360972,78.16067367347112,57.142857142857146,1.0981314670841984,79.0,79.51849577166743,72.9700721067496,96.5983691733357,50.64935064935065,0.16658449019289862,79.0,0.039448440860827376,0.03944843573690684,0.024709969715652848,0.6404400733455576,125.0,17.0,1.598623786984756,0.5660441584265621,0.45689851170692164,36.83053674090235,0.00014239716245541083,0.02585285515035571,33.37367094284193,6.917573421865793e-05,0.008675648318108235,0.9983408690574285,0.018183118594871855,0.9970151166321763,183.0,0.9375506401462945,0.07009110727500442,0.8839139661577627,177.0
S3,stress,6.086587027752367,1.0492859717813159,0.030869385022188958,5.8825297935275,0.03119154557420561,0.6493683126104012,14.0,0.6595720540578675,1.7635491036973772,19.777061850514972,6.138228165373499,0.7598831842802484,0.014109118842414496,5.871398157303333,0.011494090902815633,0.7173645875915153,11.0,0.4624412834368016,0.9280018720498413,20.729818226540914,77.14941110517458,64.91059978857294,69.53176732017312,48.0,0.6448893033954702,77.0,77.74955426432854,72.96325266211127,76.71646933134154,49.333333333333336,0.5484157990208914,77.0,0.04751013707141245,0.04751013706840124,0.030571625770000017,0.6439406567761293,168.0,18.0,1.5985770803519017,0.5671026532652186,0.5097302360021522,36.857743136416005,0.0006486617789551375,0.03319812691538985,33.367243263217894,-0.000570325274729671,0.011856537852345242,0.9979500077086584,0.020942874311579464,0.996342821870142,180.0,0.9349867874887459,0.05284209932344774,0.876992580239434,139.0
S3,stress,5.704906047335246,1.33812115971747,-0.0448959200966689,5.46533494643787,-0.041480034054061934,0.8297678009474966,13.0,0.6115173684557654,2.2354374099006264,24.28912898349992,6.2701296673747455,0.733596003484739,0.012001559096984336,6.046477366171691,0.011382277329955434,0.5764377769851408,16.0,0.37048341050561,1.0637582713606557,17.974232390757237,82.48599059107724,88.89894348021647,54.62182991989026,34.177215189873415,0.7796159492733474,81.0,82.30581748358686,89.10547312973127,58.01234489149811,41.77215189873418,0.5745596609753211,81.0,0.045505355442073715,0.045505354699489985,0.02959939329081857,0.6382730455075846,170.0,20.0,1.5614606235952389,0.5658135193301126,0.4556089347072131,36.84626748663906,-0.001466411666109667,0.036877865291152404,33.34612408250306,-0.0007552923085073316,0.013685602508457906,0.9982786850408347,0.029547912059665688,0.9974334121139441,242.0,0.9352308358563745,0.053392543987406615,0.87750748009006,135.0
S3,stress,5.508878465824808,1.1012048836041575,0.031067747379184316,5.29660154962624,0.02426214826190484,0.719834433024781,11.0,0.685998925733049,1.699873557395411,21.903299536973545,5.217638314833625,1.219440955709417,-0.06660361708874916,4.9961212853254295,-0.058166642422037985,0.714413131527538,14.0,0.3829275449795699,0.8532687129647107,17.667559829960958,93.10487427158728,54.41508266097948,48.281581489333156,30.0,0.7328105516521288,92.0,93.64819539100264,62.412220369358344,67.57391913085475,43.956043956043956,0.3084886077237879,93.0,0.03804123453395635,0.03804123416558072,0.0266589740985085,0.6409401566927821,151.0,18.0,1.5964814319645053,0.5644291865886292,0.5357457693829832,36.8223039992923,0.0003605147254226911,0.022697924148547904,33.328356333483704,-0.0005179252101867643,0.010769770031756793,0.9998971817405518,0.045426476804495686,1.001857938847568,402.0,0.9349604235969392,0.055569045690122915,0.8772389125314791,138.0
S3,stress,6.066463437470074,0.5910584243285124,-0.002738426331502292,5.801317455740352,-0.001915888999147055,0.8601068077883964,13.0,0.7717494059863008,2.2163888710692294,26.048012323458412,4.172381306001413,0.5828069752349804,-0.003337274515445916,3.959345438117967,-0.001997651141696852,0.6888969284322892,14.0,0.342788490688601,1.0546803519040573,18.085593990417884,95.3195803741612,48.05969844375537,43.03037186948129,25.806451612903224,0.48896768359528825,95.0,96.40962750098383,66.26939924411425,76.80060944011018,46.808510638297875,0.6947481119519473,96.0,0.027353625622836455,0.027353619940267488,0.0151830562818925,0.6451075179196533,131.0,20.0,1.5957790582416806,0.5652814753897644,0.5943170386100936,36.83467146193143,0.0006473093290890643,0.024132175647084423,33.307036020093285,-0.0009878961277541192,0.01776594242117399,0.9999869797586644,0.04356159296034529,1.0018715720680982,387.0,0.9363556422496304,0.05256832727224261,0.8795253178049197,136.0
S3,stress,5.65436586121697,0.9868795971908452,-0.006798313519614994,5.399008978356096,-0.0055090915818879335,0.7649671737708755,13.0,0.8535974030271347,2.021035777682763,25.257485390962565,4.31633542900689,0.7616721303773722,0.0047520178459809406,4.109973724869438,0.0010266304814880711,0.6395406875431224,13.0,0.34235503810058315,1.1064972656304297,17.55151165161619,83.89621874303813,130.08219164158686,57.500687943050806,36.70886075949367,1.2293440684194796,81.0,84.21912768963251,131.0027847058773,71.7942821212978,38.75,0.7761348153256834,82.0,0.02522163747450914,0.025221636429609392,0.010505562359219036,0.6489414902483748,111.0,21.0,1.5583227060204006,0.5653044833097551,0.424220166894503,36.82743523783571,-0.0014862698429864007,0.04390047949046909,33.29101598893882,-0.00010196886147361933,0.005616862220417614,0.9989394809987975,0.03275902096850621,0.9989532401529619,294.0,0.9371345716405151,0.05178848987394007,0.8809032530472749,146.0
S3,stress,3.9116149548421464,1.7990678413255483,-0.07143014266507104,3.8006267926905304,-0.06246065579996428,0.5619076248245788,14.0,0.6790198740277277,1.5762396909560088,15.054070231644591,4.440227748375228,0.8422548583733555,-0.0063154409674826785,4.259701444602355,-0.0012042814166897094,0.5932279726119525,14.0,0.38270260989040394,1.1923894093651564,16.69871262715762,69.37343861696863,71.25489986694453,69.06626711884265,50.74626865671642,0.6409653434709748,69.0,70.04842963114403,70.35821238658606,62.906791834866475,37.3134328358209,1.378010902367827,69.0,0.04537142696822235,0.045371426054036476,0.024784981472379827,0.6494415735955993,192.0,19.0,1.5603180831341796,0.5622026472649204,0.789009576057928,36.76418730402279,-0.0031802080731997326,0.0624923364276091,33.28294348666993,-0.0005163028494866071,0.011769886346948538,0.9984058386201644,0.03540817898165207,0.9980679577296302,329.0,0.9355350144471252,0.03846092819730361,0.8767050062543807,111.0
S3,stress,3.4854206501672187,2.242430524278646,0.06581929472943146,3.2704045009679037,0.06447101933497616,0.7163653267542568,8.0,0.8364751801724934,1.459914992729588,22.198914493743995,4.503668832302683,0.7330968924801926,-0.002903690446959736,4.272683977311701,-0.0009156651266654454,0.7192956265739026,14.0,0.564191305494216,1.6931240023121923,20.438371217039197,67.66595930687126,64.24138952769226,69.2820323027557,57.57575757575758,0.9087204926578665,68.0,68.16606709972172,65.47237079419523,71.99509198015355,46.15384615384615,0.8997863876959057,67.0,0.0472696719716847,0.04726967192758282,0.031688494634397164,0.6471078513085514,180.0,16.0,1.5927727571647232,0.5658060226732746,0.8773459978822493,36.70506685218769,-0.0006279884458117496,0.022071607027587148,33.25318018657239,-0.001403178470604321,0.02513231536581648,0.9981919379187426,0.04141506565404197,0.9981023525891037,362.0,0.9354161643356294,0.03763061933876473,0.8764194640122001,123.0
S3,stress,5.546502620086022,2.303793166310344,0.09638247862974406,5.366977585944814,0.07906471588880783,0.9337019959648661,8.0,1.1736663702115464,2.4137463233872603,23.442338173541625,4.762260104602889,0.5879682460785974,0.02064429710247664,4.586021253266481,0.017445676546069173,0.530565945384238,16.0,0.4636038027470742,1.2994630070838467,15.467945809616465,66.24784909681844,66.13033459650833,83.85254915624196,53.125,0.5891609548440971,66.0,65.84849636359684,72.45581456724757,90.87804784478001,56.25,0.603859937313535,66.0,0.03315083588888607,0.033150833089451034,0.0215694499075831,0.6431071845307551,170.0,18.0,1.5839189054547602,0.5648132002662901,0.7236661755008408,36.69580193383988,0.00015182336571176926,0.02742272143807704,33.21942120418238,-0.000789509343215325,0.015159391162249593,0.9985160259052634,0.05530791879959772,1.0000932198715837,430.0,0.9353717573717446,0.04360138223613131,0.8768214050216073,122.0
S3,amusement,1.5435910468218654,1.1727924292069223,-0.04160620744974154,1.4442683987134632,-0.032887954048846875,0.6004191965094648,11.0,0.9044554311851711,2.1279643343079875,16.252919650220502,7.123950516293397,0.9272792593284238,0.03925169311761909,6.817589626937956,0.03448302298505334,0.8798801581259162,9.0,0.6037667039080081,1.18972129678499,26.265080052005054,89.56179421396921,104.04460792254689,114.01238322836608,65.88235294117646,0.40293330852760356,87.0,88.66737485964438,122.58644605319293,121.8802463767006,65.47619047619048,0.20284185670726423,86.0,0.014743618741807438,0.01474361861283616,0.0057402363746846576,0.638939823303884,57.0,19.0,1.8859186523644715,0.6872115112284612,0.7557034169044016,36.63474730434031,-1.0018439626215977e-05,0.02353400906152528,33.41046605349152,0.0006866793741454418,0.013783013741356046,0.999116822414134,0.03719068360577467,0.9996175717779809,317.0,0.9357244629765755,0.04231813623231893,0.8773710952669779,120.0
S3,amusement,0.9827963748079167,0.674325750332632,-0.020158061999700667,0.9399924632586347,-0.017694760531780755,0.3905677663942237,13.0,0.6882338506753781,2.1279643343079875,10.07167909547968,7.532409751639938,0.7283598110431757,-0.014100391242821449,7.240021317646868,-0.009236925822138009,0.8476501433358262,8.0,0.7050048989899705,1.183415968342599,24.55869139694463,75.21231798493103,121.83521028977502,104.38282736105265,59.15492957746479,0.43515854160981643,73.0,74.46770692390652,130.49539220003564,127.92302011641308,63.38028169014085,0.1780474355559704,73.0,0.02169154258457403,0.02169154251994061,0.01127813568130181,0.6412735455909319,129.0,20.0,1.83426842146227,0.6843252933267497,0.49938244410948657,36.57802616416238,-0.003504063614265601,0.07034727244809086,33.42671850691265,0.00037709178993146955,0.012921760577266619,0.9990470214848607,0.032639632280069046,0.9991602967331498,234.0,0.9352102761430233,0.04355314903808599,0.8765151373946435,116.0
S3,amusement,0.5845039704279441,0.3445458963521319,-0.005740400446261245,0.569778070914983,-0.005780988393937252,0.21539955225429577,12.0,0.43232651694401253,1.096111192248313,5.568356351240818,6.264753225929359,1.3523403554711577,-0.061143356231735536,5.953872872237883,-0.054311600973988995,0.9596164191897448,9.0,0.6062629590081291,1.0214401441902181,25.682580715040416,67.90806310946058,83.8450143507592,100.80734701459684,65.15151515151516,0.36973258395196823,68.0,68.30984291236365,94.46749318708771,105.37883723557218,54.54545454545455,0.7742942383800488,68.0,0.027213342528481472,0.027213342482743236,0.01767809707429078,0.6471078513085514,186.0,18.0,1.9195896295006891,0.6806322658655888,0.6550881501210853,36.482485187055104,-0.0025497536868768,0.05223185998700119,33.42239097142989,-0.0005927948764148745,0.013730017662170276,0.9997820021253119,0.04021375160305419,1.0011811975916893,289.0,0.9340651490065661,0.029964283326677395,0.8733755608639399,94.0
S3,amusement,1.4892417861487277,1.4411739176452179,0.06905515649695337,1.3914535877691314,0.060178188219898704,0.5536502252839621,11.0,0.6464193274591264,2.1497212243270933,13.751895961137642,5.298340553004684,0.5638813320388362,0.016346786145101704,5.067197132281304,0.015792960314096646,0.717247337895686,12.0,0.4932590050034566,1.1437362076864126,18.704007973175614,71.35361744440989,82.1790450488114,108.88100139036253,60.869565217391305,0.760290971557157,71.0,71.19247042700292,88.93824012500133,104.38663967328105,55.88235294117647,0.31319364448723785,70.0,0.02505432541426845,0.02505432480264389,0.01687999068476706,0.6467744624104017,163.0,20.0,1.933406806013418,0.6860168051755074,0.5856804646291349,36.43504556599684,-0.001203131291529038,0.0351756463445064,33.41609077789021,0.00040638382034334904,0.009086562943990014,1.0001267880321734,0.048888203767337116,1.0026436486071488,358.0,0.9346363584458821,0.02397775718453072,0.8741200553685797,68.0
S3,amusement,3.389620211380334,1.3920448896626492,0.06390061213063757,3.2824215573266473,0.05846090454588097,0.5099739169677528,17.0,0.6322338797527713,1.8405805314919923,14.9337349969877,6.9368937551534,1.615854676477807,0.08558825201737656,6.609934396793449,0.0791986629641612,0.9464017768942782,11.0,0.5429435814263822,1.2795689885905324,25.474964229033276,74.91013695563831,78.16142605909936,101.43416036468606,58.333333333333336,0.7553833504351425,74.0,74.15020726641976,93.30651781363015,117.86409725838998,59.15492957746479,1.8026362070396929,73.0,0.018493735903062383,0.018493735899267862,0.013554584235804568,0.6457742957159527,200.0,20.0,1.836452555517635,0.6836929354067875,0.6840902728332289,36.35693965628198,-0.0045661714952400555,0.08187973328390757,33.43881451634786,0.001167990325407373,0.02108231482290474,0.9994757959091128,0.04313540014276437,1.000812529353631,320.0,0.9348532205625728,0.03631299158632521,0.8752691773541631,91.0
S3,amusement,3.8288511684200226,0.7746718967098825,-0.019598937533119757,3.669447154299961,-0.016996707522092046,0.6633256656078421,14.0,0.6931354120541868,1.8985770213577817,19.73299512893487,8.932653479023964,0.8729599356689652,0.03864160853430035,8.582281248395784,0.034317611425079754,0.9135685216583803,12.0,0.5231376612509595,1.3004344177069918,26.42539079377671,77.75134278055434,82.143541459501,98.14954576223623,68.0,0.36113797930590597,77.0,77.47213071746427,112.55316561558848,128.52658308350698,66.21621621621621,0.5209145794599044,76.0,0.020055517531717235,0.020055517184014913,0.013615260087434265,0.6474412402067011,143.0,14.0,1.8395695918228454,0.6754511265740768,0.9685553201980894,36.25541695748961,-0.0021739670517824726,0.05433913717621868,33.45706142948977,-2.2966807802147798e-05,0.012977826859245674,0.9983094702499009,0.028349990362845807,0.9974255203442114,206.0,0.9375561253327002,0.05004689508422784,0.8815161798564376,134.0
S3,amusement,4.298740174857362,1.1876695569566915,0.05200206485315521,4.127232896632429,0.04711475908241361,0.560549066002203,15.0,0.6999766283567067,1.7639042543036085,18.455592139283038,8.912599777620786,0.8906217198404407,-0.03904563137572665,8.564593851772804,-0.03095093761317255,0.9971594840947972,12.0,0.5587424717730295,1.1274102158106167,26.3217204884665,87.64157876324002,98.30453454752247,100.06545476884251,64.28571428571429,0.13128921742563365,86.0,86.94727334130164,108.72700123133382,110.19219245077409,55.42168674698795,1.1765921656948335,85.0,0.016536053298903057,0.016536053297358598,0.010430072121654432,0.6394399066511085,91.0,9.0,1.575045416992767,0.5488645685083188,2.518039602051564,36.23106203139908,0.0004135537531583705,0.030431518214307784,33.4505818910597,-0.00048165848183361515,0.011991673924394257,0.9985697290483085,0.03083726208308009,0.998092440504393,247.0,0.9371483995024037,0.05026663931829914,0.8807738577182729,144.0
S4,baseline,0.4712798279430394,0.4198720961980397,0.014821402042296074,0.43018461575954825,0.011810934594583065,0.1900152623966282,9.0,0.132748782164629,0.6061667196148149,3.781285612141819,4.708905141582998,0.8075567078888451,0.015261478475056621,4.542736188671813,0.015029957943961975,0.5015505408582975,15.0,0.3984546789460507,1.2559982005336243,16.008540664955163,92.38553177501154,68.43862355065393,80.64347950402959,59.550561797752806,0.5161373355178291,91.0,92.24088780015666,69.81603143936621,94.40606118806643,55.056179775280896,0.5885737823744028,91.0,0.0228186289248576,0.02281862882056209,0.016316282692591007,0.6514419069844974,241.0,17.0,1.8385306433930697,0.7089315782932586,0.7595681338760861,36.3822931082201,0.0005827545802380541,0.034796700674235015,33.99128169699941,0.00018424953603367404,0.006151365599330749,1.0074376546685542,0.025101024204171398,1.0155606894601754,181.0,1.0029461803862747,0.024196981058668375,1.006486534643771,57.0
S4,baseline,1.559009748555558,1.5340956321906418,0.06688100361879029,1.4603068390228016,0.057794780825328435,0.5394677276275124,8.0,0.6855986082343519,1.5477570913468992,13.036224902523974,4.323950181057183,0.8264305183175051,-0.0356120857255455,4.132309228505376,-0.029648849179660874,0.6899430786674787,13.0,0.5218547252520265,1.2427487454478863,19.093786948346715,88.65516064625008,83.90623704992444,98.94207842834601,63.95348837209303,0.4959390134191414,88.0,89.13544421012527,88.59447377261166,111.58481919598204,66.27906976744185,1.6393020425346698,88.0,0.030570146805581653,0.030570145692290107,0.023069548151224258,0.6459409901650275,227.0,16.0,1.8868112855869694,0.705387357508135,0.8476555904375315,36.377429010007944,-0.0007317038665190125,0.0502206749200426,33.97737135330214,-0.0009787785589001556,0.019069531551232984,1.0076238276943734,0.024047641188671372,1.0158840671841995,180.0,1.0035396138478727,0.020379464789017258,1.0075070791470242,53.0
S4,baseline,3.4616649972534437,1.717455438678675,0.05316190656596562,3.361843224408765,0.05405469811905852,0.48492725182999,15.0,0.5845121703948305,2.15478385484984,14.43928608333259,4.043757148699325,0.703687009837808,0.011588410133217273,3.871071989093019,0.014986029425030356,0.5411002276425371,16.0,0.4447737372142756,1.4596507681408575,16.12723325608969,88.23488876498122,103.39042427581352,116.14850920470772,67.85714285714286,0.3421745229559617,86.0,87.240214626037,99.17824827764461,113.8163450105751,67.46987951807229,0.8503747450988473,85.0,0.028147642430026112,0.02814764240528333,0.019703651243079615,0.641106851141857,241.0,13.0,1.9859423010695385,0.7029453791059036,0.988234958566703,36.37722456329749,0.0013962119245229333,0.05520819876337941,33.96797487968332,0.0004375078943573504,0.013485730928564215,1.0072691359308876,0.018160470994751845,1.0149209149057081,165.0,1.0038158658538108,0.017788227489769465,1.007962713577064,55.0
S4,baseline,3.505867710655823,1.3912690911778136,-0.048927115004188594,3.334305541580492,-0.0474788713702926,0.6549046972800162,13.0,0.7067310833860907,1.6476194839167464,20.336916168869603,3.3712982466175423,1.0625228532207087,-0.04388880820658554,3.2468666380304785,-0.04157817680830545,0.40372375541160643,14.0,0.44375236275156854,1.2371203632499084,11.92043466086067,91.12175432688669,94.23390438495144,111.72626647610474,68.96551724137932,1.5210311786992745,89.0,90.69819363568085,97.05199735945419,114.16275659221162,61.627906976744185,0.24621350900066744,88.0,0.017965899712457507,0.017965899294380316,0.011710123090727104,0.6494415735955993,243.0,12.0,1.741649762581732,0.6767686724099417,0.9959562870025144,36.40152626199769,-0.0007371099530644546,0.038854196171041556,33.97988443703971,0.00021693780457897173,0.011037060696267087,1.006907002446617,0.018183594519788304,1.014192354685692,165.0,1.0029777925395786,0.015362848016729483,1.006200469426751,56.0
S4,baseline,1.6912936170431228,1.3255389428875606,-0.04472439158290735,1.6334608900886691,-0.039984736966910295,0.5509481633090981,12.0,0.7569190054316094,1.9135867077994169,13.895860697570836,2.9644050861633766,0.6473895610655493,0.031048975427197863,2.8296270217509663,0.029214386786151094,0.4385920976650695,14.0,0.4276419957414776,0.9262857521805719,13.52508779727911,91.88203245067405,100.22688765592348,144.39529078193706,73.86363636363636,0.19618050880793286,90.0,93.11529081283095,105.89176062196057,144.22666147636497,70.78651685393258,0.22295112614624177,91.0,0.014040719547291487,0.014040719261600453,0.009319058464203571,0.6446074345724288,215.0,9.0,1.5219896136389763,0.5179336040522243,2.943236951045566,36.3657569097977,-0.0022282215807839754,0.04617556493808574,33.97209655608206,-0.0008917234194475049,0.01646841916836156,1.0075610617296624,0.019111190097529613,1.0155445307007485,166.0,1.0027231933143759,0.01855156274546024,1.0057979628908778,53.0
S4,baseline,2.076562122277469,1.9240805536902659,0.07657273166789227,1.9025578600322255,0.07378774134775727,0.6471829497775567,12.0,0.5898953451364292,1.4547178633577147,17.144502662875098,2.767723626337736,0.8468510101062615,-0.032879013958781005,2.6715689366999316,-0.029899717510595947,0.39694880536747806,14.0,0.48863785082431693,1.0526467489041358,12.511798352410466,88.89269411438106,109.58631148033797,156.6995912718415,75.0,0.48933065168653944,86.0,89.8172572376185,108.5189469345918,151.57529130377262,78.82352941176471,0.4028499059444514,87.0,0.009390672351516012,0.009390672212574953,0.0059317510060193325,0.6347724620770129,196.0,6.0,0.9838079654091278,0.37523080977735246,2.553241077532633,36.30496298395875,-0.002123938190172774,0.04449193781530139,33.957639626614274,-0.0002729105935354328,0.010690079969989658,1.0079684021997495,0.027530649801934766,1.0167582365116323,190.0,1.0030901633311555,0.024222073150197636,1.0067765845994179,58.0
S4,baseline,3.822064373135216,1.6025569554411059,0.03745965963055202,3.7700768254883066,0.035421903620201096,0.3669751613176768,18.0,0.7605013999280856,1.7880050494808641,10.44150568132849,1.4838701302465358,0.7358393212255434,-0.03043675286613803,1.3967857879095746,-0.028007858445403527,0.4503072634625748,11.0,0.5533909957087285,1.1789747680398872,12.55927388899919,85.41602477532956,92.05238131131537,122.27019260637542,67.07317073170732,0.4025904449031416,84.0,86.84700925766431,104.18571433709411,153.9361812296455,71.08433734939759,0.2613836774281504,85.0,0.010341756123527274,0.01034175573078418,0.005667658359131437,0.6407734622437072,178.0,6.0,0.8565455480170434,0.36511236600650065,2.088814017570736,36.26915795014641,-0.0008353732980355258,0.035297545853714314,33.95245436753904,-3.9762348039811404e-05,0.00904462508135462,1.0074809024422196,0.030934186628409844,1.0159746926881505,194.0,1.0032395493262303,0.021996748063092944,1.0069734502576488,59.0
S4,baseline,2.3120525772441063,2.181666883396645,-0.11089468872030939,2.2160069019687203,-0.10204340335226961,0.4207049135691104,10.0,0.6347794894402553,1.6575677882416961,9.860780378457525,1.0898718905814884,0.5448949054507843,0.00255091233021284,1.0336224043844957,0.004557700341887945,0.3803626131811555,12.0,0.5108770860823042,1.3395192993177938,10.729170254518506,84.06761814394504,85.86743211966701,106.03400339769831,61.72839506172839,0.9048039420679088,83.0,85.50703992805845,101.70094643279474,152.46950914695105,65.85365853658537,0.768911725958704,84.0,0.035959368786686936,0.035959368716344225,0.02323796547529407,0.6407734622437072,247.0,9.0,1.5565421517440785,0.5344403973082557,2.3426744198671736,36.259618408894546,-0.0001724357275257566,0.02670702749089339,33.962431530452015,0.0007797144856741554,0.015600656660156685,1.0071032771650992,0.022496639385128435,1.0147631096603071,182.0,1.0035400162582386,0.021385781231893403,1.0075499158704841,53.0
S4,baseline,0.6365362171324906,0.6404602790901635,0.0248883604512305,0.5990239290195992,0.022452378378407706,0.19954066738991807,11.0,0.1998831648264089,1.0457591601557057,4.225614085306752,1.4873167939374066,0.6410818152418623,0.015109663382956117,1.3995133522078755,0.012728332079791566,0.44566772445554154,13.0,0.5914184282413404,1.550012310533639,12.939478129946556,82.31257536936782,88.11528696808755,107.86771082198239,59.49367088607595,0.5744523291931524,81.0,82.22770539033121,92.70495993264477,132.6061273698378,73.07692307692308,1.3948505569782141,80.0,0.03897279389824838,0.03897279388068284,0.028111469590355605,0.6429404900816803,236.0,17.0,1.986099914198978,0.6934835739685071,0.9925926830150421,36.23359372064877,-0.002087768877037066,0.04190115428610868,33.99048960440421,0.0008875046259762451,0.016685309649116867,1.007036356533691,0.016832184927612466,1.0144055458300885,168.0,1.0027473805538853,0.021210074193207164,1.0059521764549602,53.0
S4,baseline,1.5213986651052542,1.1813631072542365,0.051676352297027224,1.4312320208775933,0.043499511804717395,0.4849122375548409,11.0,0.694065755970334,1.5080253573797135,12.407665987693008,2.8566064514520466,1.2859795210609586,0.06041686071155152,2.7478367138581725,0.05723722890015081,0.44204651278561063,14.0,0.568471015306774,1.5571316191301927,13.4095807270219,80.08103417771969,112.49841823729884,144.65363916844834,71.42857142857143,0.3944038167356312,79.0,78.94604156768571,116.13341724210541,153.4117213579197,73.33333333333333,0.44710210623526037,77.0,0.022076101286551044,0.022076101118240658,0.015826141004179183,0.6496082680446741,204.0,18.0,1.9081052408352701,0.6980670293267883,1.3930082456031403,36.21828556935425,0.0008390787547086181,0.04175650161304815,34.00823824867219,0.00015919471898880573,0.005186329317870199,1.0072916539220178,0.02227149045872463,1.0151324953482073,178.0,1.0023703573422196,0.018398225638263484,1.0050848279850055,53.0
S4,baseline,2.9189479409387458,1.2963455726457804,0.059261141506729335,2.795243995705065,0.05164775186013696,0.5390467770946473,15.0,0.5962520563584126,1.3072378028679887,14.714210084595924,5.789530431738914,2.3152599376143015,0.1123352102488734,5.5168803173884715,0.10204407841578066,0.7645245307866266,13.0,0.5449359876868628,1.327773822018587,21.800628361428814,77.59483633711646,114.27136975614634,152.9175718607373,78.37837837837837,0.7230440735804287,76.0,76.7015875930031,111.49292740062197,145.4457123344875,70.27027027027027,0.6721200295350185,76.0,0.023815071758561582,0.02381507123899059,0.016996985434621355,0.6474412402067011,215.0,17.0,1.9128520280522896,0.6990868498541027,1.479450911656078,36.237910635918205,0.0008521710570985005,0.03726988141699434,34.01505051035157,0.0003216120414437577,0.007756372211731759,1.0079987233339789,0.028336102708730493,1.0168643609596515,197.0,1.002748378738968,0.01939611483536994,1.0058805203343357,54.0
S4,baseline,4.930112714449355,1.7243574431125348,0.07708576164667846,4.713156892902944,0.07255654377896696,0.7166002246884061,13.0,0.7209495762695556,1.5689262864867572,21.67874518821921,7.426342285283458,1.6357810732738658,0.0017553831933527617,7.224632575831572,0.0006441510370537813,0.524560575276081,16.0,0.5034779800703151,1.2155489883129897,16.425263470573476,79.98092269175382,91.75456131185567,111.90926775976266,59.21052631578947,1.241074892267229,78.0,79.33781449491151,85.8804395634243,110.64523212995717,72.36842105263158,0.8576443933794886,78.0,0.03212995724927559,0.03212995694673039,0.02281893280334882,0.6406067677946324,260.0,20.0,1.9628516307372308,0.6939686920187222,0.8326425576493579,36.251568372367046,-2.902341900133601e-05,0.021434639848476884,34.03088247916956,0.0006712074692270297,0.012845758188358307,1.007803076988437,0.025822842842984223,1.0163338611998545,192.0,1.0032592193279066,0.019965208619674022,1.006927670721668,55.0
S4,baseline,6.121925010476813,1.221730470482777,0.02006863572407157,5.904012660681248,0.014065856352881906,0.7757970234388077,13.0,0.8608766012596084,2.1594494242477227,22.887388569247676,5.809503557739409,1.7273645548933485,-0.09292372133046367,5.529437294881223,-0.08270001293748598,0.9155817639871087,11.0,0.5473980829558335,1.0841246642182085,23.024224051231766,86.9151778510945,81.66389408201557,89.16277250063497,58.333333333333336,0.8521207451201118,86.0,87.82186750014563,90.03645338236659,100.45469542700995,60.714285714285715,0.30405212521029584,86.0,0.04452593808467102,0.04452593736258404,0.033283697402965995,0.6421070178363061,236.0,13.0,1.8751429464910676,0.6315606098211696,2.5708980272789246,36.232069434217976,-0.0013084074529959566,0.03083016353556559,34.051104675260476,0.0005769971413770856,0.011015351909231945,1.0069434817001275,0.014924203486640574,1.0141579071880855,168.0,1.0031235864472943,0.014600454990480655,1.0064701029728114,54.0
S4,baseline,5.80428612120102,0.7918890949797773,-0.020299705557187214,5.569869929664663,-0.01967466840215502,0.7851296798882664,12.0,0.8421120547386728,2.241938991099188,24.866279913459028,4.9833350393900115,1.0789931813034739,0.026301429145006744,4.77448487410972,0.0299531176380307,0.6667298995111335,13.0,0.36840921098512697,1.1849073350684378,19.805756394635637,94.12812489726744,76.61402320931394,82.23525620217553,58.24175824175824,0.4721482381437681,93.0,93.78367359525276,76.91349675229591,93.00297614285562,52.747252747252745,0.5856390448540585,93.0,0.05496783217975169,0.05496783101056417,0.04327915163232297,0.6404400733455576,227.0,10.0,1.8362387198916879,0.6472890769149549,1.1645122965812291,36.17625435619993,-0.0020369859196291465,0.043730737774112335,34.06798184641341,0.0005276386013961008,0.010467698721994413,1.006887407492799,0.00901006181973454,1.0139034325815652,171.0,1.0029585052506333,0.013231690854977338,1.0061008408974663,54.0
S4,baseline,3.6212535698799493,2.22409060555516,-0.11793321193916305,3.465450633584514,-0.10640801944104737,0.663174590082392,15.0,0.5479205880150325,1.8715053937003487,19.045096213886737,4.656203392559716,1.2918096732720072,-0.04381741050787889,4.470525005257019,-0.043890647409325675,0.5310546236621021,16.0,0.377220105669408,1.1545770210399873,16.604580377654614,88.11968119070906,105.22524859165915,87.95290947839216,67.85714285714286,0.42881000770061894,86.0,86.5135671589717,107.43024901075343,83.69973122789554,46.34146341463415,0.6680506009247261,84.0,0.047091515159314465,0.04709151513111106,0.035396667763357065,0.6419403233872312,233.0,11.0,1.7499112571348745,0.669486419085278,1.6925569414350585,36.154028818940766,0.0004183389816125049,0.04237096880870572,34.08414674039812,0.0005282991034683133,0.010288367630607415,1.0069079938010614,0.008564000995567084,1.0139370500935305,169.0,1.0030485871975572,0.017006337272891543,1.0063956837864545,52.0
S4,stress,2.242405996965658,1.463113565093872,-0.07158269097341302,2.1191524420276346,-0.06431043744021808,0.5809792984658607,12.0,0.8160716659629673,2.080599447434301,15.865516415842462,6.133555723125088,0.5858099865063767,0.0040816888001712235,5.8916632718464355,0.0017726647484081692,0.6622361925956818,9.0,0.6095943210194998,1.2769848308615162,20.396718086954785,95.15686330042202,59.11000355159082,77.75379202272386,55.43478260869565,0.31704894995806626,94.0,95.23651326950188,69.71072707978176,92.98259282217711,61.95652173913044,0.15124146785038398,94.0,0.05085186441190396,0.050851864407368316,0.03864631426658089,0.6506084347391232,218.0,21.0,1.5768649721262178,0.5638595571970877,0.5275234591939966,36.39227661530756,0.002362597623822576,0.05044818414516447,33.97852670063701,-5.771556917639743e-05,0.005064106472381327,1.0069080255049405,0.012808251407429158,1.014027823130374,168.0,1.0031634188073608,0.041439929087302624,1.008054112556033,106.0
S4,stress,1.1776776021339672,0.8049575700849079,0.01512259145509614,1.0725401924339906,0.015333849461602815,0.5298297565540256,14.0,0.6060683489502992,2.135261976318268,14.621703886616352,5.643295290492197,0.668391376826074,-0.0169133883824449,5.418417765530828,-0.014560192944199104,0.6706514987940152,8.0,0.6254710511360343,1.0880779805903078,19.708756069910194,89.68228409903027,75.92008911019434,62.00150035693933,50.0,0.32975995734296026,88.0,88.76654017615859,81.99666128800794,79.99597875922926,55.294117647058826,0.17604593848531255,87.0,0.046875431155485654,0.04687543023459689,0.03560677430618079,0.6401066844474079,204.0,17.0,1.5797977436139217,0.5550874764864595,1.4737355544245379,36.3761150820172,-0.0033218147045104285,0.06987482988987302,33.979155058758174,0.00028488698588613763,0.011983026898666468,1.0071837254768794,0.015132093689625361,1.0146480371249176,183.0,1.0049290915328724,0.03928647513726495,1.0114259061377948,89.0
S4,stress,1.3593975769935227,0.7902507342678621,-9.743132412984308e-05,1.3301511791095164,0.0007083466399906193,0.32477301975892336,17.0,0.5985372785222123,1.8557169425450777,8.292770065273164,5.671293780772206,0.7760125041202465,0.01928752416704825,5.416559984449062,0.022258349536943348,0.7743157937543457,10.0,0.5611145394932424,1.179869733846668,21.455299332180893,88.29532744972845,74.18872669255515,60.29340028267665,47.05882352941177,0.3796788186596259,87.0,88.41396341377528,78.95633268415038,71.602745233685,47.674418604651166,0.2217007496834302,88.0,0.04822047738769021,0.04822047636380198,0.0359149847055943,0.638939823303884,179.0,15.0,1.4938590644530358,0.5519071673700704,1.4389552970606054,36.274031559361745,-0.0030545308606888793,0.056220109825487634,33.99690715547438,0.0009722389311601705,0.019668715560725036,1.0074841626287157,0.025372902785975038,1.0156681221434705,228.0,1.0043252191262113,0.03942000413950774,1.010223082499271,84.0
S4,stress,1.4307896069781443,0.8572608481608894,-0.004699619532072719,1.343749724111928,-0.003906547507526361,0.533696190895973,15.0,0.625177794513047,1.7651757450550292,14.258302979236069,6.071189144102789,0.547225556555145,0.005139188806241609,5.839393185701681,0.004668563089808298,0.6760982769770718,13.0,0.6015874685610194,1.4437386679065538,19.846922045856047,87.89962476853923,86.34903560985701,61.059276888262694,47.05882352941177,0.4868191920559356,87.0,88.2920543698215,93.62540883195152,79.78025887324729,48.23529411764706,0.32451511548802675,87.0,0.05577798057644041,0.055777980521339234,0.0404344131621379,0.646441073512252,160.0,14.0,1.4737257957435144,0.5534345926761571,1.1331262718377832,36.22241168394257,-0.000671926771745631,0.028304439411277936,34.0200429537668,0.00046521608196291536,0.010709500448032896,1.0078114363536304,0.03061088324520579,1.0166209174182192,209.0,1.0038304690072906,0.036874208765689226,1.0090353177794926,79.0
S4,stress,1.7749746561214128,0.9682471056516647,0.024400073026637593,1.6885234036869199,0.01777180173874191,0.5658820703785122,15.0,0.5370074673321742,1.6836423333421442,14.761477249651135,5.8559084864160775,0.5094573771821442,-0.008142169498378836,5.5914268643124245,-0.00841932387520595,0.7749456811670166,13.0,0.4683216512154509,1.0554749632464135,21.92171227857019,83.51075706952655,77.17124616440942,82.73451516749181,57.5,0.16474430873612397,82.0,82.69939622556825,87.50194250782324,97.73632002271356,53.164556962025316,0.1479848899198077,81.0,0.049035074561437283,0.04903507111868375,0.03320871920133887,0.6487747957992999,168.0,12.0,1.5699189083764695,0.5598046046780951,1.0308954624720466,36.22842507630824,0.0008987171612294415,0.025235864856305218,34.0175868083295,-0.0004951603598465459,0.01434526233834886,1.007693250172243,0.025304638645617522,1.0160860111796843,199.0,1.0037526936396064,0.035385673947703984,1.0087716159094993,84.0
S4,stress,2.9685312743848615,1.2319922966975225,0.0536879905133513,2.8054271089445972,0.04782989455584923,0.7149004833317075,15.0,0.6491961814723661,1.6878333783511932,19.17198950821805,5.727569733532239,0.9775064764102638,-0.006086606196833127,5.537621599272135,0.0015165272865264518,0.62180370742129,13.0,0.43219889616471213,1.1371456264939068,17.182518057294423,87.49543681355989,60.41940252667716,75.9150527767398,46.42857142857143,0.4601257487952751,86.0,86.9651687618618,71.72822899604425,89.1251346172095,52.38095238095238,0.326192633183148,86.0,0.03797567963795977,0.037975679565930016,0.027576250520409518,0.646441073512252,189.0,16.0,1.5461727651801693,0.5677051964739214,0.6716196013286754,36.2570525763595,0.0014620280999456644,0.0429878767801174,33.99821452045542,-0.0005873987554794015,0.0134010606868725,1.0070353603186049,0.013970585378326253,1.0143153941878351,173.0,1.0036205558487976,0.028189103473811074,1.008048845676907,64.0
S4,stress,4.976684665184629,1.2980657509618385,0.056238950726431945,4.777444390842009,0.05302972358128808,0.7104734722951422,11.0,0.8661882052537062,2.141078777177784,21.888900929458888,3.90697362008776,2.185823254817054,-0.10437392451940049,3.7005909672123876,-0.09753410006773143,0.7401117061970929,11.0,0.5368027086874162,1.570807690325994,21.03087775743944,87.34090032840523,59.74684395444739,59.289915817506206,44.705882352941174,1.0128133049230528,87.0,87.45454059365495,67.04993891036023,84.29666843252781,52.94117647058823,0.848832451124034,87.0,0.03946992182455452,0.03946992177292753,0.029459106931434217,0.6496082680446741,217.0,19.0,1.5818367937982662,0.5639572863438703,0.5335057591645365,36.33906305956527,0.004390432290817855,0.08140066975627307,33.99414543393006,0.0002454400575411821,0.009615021456566376,1.0071898412749989,0.01801673996943178,1.0147559792866832,182.0,1.003378369510732,0.02318968976667443,1.0073059141134897,54.0
S4,stress,4.9375023141206205,1.5733401890588659,-0.07359990491347462,4.739874019963835,-0.06601013140211985,0.7407850323780583,10.0,0.9336610344976645,2.1985678525566215,22.324175649751986,3.574928091874262,1.9119648359598855,0.09925883700906746,3.364180180031332,0.08754618575076532,0.7716227225004012,10.0,0.5513839242524963,1.3897247578717313,20.381138549746588,86.12081194623266,62.43809258907928,63.29259341307108,51.19047619047619,0.6222688790966272,86.0,85.12771202902191,63.82693648886866,86.43663237113446,60.24096385542169,0.11038499191491788,85.0,0.04338998099922023,0.04338998088293525,0.02974836722482025,0.6461076846141024,205.0,20.0,1.5149465157332684,0.5645807197611132,0.5409860700404765,36.408548156714545,0.00041570803020333786,0.02746203595369046,34.0099862122295,0.0003309533256180563,0.014864603798411695,1.0073069795510585,0.031112758375208712,1.0156353547859909,235.0,1.0032588272043836,0.021174626008731753,1.0069766391501254,58.0
S4,stress,2.45598272333655,1.7212558030107667,-0.08669925799450738,2.3162301306725075,-0.0732571236377904,0.7832743817212169,11.0,0.9410754920449904,2.1894912479740958,19.788870418372362,6.484818652484142,1.6333895654883535,0.08458655134271809,6.2146041767484625,0.07626494371513713,0.798891609614992,11.0,0.579043542152506,1.1989265749552889,21.71959679949957,95.5573213190811,84.38222550572858,73.28473356650007,52.17391304347826,0.10043012583647123,94.0,96.29501507212636,93.24735959500995,104.96748331911091,67.3913043478261,0.10374278051999544,94.0,0.04598051422719799,0.04598051390766654,0.025888941853292817,0.6482747124520754,214.0,18.0,1.5947344162696657,0.5634304242339618,0.3834906151434663,36.415899806436315,0.0004267146519465142,0.021437112305311833,33.995543643391365,-0.0015398745164224808,0.028215512342239905,1.0079403604785153,0.038434166685709426,1.0174209554503844,267.0,1.003068937155483,0.02515222316697482,1.006779927016472,64.0
S4,stress,1.4033156236337534,1.1298854416300068,0.024476086170623773,1.2939728453354344,0.022742910991872124,0.49336968087649336,11.0,0.7721910153135979,2.035631299766123,14.395222993188767,7.2946327644509035,0.9764959057026292,-0.03078677838932966,6.985901448747189,-0.027086137342758866,0.9146933494354573,11.0,0.5488755980396323,1.2317237428334487,24.02897804356546,101.84855854973792,68.71197717319814,76.27153426262997,48.97959183673469,0.5129334551644403,100.0,102.38989882765755,79.71196625937077,101.89921616529757,58.16326530612245,0.3142157316823804,100.0,0.04687569180223637,0.04687569159523436,0.02861909936468851,0.6517752958826472,193.0,15.0,1.4858355490126087,0.5412945557228301,1.6059995933615767,36.43435306400209,0.0011046203434580777,0.027517676443898426,33.972661087295656,-1.3918097873081589e-05,0.011097800875266689,1.0082158676962796,0.04031809537187154,1.0181247846889774,305.0,1.0032486030321839,0.03191256181210763,1.0075261710874401,73.0
S4,stress,2.3072047289085678,1.2656925370447583,0.0565134705620021,2.2137426204169213,0.04811615987492912,0.5420326939473097,12.0,0.9721537087169976,2.121504325341075,14.59943835201213,6.284997255217429,1.0478338380294463,-0.042784980641143625,6.007336066332933,-0.03277338192807605,0.8764190961322511,11.0,0.4646119653093741,1.083327627251185,22.645391597405293,93.06777205505405,96.65413841067593,98.31158903875892,60.674157303370784,0.9552429556465563,91.0,92.46197029577002,98.93498533994313,98.25808866773444,59.09090909090909,0.7036373941599494,90.0,0.04343012859695983,0.04343012856375132,0.030557715273332064,0.6424404067344558,180.0,15.0,1.5635616245181427,0.5475958565283497,1.6326904364344423,36.442660887458295,-9.583239008308508e-05,0.02203529983486339,33.97794914078192,0.0001751650864139021,0.006793734729911133,1.0074758750473165,0.033359156330673156,1.0161204721134507,251.0,1.0030886575283982,0.035972115934552976,1.007480847986933,101.0
S4,amusement,1.5245920180949006,0.7116048670779476,0.02482190580676827,1.4526156137753798,0.01981397465102071,0.47797324289150744,17.0,0.6262359074785296,1.6890020367909142,13.422171371605037,3.860108513254692,0.45676604155788947,-0.0016962480097002664,3.688481471671179,-0.00048211955427448176,0.5317923029432716,12.0,0.5626981876329823,1.398252010702707,16.77974112924212,89.03232655827404,55.26273180783276,62.849025449882085,44.18604651162791,0.43656634128889354,88.0,89.77012403399328,50.32820096308626,55.117022652530366,32.95454545454545,0.4541101596330022,90.0,0.040670734654361856,0.04067073365431177,0.031573012977893083,0.6521086847807968,222.0,9.0,1.6481215576006207,0.5685984382590259,2.615769186587379,36.398438894089445,0.004985960482073993,0.09510332004215837,33.99841180458778,0.0008739630701056674,0.018990953543570156,1.0069369333901046,0.013550994413007977,1.0141056172746494,166.0,1.0032114105189653,0.030776664450608088,1.0073803372701573,66.0
S4,amusement,1.3509419182955238,0.8085942617988293,-0.0254849121494126,1.2873450593748001,-0.023781823687264024,0.45872252782608447,17.0,0.5719682459485642,1.5420054775594179,13.154976829305497,4.086862733564855,0.6194103092031971,0.025305705570480112,3.9008962002547936,0.021384445220747533,0.6300965589661612,8.0,0.8466336049787875,1.5273427380559212,17.822477338033607,93.5193265959798,66.77098066049227,76.11394966320731,53.333333333333336,0.27613618690114383,92.0,93.96320558054151,62.26884623856353,66.04798923410259,41.75824175824176,0.25061329577082764,93.0,0.03842449307786389,0.03842449307771296,0.028866301748470657,0.6534422403733956,234.0,7.0,1.2960295949732294,0.4786356092295869,2.181564168715241,36.52312582144245,0.003958125272776227,0.08341220088718375,34.025945615464174,0.0010104095548702026,0.018975962692188417,1.007052345537274,0.013300020854280304,1.0143313172068493,167.0,1.003441700471631,0.03861430742056634,1.0083863109829685,86.0
S4,amusement,1.2427776043098309,0.6801008420966986,0.02169132140496165,1.1613792821148394,0.019790297962309505,0.42525979152369925,17.0,0.524375810046807,1.4661919740766538,12.463345059155861,5.334796889114255,1.1300395100195493,0.057264136958684646,5.119024954116566,0.05420495620107712,0.6156556049012318,12.0,0.5518072492356747,1.3981667787552894,18.568979779065565,97.20325795430114,53.975856242498494,70.88348245611516,51.06382978723404,0.15182692081411273,96.0,97.58942128110787,55.98721980501408,73.67654338534597,50.0,0.331768067005951,96.0,0.036792247181984705,0.036792247005830496,0.02766916179674361,0.6541090181696949,216.0,7.0,0.8244765158136704,0.3939994269619994,1.6221693294269044,36.55220193465696,-0.0010751758525894219,0.03391897370323111,34.046813601228685,0.0005380708386634004,0.012098533577540885,1.0081448045872305,0.030880574229026844,1.0173095568809398,269.0,1.0028249632259172,0.04100604984058123,1.0073394029925904,87.0
S4,amusement,3.4107788281096583,2.0042267041158284,0.10628224568081115,3.2427091275970645,0.09666824317951195,0.5985007046345049,16.0,0.6260693024405491,1.7505127807983865,17.349001795454107,5.563243419215004,0.9887987541259675,-0.03508304896962639,5.352511022473752,-0.03263573242499046,0.6743019954491547,13.0,0.5669276650808983,1.3616040499516933,19.47663792771121,96.81312983271076,51.887767590559434,72.42751328639595,44.680851063829785,0.6072180926057339,96.0,96.33249183420705,63.72309017057842,87.8371719922844,58.064516129032256,0.41483663136117727,95.0,0.05113298089441072,0.05113297981190977,0.039751945706897045,0.6531088514752459,232.0,6.0,1.0063874462673457,0.36697347020382765,2.266110323880989,36.57444105366923,0.0025625373070248874,0.05435417214678801,34.05478421096472,-1.8602250982952936e-05,0.005194629803131623,1.0084499349181508,0.036598383259055,1.0183107128935995,271.0,1.0025408311283222,0.03255975322435247,1.0061482556094974,67.0
S4,amusement,6.375301193737367,1.7087274487599375,0.06758844324324824,6.1914595128322,0.060837349059796965,0.6360746086033057,13.0,0.736162382010003,2.163546681648069,20.443261486472178,5.257752772723356,0.8718190486203868,0.022031293443819367,5.028353342455315,0.0230619033693183,0.6405199862032086,12.0,0.5875295179290729,1.2751320406722044,20.673947072680786,95.02960806457807,62.726168622147235,82.84348784461565,55.43478260869565,0.7789941577024887,94.0,94.29553871747751,66.95341457094784,86.78253015878755,56.52173913043478,0.578242324084143,94.0,0.05252780074171295,0.0525278007228142,0.04064179474432066,0.6429404900816803,244.0,12.0,1.778511022150907,0.5842673609674054,1.9976643386508541,36.57060670164361,-0.003058297702463496,0.06336772396046957,34.05977535970945,0.00021672598807063068,0.007490340236720219,1.0075679616292872,0.029813815709922975,1.016082060908982,212.0,1.0032854641892073,0.021663995598175098,1.007051051358631,56.0
S4,amusement,5.266414797452421,2.568640689755684,-0.14163826339158328,5.07799351366326,-0.12955549340957162,0.6253104780792299,12.0,0.7472764658235692,1.6813287913077657,19.68831839489302,5.133799125719226,1.0679265523086323,-0.03049384399099098,4.969236653666892,-0.026548065973980326,0.5749819802715025,11.0,0.6612298586089356,1.255013777724086,17.069663344762798,87.36756466262429,76.01434453151197,72.08654928788948,47.05882352941177,0.6414215786088369,87.0,87.9465022381185,75.20314201148416,69.00853794150062,47.05882352941177,0.12963803945351857,87.0,0.03831929430222171,0.03831929189190227,0.02826039609015053,0.6384397399566595,230.0,19.0,1.869186993387059,0.6889160729060316,0.27463387524502286,36.482599220118416,-0.0025359933242905153,0.0528057722432099,34.06347085830995,-9.810724626883654e-05,0.005707384875687553,1.0073060213002314,0.03394931197521131,1.0158179763312927,219.0,1.003045082298512,0.026201880443248535,1.006785975661991,65.0
S4,amusement,2.6093816977089412,1.084970715229783,-0.02585110495834846,2.454619869038169,-0.022365853609445346,0.5937215866288563,14.0,0.681881049644937,1.559064996137768,17.641110178402382,4.39939811818843,0.8037236590030585,-0.019076455181549573,4.185056359411765,-0.016237246849298892,0.6638040862779233,10.0,0.6707072757668024,1.7028841858161616,20.261770917527166,80.71575239198228,51.03424018133403,58.58024897198972,39.24050632911393,0.4163319712860864,81.0,81.34512973835422,56.690816233090615,61.97864034630975,41.77215189873418,0.7380872134405816,81.0,0.026546482968899943,0.026546482827352492,0.01923362836332857,0.6479413235539256,220.0,15.0,1.8815568192306755,0.6541560848535619,0.6216653900152856,36.44649776630207,0.0002973634066001098,0.03346152943157102,34.06981937952768,0.0004298006166464731,0.010872483249489069,1.0071024930084171,0.0313898743934382,1.0152407556382046,227.0,1.0040189144845828,0.03975992082154032,1.009634831946535,78.0
S5,baseline,7.433864316647516,0.8178135340370428,0.00256002836803314,7.129299972661061,0.0006366744159566883,1.0132797058919882,15.0,0.5789463035269417,2.278375109544484,26.64128762544472,3.6760794133431736,1.1123249226498673,0.020819645619778213,3.531304110743626,0.019697182200834766,0.5219407899303782,12.0,0.4923386239146759,1.4466489049208624,15.926247509476298,62.16779400862743,155.55409905341725,204.70752896215933,81.03448275862068,0.8003672278066164,60.0,60.103674783301116,137.80546782023157,181.17349447545143,62.5,0.09067678605907367,58.0,0.010411326704828796,0.01041132668863126,0.005821276528891725,0.6422737122853809,149.0,13.0,1.8171565740091955,0.6347051961459741,1.2629814813457172,36.8498875294155,0.0014079882410008167,0.034403295211676926,33.3590634696112,0.0005801150152665907,0.011512041252386132,0.9824306402934041,0.01692453360432167,0.9654564028250315,168.0,0.9229859289882794,0.02154302988091328,0.8523671272468069,60.0
S5,baseline,7.059197787016943,1.0468002972170938,-0.028426210061830673,6.7378460893543854,-0.025312834241461968,0.9718138891838145,14.0,0.5892139044461534,1.9511734013780488,28.14951758146497,3.6969943772454723,0.7826451852761038,-0.031742126829716014,3.536598563931185,-0.026178405251638046,0.5510520665766049,12.0,0.3910520972825169,0.9573205046786506,14.786082905108119,63.25866075380604,135.48072675625968,177.06872488763554,81.66666666666667,2.7744409455264525,62.0,62.56299828621487,124.34832690345505,145.64254633205002,65.0,1.9082268839434244,62.0,0.02868145999820645,0.028681459982334536,0.016531158118617276,0.6439406567761293,213.0,11.0,1.8262939197171213,0.6224646452313966,2.1715775371835107,36.915019940871005,0.002173505824090945,0.047285489048396814,33.38714048934511,0.0012157301400067765,0.021822637682703507,0.9824078485027521,0.0218916789181193,0.9656044264056606,186.0,0.9228221925778873,0.0247339799396786,0.8522125688779156,60.0
S5,baseline,6.4248499877832215,0.9886674668459592,-0.015946202464893415,6.13721155060723,-0.009976351198712343,0.9564359969520545,13.0,0.748532989074782,2.3212986271738387,28.881289039682716,3.532600834972909,0.6819054423417197,0.007759696791413563,3.3563781351623216,0.007569784866043725,0.5807682664685713,13.0,0.4596356735075912,1.1494918566061454,17.10320634682111,64.68606992677675,126.7030427192111,151.4127024116969,77.41935483870968,0.679100250751046,64.0,65.44670514987315,105.77968197074304,131.94241798340082,66.12903225806451,0.6663769771840122,64.0,0.05037393738903967,0.05037393735246158,0.037529794015928916,0.6466077679613269,227.0,13.0,1.994228615508218,0.6987954093772455,0.42879352710703195,36.98420547906586,0.0022996895680873325,0.04635231850223511,33.411734103293036,0.00043000304923910485,0.012081265571876212,0.9829054191811853,0.024375814109152037,0.9666972433692254,182.0,0.9228241720597913,0.03101240998884608,0.8525662221111557,66.0
S5,baseline,4.7660866857751,1.674309117995622,-0.07968911310637065,4.5473046782929485,-0.07565341069094594,0.8490903065082782,12.0,0.8254133913927356,1.9461757218739593,23.745693066487288,4.569672570454088,1.1263280001315041,0.056576255362640854,4.38758424228665,0.049279904818451674,0.5590168310053747,11.0,0.44287453434087976,1.3594279508645357,16.668787028435368,75.55656512897944,160.94752134707338,184.8242408343668,72.85714285714286,0.7625804110204256,72.0,78.71119442679311,161.51442307147758,201.60017951001984,73.61111111111111,0.289160414845045,74.0,0.04764879078421873,0.0476487906640184,0.035969116489850954,0.6501083513918986,220.0,15.0,1.884163313520562,0.7073419148577781,0.5438093153197833,37.00847792996523,-0.0001276763461127566,0.03034036947910263,33.41896669326639,0.00013205436991156754,0.00775592113207038,0.9829541278177721,0.018384448657781664,0.9665368053464475,171.0,0.9220230950329681,0.028194651194174556,0.8509215261301349,64.0
S5,baseline,4.712999962581776,2.0372560357123373,0.08750904385902254,4.435082515726091,0.07811444999260922,0.961838245929701,11.0,0.7758618246338891,1.8752028821430253,27.85316793234883,5.156296195583792,0.5921349409711667,-0.01070603491132667,4.9766527125564,-0.009001544667602068,0.4904350010445484,13.0,0.3551648729683564,1.2325797346602734,15.473676857766671,87.46050840809426,144.92275403523584,186.52110726882933,74.07407407407408,0.5417286166439731,83.0,87.73285251444523,148.35392258274678,210.55959259805994,79.26829268292683,0.4609720145036002,84.0,0.030223547876212224,0.030223547864278166,0.02272273467589895,0.6479413235539256,243.0,14.0,1.9670396695067254,0.6992485703205433,0.8013302549603333,37.005240893393115,-0.00018024776041581966,0.025279896115248817,33.43665038693731,0.0010973992267789155,0.01984106726270106,0.9825426482364025,0.015966615228526233,0.9656449884052587,172.0,0.9217885021657998,0.017512093655086637,0.8500007161492531,53.0
S5,baseline,6.175317924527389,1.4869084405115454,0.019280399598103827,5.976230955280213,0.020037295460706653,0.7560429397828767,9.0,1.1090780002345981,2.236166360741107,23.644448193104758,4.471095533809017,0.5813452598556514,-0.02685023238624495,4.293629226501211,-0.02172627492868592,0.5839787255495152,13.0,0.4984032356732252,1.3229858926569467,16.49494266429326,84.01947665990923,148.5202353388113,174.8992383909776,76.92307692307692,0.16927006964712998,80.0,80.9867281115652,126.94658589776937,132.97652686255785,72.72727272727273,1.6225469925359137,79.0,0.022142639338458246,0.02214263899164693,0.015198080025835293,0.6516086014335722,219.0,16.0,1.8982546114078707,0.7056624038556107,1.1092379766708715,37.01836743159328,0.0005345911250537488,0.02946046197066166,33.45514125478587,0.00011419081440249824,0.013532733732434545,0.9824914316748494,0.020955429352848633,0.9657285433338578,182.0,0.9224436970677885,0.01798380397065253,0.8512257914653449,54.0
S5,baseline,7.087713845543772,1.7298259864582892,0.05851469768211472,6.728534672414146,0.05392530561314732,1.0836773909599537,12.0,0.7595658068566554,1.9003796789362033,31.08915794317274,4.12194121053668,0.4714526636045886,-0.0030919371373320207,3.9501552085864944,-0.002072778987776725,0.5671510304000864,10.0,0.6231973373324817,1.1467915488160636,17.136635141136544,74.60364087954126,122.3932417815743,148.55643400575855,71.83098591549296,1.104059334457117,73.0,74.0775078465244,108.72069127073891,154.23435815639618,76.05633802816901,0.34575240322364936,73.0,0.015124542261470681,0.015124541672640919,0.010482200592194447,0.6506084347391232,179.0,20.0,1.9945634529762508,0.7082957647327187,0.35358159538971756,37.006364574191956,-0.0012876896544477881,0.04107435899153067,33.44667584334207,-0.0006285008412441275,0.014983074979124556,0.9822719460585437,0.0205807319656948,0.9652817425418825,173.0,0.9230936194172075,0.020139899273913353,0.8525074457515237,59.0
S5,baseline,8.044920614020235,1.5440811327363955,0.022722809934295082,7.795551424347626,0.01699247150819797,0.778156490551665,13.0,0.7291836829915455,1.94572688697232,23.490395743519766,3.913440733841858,0.8978424776324918,-0.029150440810676782,3.7949422077251826,-0.02417418431616227,0.43084942405100357,12.0,0.5096697156536835,0.9830106228136075,12.706552565034059,72.63211180095084,127.81942490491352,129.0826047172116,62.31884057971015,0.24459802890623278,71.0,72.72308989921274,141.633397076091,169.60582098167964,79.71014492753623,0.6194901268345188,71.0,0.013241262009079506,0.013241261369601659,0.008587622278319855,0.64327387897983,196.0,17.0,1.9886165565603682,0.7053467112114613,0.8952993563607649,36.94957404588857,-0.0024887533662438957,0.048451577186250434,33.45267369610818,0.0010616143612031171,0.019688983515109403,0.9823075208517551,0.02613378581051831,0.9656110402827115,202.0,0.9228907168104226,0.02277374502423226,0.8522459186372842,57.0
S5,baseline,8.197080137795925,1.1736422692102264,0.008236593567354374,7.801970423986712,0.008024555524157215,1.1605858701028442,13.0,0.8541291444374661,1.7887001907036923,33.61833930055188,3.6230699499717134,0.8439424715246046,-0.01698795094266401,3.4613577701020692,-0.013977308997457085,0.4939116200136023,13.0,0.4728969021475642,1.2513737782716632,15.884354337439607,69.90783280159994,103.17214149850321,110.87171556999024,55.223880597014926,0.43659047008753193,69.0,69.88631804878874,116.24439114752465,135.3028003206926,63.63636363636363,0.7199402420902495,68.0,0.013312669793389057,0.013312669590486664,0.00870992324534843,0.6401066844474079,182.0,13.0,1.9837527756653475,0.7031819155093822,0.7814871862175491,36.91233666002085,6.975338621316378e-05,0.026573457579860436,33.458290015580104,-0.0007402413056271262,0.023580630102643507,0.9829118409381687,0.029722295987224152,0.9669991019352119,195.0,0.921933792488331,0.02313292585705079,0.8504970499906249,55.0
S5,baseline,8.48833540007641,1.1022501578753499,0.03578586338836374,8.143699074683708,0.028639647958016053,1.0845449357458752,13.0,0.9182464497748708,1.9585831181491722,31.920965498203742,3.1695665517558798,0.7546090837071171,-0.018848565305735022,3.062486298645974,-0.015526112981638023,0.4139765175758939,15.0,0.5640764401677075,1.6179610497451198,12.701634737188007,69.66108272945314,66.77886008701795,73.01604812356047,55.223880597014926,0.3393387520620046,69.0,69.33439715255163,70.5711453464072,85.4751384928573,49.25373134328358,1.2146160041326608,69.0,0.0192508071561546,0.019250807134152743,0.013866134295885266,0.634605767627938,231.0,13.0,1.870608517908513,0.7059420791361982,0.6536877227613266,36.974782227883786,0.004210525231138361,0.07558766239824881,33.43486988545144,-0.0009081121618006904,0.023402316988311925,0.9830191553723071,0.026566975098101908,0.9670324639947473,173.0,0.9220061055780294,0.018993019468918203,0.850455993511711,54.0
S5,baseline,10.038532552490278,1.4545915704674317,0.06308821796050655,9.638486883908271,0.05868366173483234,1.1446757637992429,13.0,0.9228009496990244,1.9280247351527091,33.15816457243019,1.9087669301334673,1.0747040728030963,-0.03984203686397756,1.8354155477099412,-0.03396039040533347,0.5150611140355909,12.0,0.7176817275592153,1.6179610497451198,14.093050692857123,75.34386099792223,84.82208975377735,82.74794391537584,58.333333333333336,0.4575353574649209,74.0,74.53485949357628,93.45870921660631,86.39006466353318,45.833333333333336,0.6247759209597368,74.0,0.016376483415438337,0.016376483333018225,0.010547889540679471,0.6332722120353392,258.0,10.0,1.6180059759974466,0.599421760443102,3.0146862744460385,37.05887445289307,0.0013777532267320429,0.044133647494882994,33.43615661860519,0.0008427577542789837,0.01608595038023223,0.9824854752262796,0.020148674745864882,0.9656836781246234,176.0,0.9227127992353303,0.01976404000898823,0.851789527150176,53.0
S5,baseline,10.64266829392615,0.9335457862960762,-0.043073720722559085,10.225650743218969,-0.03921987674646509,1.06904537694907,15.0,0.7642594897027546,1.5710927969240984,31.750794220797452,0.9754321993169389,0.5355758807086087,0.0009744504679421819,0.9252470663701086,0.0011764102493203605,0.3119062850488159,15.0,0.4033881974205343,1.2396939913370046,8.984120056152314,79.66873548576527,69.97026151042668,84.9675262643356,55.84415584415584,0.3574953661593089,79.0,80.93785904726906,82.56066353851219,104.36095247253174,59.74025974025974,0.5453979351882671,79.0,0.019973945433887835,0.01997394543221608,0.01094089247182769,0.6406067677946324,254.0,10.0,1.770323295384916,0.5884047937207892,3.2547302708216037,37.10508347894765,0.001830662483231218,0.05156597637317667,33.46143509937,0.0007410705187031078,0.01360847331051892,0.9823452353994939,0.011316845557272316,0.9651302325054543,170.0,0.9228292124407147,0.02400191633952086,0.852189847321919,56.0
S5,baseline,10.215886190365156,0.7224857409916772,0.016063799562569023,9.766515368654304,0.014153270301165423,1.2625485489988526,16.0,0.6320334088260778,1.9533273064272176,35.25814179566163,1.4115234399398644,0.8720672741931018,0.04329298659625941,1.343237018489243,0.03791392324268085,0.3129702971298335,15.0,0.40107258003436785,0.9715033575748937,9.22581629018468,85.075003006347,83.15922648600218,77.48327907739422,48.78048780487805,0.41990169834512364,84.0,86.24529258352524,92.83489720264646,111.21515716047394,69.87951807228916,0.6472675967422231,85.0,0.027288165193305347,0.027288164906232294,0.019239409411479082,0.6422737122853809,270.0,16.0,1.9953704363469214,0.7078953712397223,0.7963204268522956,37.16081192563223,0.0016003914137048727,0.06268157085073915,33.47706401887072,0.0004527664861452367,0.010749937794971298,0.9826675168286071,0.017342944618535906,0.9659362263581425,170.0,0.9237661546533275,0.027857541350700548,0.8541199510931016,62.0
S5,baseline,9.295800090991891,1.6637112582103826,-0.06793136739475106,8.964220366187357,-0.0641013877125184,0.8700726006829924,15.0,0.6473557780597008,1.487170153660914,26.829485213494102,2.502588384980895,0.956884691544368,0.04118902553471164,2.4023438031535638,0.03670654451819955,0.5266540194099312,12.0,0.6373223659415713,1.541044500271396,14.71741151794878,84.59106623724264,86.63561760630154,84.50717966323488,51.21951219512195,0.7225839632232837,84.0,84.5372117574911,97.99570725339628,110.70346227034625,60.49382716049383,1.4306433316002427,83.0,0.0330486285850054,0.03304862833027398,0.025208886673047503,0.6457742957159527,239.0,9.0,1.88681381324544,0.5286559339337784,1.1180165193323397,37.17027864743949,-0.001255786138139302,0.048100418347447424,33.49076185968259,0.0006754988634560732,0.013208876457347975,0.9828329552112,0.020802993288051963,0.9663933823789232,166.0,0.9233208283758064,0.023706945393049166,0.8530833713724545,65.0
S5,baseline,6.751575713252793,1.8047036858334895,-0.08871012783363118,6.425393004964981,-0.07590422071327167,1.0188717581045228,13.0,0.6629972741284399,1.6687226773197494,26.345137538304744,3.4406074663213855,0.6824933941911107,0.0246736078120544,3.3051200349090646,0.021558189593784735,0.5117908072293526,13.0,0.5398503028037479,1.298977374699544,15.554082378147227,71.06690875949408,172.99839885174603,100.29806325416874,65.67164179104478,0.7087799937388314,69.0,71.22686154003242,173.9053528521244,123.19662679702991,69.6969696969697,0.33283801502567084,68.0,0.03632439193539727,0.0363243915213652,0.028449882749531544,0.6524420736789465,248.0,5.0,0.3669269320100545,0.15617771176821899,3.2340792739201683,37.24219395283437,0.005589403433859207,0.1029518125269091,33.51276388681911,0.0006622468754939738,0.014119342583981889,0.9827330072467603,0.02056651515069872,0.9661871450777046,173.0,0.922290116065101,0.020718240358193335,0.8510483036749174,55.0
S5,stress,9.27124783688465,0.8336966725738277,0.011884979837914499,8.867623749922542,0.009516412963091596,1.1887451008351229,14.0,0.8027031481763249,2.5402265138941953,34.26279890676743,5.6035217038002525,0.6499109851007213,-0.00683020231428779,5.372248470295985,-0.0076658852566736406,0.6816427611586582,12.0,0.4936065759684853,1.3505956858314425,20.219425973768036,99.40159251801752,61.02345191685585,66.34819766454393,50.0,2.7941741989081454,98.0,101.233912639964,68.14768732540735,86.46492834038645,59.183673469387756,0.09291928312877927,100.0,0.02776937746484252,0.027769377415013223,0.020921217508278963,0.6487747957992999,234.0,17.0,1.5779391442215112,0.5614184267009652,0.5331510105026529,36.726845962860686,-0.00245640493605762,0.05209205472913943,33.35981196580492,0.0009374897348269174,0.020351753355127365,0.9823985730873781,0.025086623409088873,0.9657362950781863,189.0,0.9252221464136761,0.041185986126027044,0.8577323056675031,98.0
S5,stress,9.743206982930438,0.7461979541002667,0.008109921069461318,9.324680315496149,0.007153177110782162,1.156117208303747,11.0,0.711512903383635,1.682853232981948,33.845007966522616,5.526854547708636,0.7424913319769783,0.02310135912426873,5.266080303329136,0.020555963321402693,0.7787550665743403,13.0,0.4352600371824123,1.20716417667329,22.005639516444468,91.87990574293889,95.01491738156463,75.02272383024462,55.68181818181818,0.4317793509302356,90.0,94.44852937796466,105.26747784472072,92.262504798356,61.111111111111114,0.45522085481778674,92.0,0.02819964355016634,0.028199643452870033,0.014499476366770061,0.6511085180863477,102.0,18.0,1.5520027444587563,0.5634749176944741,0.5483886430317721,36.643215514748825,-0.002550533689537425,0.056462946278097594,33.385849582595206,0.0007191035786220116,0.01720548269888807,0.9829068800590606,0.028160153001496317,0.9668989290845041,209.0,0.9231302582863887,0.030707458657740747,0.8531124217811116,65.0
S5,stress,8.142783396317297,2.0598998243214677,-0.09943291183437979,7.8403085997079565,-0.08989685248713336,0.9467662054881079,11.0,0.8206542943912076,2.407272343156892,28.952600637981185,6.8347729898793625,1.2903665784322476,0.06325311789599508,6.554643747661201,0.06146160264977524,0.8286360920486466,11.0,0.5846855694198995,1.0952719613660609,22.495879316438874,79.05795046658271,81.8760712650303,82.11833566647333,57.89473684210526,0.6620090087854785,78.0,80.37797761964828,97.43092866217256,86.31943610045943,51.94805194805195,1.354974234699608,79.0,0.027091916105988774,0.027091916050988814,0.012529127878517144,0.6514419069844974,97.0,19.0,1.554887048828926,0.5637518705336279,0.5841898473764996,36.62520425652524,0.001781545414049501,0.03686451114631924,33.39486680026393,-0.00015345789586744757,0.006148359214160494,0.9828347765073928,0.029831441407698785,0.9668541128087975,224.0,0.9230703438235447,0.03548982940196134,0.8533183876374975,91.0
S5,stress,5.445866583913348,1.410260767960444,-0.059772451873556905,5.182854067472985,-0.051722287267640436,0.9275390371487829,12.0,0.7857438331735008,2.3046300306798813,26.17059221233634,6.57784677239203,1.4308232308546367,-0.06752272159911286,6.3142586595923165,-0.06192971899472527,0.7555010242346278,13.0,0.5040248689230655,1.073559769971876,21.856662544477146,77.5569687296732,56.841268674805576,63.69720035710673,46.666666666666664,0.39890427636293996,77.0,77.53257472050682,60.58044573706729,65.5008746760937,42.666666666666664,0.6181476635019157,77.0,0.03529278110330575,0.03529278099729993,0.015834203671582652,0.6477746291048508,144.0,19.0,1.5415771881859404,0.5679837674272851,0.36612797128603103,36.6283047491516,-0.00178986335937798,0.05725410514748775,33.403437446327835,0.0005763431825222238,0.011430331634731632,0.9824461159449172,0.02834507365591427,0.9660038139358127,214.0,0.9231750049319437,0.02989073732912397,0.8531455459091728,86.0
S5,stress,5.322775963389464,1.0220341732026483,0.04777257847115815,5.085495609134111,0.04236061757500414,0.8399908374006381,14.0,0.7289267875070671,2.1256143779159755,24.779452736683233,5.410278724848076,0.5362191568055783,0.006512686839499382,5.163262220717354,0.00805123414050014,0.8337767388410139,9.0,0.755656317400764,1.4235340619421155,21.533182745600534,81.44761606769428,48.82139368158866,59.33172140227319,44.30379746835443,0.14902579040071753,81.0,82.76450286462479,58.27750304458069,69.21892635417716,41.25,0.7470669303093781,82.0,0.0325395886670345,0.03253958865092902,0.010964000008358515,0.6441073512252042,122.0,18.0,1.52146640065648,0.5673063388502917,0.273238934946933,36.58445716194497,-0.0012517285716133063,0.06625366177195567,33.41892311088419,0.00032739363061041815,0.007043184384600156,0.9825287198403204,0.026339875602233075,0.9660564743578001,194.0,0.9222869580893196,0.01280180290568711,0.8507771192192861,55.0
S5,stress,6.532231941520166,1.0845204892957467,0.03781941550761247,6.2347300200045135,0.028675811981949007,0.9902956785374013,10.0,0.9020353704929992,1.951775516657074,28.783625793266047,6.705520847118081,1.2729373149472027,0.06031682563298973,6.420418403480991,0.05553450362595776,0.7817576154412257,10.0,0.5729970236328966,1.5770469015187123,22.84887889836347,78.97210777662507,67.48382758591842,69.04422686335151,43.421052631578945,2.182841037631387,78.0,80.05345162295606,92.03196717229144,110.77203798500166,61.03896103896104,0.2904067148447978,79.0,0.024658904186620235,0.024658904186080025,0.007943730004821568,0.638939823303884,88.0,21.0,1.5972250115527014,0.5649492900659927,0.5409168143069689,36.577521653849736,0.0012286819052343258,0.046190644185480786,33.411825564511034,-0.000751917804711316,0.01571565147701614,0.9832642946390756,0.027695137841328255,0.967575693772129,197.0,0.9222191167397927,0.028058668580943108,0.8512753881628586,79.0
S5,stress,7.088670345745626,1.0676395074591165,0.021379335396717557,6.804171207739629,0.018580634162456387,0.9781062798310021,12.0,0.7791121342213639,2.027443605411726,28.121752986205525,6.935288554189348,1.1043528130423526,-0.044481120107947955,6.694477489072527,-0.03895845794817991,0.6911408924683512,11.0,0.637285269134231,1.5787396600315642,21.356496599161197,72.86820078549665,69.57676015251035,77.4965437017314,44.285714285714285,1.1711280413726102,72.0,73.10253742392567,92.42439743077936,129.46813417925333,68.57142857142857,0.27902783930306607,72.0,0.034961149482757005,0.03496114926083987,0.017807008888232615,0.6381063510585098,150.0,20.0,1.5967508017716754,0.5645519937400965,0.6699357061804606,36.622993238321136,0.002214539893411633,0.0619807469072077,33.39009644991413,-0.0005910347178220529,0.014406417894406607,0.98354149318452,0.02678010270862318,0.9680710427167194,194.0,0.922588571923027,0.03765041648434213,0.8525872269044147,84.0
S5,stress,9.277291586109815,2.727908687865703,0.13234377985041682,8.792549873330204,0.1177423211166003,1.4667752551136979,11.0,0.8322661947156501,1.8951755989400976,40.14363331338376,5.510400501324811,1.0206450279977073,-0.04190902287328926,5.309958399932606,-0.0334599481107072,0.6617237271466735,12.0,0.5308916868893716,1.2152310102162511,17.763260091380268,73.3636175168956,87.30309837523193,83.72490164180195,47.88732394366197,0.325401039647625,73.0,73.00063236032327,91.87800266107186,108.9276566120836,57.142857142857146,0.3044310553036133,72.0,0.03618637996947195,0.03618637945848646,0.024893180669421734,0.6477746291048508,189.0,17.0,1.587642055344062,0.5623381665061418,0.45678521689630014,36.74482133562243,0.0059163665586765115,0.10646068875183246,33.38557936021889,0.00018778684122892434,0.010404902779899845,0.9835727624807171,0.029860690441112933,0.9683070399275692,220.0,0.9240507125044058,0.044888029195405764,0.8558846544449477,105.0
S5,stress,12.708258369502767,2.3019394510101394,0.10140932489740109,12.246471427282946,0.09010412546746269,1.2788990631373838,13.0,0.7875486427170522,1.9583598238831073,36.88667849740289,4.82005477936338,1.0101437567443938,-0.0037489611470501835,4.592359869021537,-0.006360671306053496,0.691666368941607,13.0,0.5722246598877374,1.5669873966953274,20.98689622828111,83.82861616338464,107.14360963874495,88.76936408468833,52.5,0.8800576179782675,82.0,84.44255795583152,107.81222384199344,85.79270208754053,45.67901234567901,1.1679369676956184,83.0,0.042523445443822576,0.042523445194221514,0.029687709234083547,0.6484414069011502,174.0,16.0,1.5969308499244237,0.5649553627331877,0.9556949769088925,36.846102238054904,0.0008858731079853847,0.029414228582598154,33.38420881249801,-0.0005035988081048706,0.010922820715102179,0.9830419164287214,0.03395116648100582,0.9675240911612742,242.0,0.9239522544193906,0.044787160538379035,0.8556936581957647,122.0
S5,stress,13.036964548761894,1.32899276592196,-0.05243170975599288,12.476552644772044,-0.0467661251325995,1.5370284763645725,11.0,0.9461576097022527,2.096333747545346,44.3410319061387,5.622350947982651,1.2797570816431747,0.06057920210364737,5.409263531699868,0.05679129509019525,0.6635651217326373,13.0,0.6482510539258063,1.7409416915748412,19.615222834006797,81.1878443326575,132.08292409696298,79.6125486009384,48.68421052631579,1.1427937853056032,78.0,82.75084712655544,134.1959780779391,82.8876805571312,51.282051282051285,0.5840124360363868,80.0,0.042613938487634104,0.04261393811012223,0.026059239053230043,0.6451075179196533,174.0,17.0,1.595618100690171,0.5655512870782281,0.7832880915569953,36.90333927928564,0.0027352114435347124,0.055570907633910316,33.37310218779473,-0.00031207093493147177,0.007644321548450531,0.9827516007231767,0.03265551966676353,0.9668670916886728,233.0,0.9227876592762371,0.034095337056925586,0.8526995561215421,85.0
S5,stress,11.107948894402677,1.7732492326948022,-0.06223151269269289,10.674863982716719,-0.05374821578185815,1.4285851723791985,11.0,1.0723846438243925,2.299417165652974,39.25745943376467,6.720137550663599,0.6918689588489362,0.015554910319817684,6.452342529500397,0.012446930983338217,0.7390097757525446,15.0,0.35144494207202676,1.0355386957168786,21.314179488977977,67.79421169738949,94.13535680216756,61.81595361403256,45.45454545454545,0.9140141951975845,68.0,67.91976975699802,99.77854859372177,82.8612429120097,58.46153846153846,0.8473686463236851,67.0,0.03123647443068822,0.03123647443028994,0.014884384130742707,0.6521086847807968,169.0,18.0,1.521700354426053,0.5658925388747518,0.61779606045874,36.96032060695403,0.0008747001531930054,0.032646930166885996,33.37894546330405,0.0005832273204723568,0.014589682646112085,0.9824830425547143,0.021417135165164414,0.9657316225862516,205.0,0.9228298248177625,0.022304041871602318,0.8521123558569923,65.0
S5,amusement,7.2915521268375265,1.3216328069055843,0.05651489256805013,6.961136067415404,0.055389328270123425,1.024638189583959,13.0,0.7237041077842655,1.7827182530913088,29.26505670665414,3.9082532750671315,1.1346155422501416,-0.050516342374064944,3.763416129097004,-0.04737233173213975,0.46126966468880454,15.0,0.42908209467819014,1.1758752284810448,14.186716961357092,64.01612569304818,135.92005847218405,171.91567700474545,81.66666666666667,0.5473581504979368,62.0,65.10173536843325,175.84525228128223,203.19395109671714,78.68852459016394,0.2445246680294191,63.0,0.07653925029588383,0.07653925029566773,0.057274934284024456,0.6504417402900483,250.0,22.0,1.8101011550144461,0.6824997040001013,0.805761002810879,36.828659973600026,0.0008019532150396153,0.04627828353420886,33.33218487522077,-0.00069145866517904,0.012674090391404087,0.9828140315498834,0.02628085243514891,0.9666141038160533,182.0,0.9228412642966167,0.0251724192478326,0.8522696497793667,67.0
S5,amusement,6.840897216237678,1.6026340436015036,-0.05146180381088106,6.566036753013286,-0.051283119548621504,0.833754650889818,10.0,0.9852978401781811,2.2670317824265265,26.148123558486326,2.6689528386717134,0.6860053751405125,-0.023367683497497287,2.531952863351844,-0.018917762239577317,0.5573199147528224,13.0,0.4595023222180425,1.2336170757405616,15.702394866663623,66.37700800646752,125.1085837906228,138.46665978861463,80.95238095238095,0.35479297200478277,65.0,68.60644602132561,133.15410527834538,167.38003381871403,70.76923076923077,0.26712044558760034,67.0,0.08246442211303237,0.0824644196253228,0.06373303989823355,0.646441073512252,238.0,26.0,1.9038793722016214,0.6809675548239927,0.19620397549489152,36.84360490614869,0.00028228058875076254,0.041394626638700124,33.30606914314532,-0.0010688897444357623,0.019193183466108713,0.9826229910794623,0.019752075077016318,0.9659380870677969,169.0,0.9228303351232292,0.01630949731640144,0.8518818271263652,55.0
S5,amusement,5.729940823175357,1.083992429269387,0.03141273524829255,5.45584413926107,0.029245276765014577,0.8917918530587088,10.0,0.8404236906397358,2.146607537537652,25.954632088960924,2.805524727088344,0.762403991895124,0.023275796179826266,2.670299057729421,0.021417614065435794,0.4936798418572575,12.0,0.526380681084149,1.3088905815293126,16.338284985486375,63.12800103816833,141.20287308026076,133.89050252600703,75.0,0.46472866137304,62.0,63.80453423345867,162.57940699331672,174.45208428996986,73.77049180327869,1.7068165216565958,63.0,0.0656826109880847,0.06568260970087904,0.05040362501037559,0.650775129188198,236.0,24.0,1.9347349312913888,0.6849162867620489,0.3199515558793875,36.849626323384776,0.0008157839380199127,0.03606661949693672,33.27688169270998,-0.0007975289148830173,0.016899880844457704,0.9826872889028435,0.015875363969830584,0.965926334952395,179.0,0.9226043903906951,0.020439470979590164,0.8516166331421116,58.0
S5,amusement,6.796134434254542,1.3571466033114465,0.06348571359166119,6.510700173874407,0.057542493452220164,0.9064208002812434,13.0,0.6229834983159734,1.9576655998542476,27.599768297942823,3.867596923623234,0.9570690543119612,0.046841800900589016,3.67294121627247,0.041776205472948906,0.6674787703319355,10.0,0.5420118434766735,1.048008598058709,18.200575897070387,70.03848191693464,160.5518242993318,129.04074996494353,75.75757575757575,0.5815134121495282,68.0,71.31145580212527,194.63182782232363,178.58791522919208,66.66666666666667,1.329946396509463,68.0,0.07030101519103148,0.07030101378628323,0.05449277717273921,0.646441073512252,230.0,21.0,1.8460376747517229,0.6836428749605945,0.6488019728699967,36.876655984357676,0.0015049714679658374,0.032101943790043316,33.26864408544957,0.0001909536239190124,0.009691729565027639,0.9825065064446056,0.01355802266216955,0.965502855184492,175.0,0.9228941855029513,0.02355371309560276,0.8522884550357458,61.0
S5,amusement,8.5991588180711,1.3244681996108079,0.05714424013442525,8.28376993810687,0.05125328160573328,0.9883175659972727,11.0,0.9270116560026476,1.9786702604911017,28.147317078340702,5.0232865130169175,0.8004282153045034,0.03392027208855831,4.824307677037836,0.030834058134015206,0.6059414760717995,12.0,0.5042709327109884,1.2182534527659197,18.406537904264106,73.60046676844422,118.27278091017129,152.63869571170838,80.0,0.20879436069801752,72.0,75.24215224449152,120.54657742835317,150.16770994176787,61.971830985915496,0.5911979580375412,73.0,0.06660653224462465,0.066606531272456,0.047306736342820795,0.6407734622437072,236.0,18.0,1.9202873272379049,0.6822285546253186,0.6374630730875107,36.873355429937405,-0.0016357193036537468,0.03609169803415198,33.268899930409034,-0.0004479720999592207,0.010514471403914493,0.9824450206334047,0.01640036054677132,0.965467190393435,170.0,0.9229271519442791,0.02689372153438134,0.8525178000539474,69.0
S5,amusement,8.810567371794408,1.1729671828466648,-0.043909297704407144,8.458691615362579,-0.04367929906467021,1.0742104707570712,8.0,1.0071073528566745,1.8828835049818213,30.030121641667133,5.708623074496211,0.4818392329898664,0.008341778747458896,5.465934250293545,0.011012449524128639,0.7292677684677428,12.0,0.44342382573136935,1.034240772824777,20.40889035736544,73.14658438347958,107.86999403764734,131.5131715293726,68.57142857142857,0.6586505003940218,72.0,74.27015381705124,112.83083330942954,150.28215833117403,63.38028169014085,0.8173780976153713,73.0,0.03803785375280232,0.038037853707484824,0.020607251044618982,0.638939823303884,238.0,19.0,1.8552165808273038,0.6895069347608229,0.4575150945361202,36.83461040065371,-0.001605843106035805,0.04981489220612542,33.24827742726247,-0.0010862822893060347,0.019229609095321565,0.9828147954062466,0.02310548448287549,0.9664587854826108,179.0,0.9221476290465245,0.03638268728761468,0.851679949690395,84.0
S5,amusement,8.049328016540636,0.6951306102965968,-0.009971305278310251,7.681883224382805,-0.007495499464743493,1.051902545584883,12.0,0.5793491169059867,1.3820296704898851,29.848345259504132,4.796019638713607,1.367687870261817,-0.07126868352818967,4.620524486213701,-0.06268046643450512,0.5452974167628966,14.0,0.34365928724966227,0.8838575329305147,14.868103973612183,81.85737705584015,87.6381368924206,85.4918754004938,58.22784810126582,1.2998200196441632,81.0,81.24264843188159,97.80237465000268,124.24652719183248,57.69230769230769,0.9341150757930003,80.0,0.02837353766936311,0.02837353766919419,0.016899764012155538,0.6409401566927821,204.0,20.0,1.8777294467804484,0.6883542259190768,0.47019946259650136,36.77799056211314,-0.00270160163713517,0.06868540137366608,33.21886437437778,-0.0008307733805558156,0.015761563938138542,0.9825170898636382,0.026019672530009356,0.9660168552326818,179.0,0.9223824659990638,0.033795739451359205,0.8519315655875783,83.0
S6,baseline,3.2323263020515722,1.1684504229764716,-0.050494853148935044,3.093008788222503,-0.04601656106068058,0.6305859582010731,13.0,0.7243601336504482,2.161733294340834,18.40448906121693,2.4187994022560115,0.9871520599582125,0.01900478800648438,2.3530086934285905,0.014450290179351226,0.3347873526472636,17.0,0.4553782400163259,1.0589405694189966,9.795463370437437,55.22250180107125,145.4386288956144,151.45448668976903,75.0,2.4526692226070255,54.0,56.730672339184395,150.73609795767894,189.46737114546553,79.24528301886792,0.4485867609432641,55.0,0.025276312728027335,0.025276312615908753,0.018146258590274855,0.6419403233872312,242.0,11.0,1.8033869858180684,0.6569477492299219,1.6109549962677416,36.516500534953664,0.0002747668855950654,0.02389629346084842,33.814814250026636,-0.001299446815251756,0.024429824689844212,0.9901168196178222,0.023387623772706125,0.9808782974358448,175.0,0.9864643686531499,0.019356309077880607,0.9734866173233758,54.0
S6,baseline,1.88735935668375,0.983458773874293,-0.036872620812543104,1.7940684871315973,-0.03065749475685075,0.4994560523841926,16.0,0.5639388248487784,1.4375666046840343,13.903026197549474,2.013627076547835,0.5938857700404622,-0.01726466751262004,1.9267858775375128,-0.01684590581395976,0.3580526946173092,13.0,0.5454962387854722,1.1841074328245154,11.00692295230858,55.6776965106299,117.36091728365298,151.01543092465317,77.35849056603773,0.3092454240486178,55.0,56.52665882559408,118.09848632663795,172.87168926424613,72.22222222222223,0.2744377206047714,56.0,0.02186243927862578,0.021862438655130375,0.01558594612673139,0.6489414902483748,252.0,14.0,1.9304581068200484,0.6577005726082512,1.0154230761946663,36.497582471506405,-0.001636617950375967,0.03907501594934903,33.789508418196874,-0.0003435177915737171,0.012455691599838167,0.9896075587885258,0.024943208628830173,0.9799452840680871,177.0,0.9864448398793809,0.021916442205037606,0.9735537525635841,56.0
S6,baseline,2.1594094869351226,1.404199636613532,0.04825478459811831,2.0268505142078976,0.0449123495916893,0.5341837140297161,16.0,0.606458918251674,1.6856227945106088,17.23985078316046,2.2668570196923428,0.8452154982035439,0.041951410586767116,2.1504698235035784,0.039014040505141276,0.43772553611819176,15.0,0.4051299977700637,1.1329750348290133,12.089636330023097,60.23785662202957,137.1798092304259,118.86893858953886,70.17543859649123,1.3249367629891635,59.0,62.12761854163737,146.30139525007493,128.3966477465139,67.79661016949153,0.7177458829865401,61.0,0.023336795833688362,0.023336795833617537,0.01814274169686455,0.6494415735955993,234.0,20.0,1.996399655313701,0.706051744198653,0.3704881858371131,36.45163980274945,-0.0012635152788553203,0.043806496332822416,33.79177689914124,0.000412478916683642,0.010377893289559032,0.9893170365406992,0.019496231466651456,0.9791283018310727,171.0,0.985799724387366,0.022559257723303885,0.9723100167112331,56.0
S6,baseline,4.031049596170309,1.6057391176728102,0.06932598550603034,3.9165354807046096,0.059608642147067986,0.5822408357503785,14.0,0.7467854470125744,1.9994981622331858,16.728302227565678,3.0398396474592486,0.5667984722451312,0.013782320015414653,2.9259109761038444,0.012615652810256301,0.36819980964588706,14.0,0.44982043188397053,1.0810983166582189,11.93168431123118,71.36175438912969,158.22351134853244,95.23733119807258,64.17910447761194,0.7134837150601819,69.0,71.06084365271342,139.7394855812976,132.7473226814932,67.16417910447761,0.9945940714855237,69.0,0.02492424466808092,0.0249242444816541,0.01841661990599654,0.6446074345724288,200.0,18.0,1.9145398168167023,0.7087369765729211,0.6339839431234898,36.493996598674286,0.004048450497239167,0.0742857146998277,33.801134789814505,0.0003972531039963056,0.01240005403498378,0.9895217479092786,0.009642768993015255,0.9792462725792869,170.0,0.9858886088079419,0.02028620049229952,0.9723878789076729,56.0
S6,baseline,4.471160308015936,1.1545134471535332,-0.04859116458773554,4.319759563872067,-0.04275162185094713,0.619641458824705,12.0,0.7697520568605757,2.2549521121237164,19.388659528235124,2.640309615688101,0.730262630970613,-0.021881720352971604,2.531059315133108,-0.019900528463131326,0.4383740067205551,14.0,0.5270868648637478,1.4244148091305013,12.818700210614336,74.56490617001653,105.56271081917555,108.7444348584141,70.4225352112676,0.2791695287217628,73.0,72.97223557332667,108.63282467047009,128.200092875964,62.31884057971015,2.2746138932837376,71.0,0.03398360044944263,0.03398360044792359,0.02534048081590187,0.6466077679613269,241.0,17.0,1.886016365775697,0.7064076410602704,0.5655828713592731,36.538960295119495,-0.001147605692316121,0.041946215028433195,33.80917863478005,0.0003829343340973713,0.011822220406336945,0.9894469545178214,0.010936549428151459,0.9791248839179861,169.0,0.9860613107945987,0.015401656529770083,0.9725541196698231,55.0
S6,baseline,3.321990235170301,1.2047409213670832,-0.021198194861328668,3.137864384770923,-0.022403570263244518,0.7061196464158502,14.0,0.7024276199765023,2.2549521121237164,20.987073479745046,2.157229048799466,0.609583268079086,-0.011070698732375879,2.073509939535823,-0.006503845456095136,0.37595099428019246,18.0,0.38426850758692227,1.230496227160237,10.393276662035413,74.16808621230123,100.22734329656767,126.46326639178295,61.971830985915496,0.7011673866207876,73.0,73.43198430552327,100.3024451191002,108.0465094087844,52.11267605633803,0.3434539363787088,73.0,0.02994625007107297,0.02994624986358984,0.020855926825090684,0.639939989998333,261.0,19.0,1.9946625997812804,0.7022519451839949,0.3984692933938295,36.49107132956182,-0.002026129782415603,0.042452258313869604,33.815380535409496,9.481822184543094e-05,0.00829367108513974,0.989697992156089,0.0171569574633631,0.9797964768671936,167.0,0.9865044121758574,0.013956809908186886,0.9733857477852471,54.0
S6,baseline,3.4236566603325884,1.1244991998913063,0.042870864293960996,3.307969624091999,0.03991120771517191,0.5694569351236821,15.0,0.7048619573589802,1.867504921478127,16.71422334664516,2.106555223457315,0.7671775822586883,0.0004528353435795275,1.990962473571509,-7.23261185396305e-05,0.3901553603481315,16.0,0.33903128873375077,0.778449371016706,10.997539459466415,79.7517229659892,84.51660749850889,113.52098038254088,55.84415584415584,0.2832212168349752,79.0,78.79763823692593,85.90423958672237,95.9179165251535,48.68421052631579,1.6210130867734678,78.0,0.013155815033449935,0.013155815019341474,0.009260959628484066,0.639939989998333,224.0,19.0,1.9952649423169733,0.7064281519330696,0.4640099642395411,36.4292266958095,-0.002016432416224202,0.04030880541658106,33.833933008967215,0.0010287991530877315,0.019248040380835642,0.9896742547525365,0.016644644819510782,0.9797321747211557,166.0,0.9867667488698906,0.022682915327017248,0.9742231313229864,57.0
S6,baseline,4.547952669677416,0.8952444928460978,0.026839999333447634,4.377015394738379,0.024291525139888602,0.6997917292106454,13.0,0.8133520599374738,2.2270658810953643,21.171269251724908,3.203013139906423,1.3770061283731314,0.06609281356986384,3.0869354567563105,0.057617435358265676,0.4663429153716542,11.0,0.4391874473619259,0.9371036772470847,13.020789537456052,76.31448084723125,113.30589826989191,92.24000855421744,65.75342465753425,0.8877717886265817,75.0,75.78638940476723,112.26667455445362,79.56570894506349,51.388888888888886,0.475260021438917,74.0,0.018278200972049907,0.018278200802363153,0.0130761401459037,0.6447741290215036,253.0,17.0,1.8955708741248425,0.7063709358468172,0.5500440323283219,36.3555969428423,-0.0026617026834453495,0.049986766959816964,33.84809379767498,-0.00014813742619396479,0.007836492104022352,0.989705330821161,0.015788817821464057,0.9797659286240232,170.0,0.9864308605534421,0.027577648030148165,0.9738063693230791,55.0
S6,baseline,4.97116969796916,0.6142977089891686,-0.006549225491292545,4.768464802957205,-0.0072923642515687215,0.6387137404292956,14.0,0.7356661620450317,1.9350273067976067,21.018261218529982,3.7753392212360923,1.0322371592651265,-0.041016808729549,3.626858738302074,-0.03680619022522878,0.48120988116817176,13.0,0.3973071611116656,1.321596018015473,15.612086335840615,64.99990966907686,137.27432254918054,84.31890309625064,56.45161290322581,1.5314615884149334,64.0,64.7788484943075,142.7469954985268,101.65604928658882,62.295081967213115,1.4989106939404522,63.0,0.023534303570025263,0.02353430354054459,0.01804346501178648,0.6429404900816803,227.0,15.0,1.8521501498786224,0.7044015334070116,0.5906378426959196,36.266199225450805,-0.003463329115126387,0.06258391155283875,33.852608121474354,0.00035658391455080433,0.010128599518496468,0.9900164075911422,0.0230055089534297,0.9806617407418768,196.0,0.9866049002389509,0.023316493445571754,0.9739328880421076,60.0
S6,baseline,4.266505623474578,1.4608174852005464,-0.0453549435689584,4.1442839636877835,-0.03593898613152321,0.6160932219555574,14.0,0.7487222732898803,2.2786014535014334,17.79003393987654,3.501217666214251,0.9913309786388209,0.014716129040367206,3.311072684824765,0.014511960025698205,0.5855477286755099,14.0,0.4863488635742793,1.2718456821620427,18.386336202856295,54.97525472921719,187.5386752565487,135.77413370968623,53.84615384615385,0.6645349254371877,54.0,55.47787160018347,173.50216052023293,126.60478282297966,57.69230769230769,0.9273759321064786,54.0,0.01856699992711374,0.018566999891026437,0.013358660173778129,0.6406067677946324,216.0,12.0,1.96187456108896,0.6952317331326004,1.207237814391128,36.21123385885896,-0.00031398514205283274,0.03447131343792528,33.862363328629016,7.916804754590687e-05,0.007849702325288695,0.9901457265327963,0.0271650074660473,0.9811264974017895,187.0,0.9867241070687943,0.020281495363085822,0.9740358025248724,55.0
S6,baseline,2.2577779199798775,1.9464746913387552,-0.09458448641614157,2.150593206730615,-0.08656126807847116,0.5767762787274373,11.0,0.7784867888720975,2.0113247179867826,15.815963007107975,3.8693818857442803,0.7268512309479878,0.010209296266341093,3.739590922405511,0.010749226836360126,0.46363152762615173,16.0,0.4424589088013903,1.7733215202649775,14.513489887668891,44.28893104660321,197.2748426200822,181.82006650907917,78.04878048780488,0.4428525055115595,43.0,45.58399686629183,219.92045433550464,159.45121866489743,65.11627906976744,1.2246682646613058,45.0,0.015517333388418751,0.015517333343121812,0.011259844242111367,0.6392732122020337,203.0,9.0,1.7128818806507031,0.6037827511361532,1.3872494143087608,36.17570138760361,-0.0016493536947031022,0.04599209982149956,33.880902696179554,0.0008933173132690382,0.019550222617912564,0.9899988804687639,0.02093907170902818,0.9805362280534419,178.0,0.9868901139682814,0.02620848044779377,0.97463898149571,64.0
S6,baseline,0.737341825863543,0.4245971764913174,-0.008504008610786085,0.6948496019821983,-0.007181167926098531,0.31368616687811957,14.0,0.5184632800775252,1.2916808945246954,8.101111809632382,4.421769308730109,0.9332745417979832,0.011557178809474688,4.261273961283323,0.014558264758125505,0.5227219438973869,15.0,0.44999811878588936,1.1903514823140835,15.600942701552691,42.29938076604052,177.59775206477502,172.64161782469358,74.35897435897436,0.6684849967487636,41.0,43.35396404513596,203.05344435611266,177.3484087305784,73.17073170731707,1.9905928257951873,43.0,0.019815030047928495,0.019815030022799683,0.014871195530608176,0.644274045674279,225.0,9.0,1.7157100709154847,0.6012742894377623,2.306081294642494,36.13330935511486,-0.0010123290862383164,0.03597132080669233,33.908988694567284,0.0006808999714929109,0.015533680263182343,0.9899792828560056,0.017049795846157585,0.9803496760224868,170.0,0.9867342612685406,0.02389140701368674,0.9742153016902662,65.0
S6,baseline,0.7094945251161943,0.3987738541594579,0.002524699242457573,0.6796602254115259,0.004033899388467177,0.3189541779320059,15.0,0.5032652787854865,1.1991404820283371,8.166639206864454,3.3130294161334217,1.8591257303311577,-0.0986915869927694,3.2078376085980063,-0.09111938055791706,0.3960813219509772,16.0,0.4202071218732394,1.4201376160528072,11.693863645880958,48.207955169170205,153.68251811357058,145.1760550384307,78.26086956521739,2.6290486932496013,48.0,48.936985485201674,166.4098312801647,176.52131349173627,76.08695652173913,1.3877849735111658,48.0,0.015932294975286903,0.015932294795901334,0.010873802291415885,0.6484414069011502,220.0,13.0,1.94552337773454,0.6907297201705914,0.6669889845833703,36.13855357260788,0.0012754392665120947,0.03584182310327307,33.915562329480515,-0.00038060018550457,0.008634654216028173,0.9900426281059532,0.01625411924041103,0.9804486018592246,173.0,0.986690586360983,0.018631410630287004,0.9739054426754551,55.0
S6,baseline,0.633682700902946,0.38439302627686234,-0.006245389788973428,0.6162340525458136,-0.005765517981796758,0.23645268022568175,14.0,0.38070134880750495,1.1295221803050506,5.636627094952429,1.5764567310086286,0.7369690828824812,-0.01637400702666982,1.4650924747470715,-0.01456977023373347,0.469374719827479,17.0,0.4031437052345751,1.385865476618167,13.04297327995646,56.23410234430291,153.3864642248704,127.9973958068425,75.92592592592592,0.7752707342129186,56.0,57.738666192687745,163.36242831848182,160.82705892338032,74.07407407407408,0.576461961301649,56.0,0.012802666077376647,0.012802665869218155,0.00794352913453608,0.6456076012668778,143.0,14.0,1.9977993077746656,0.7048768414806627,0.5306164774616843,36.18565029443775,0.0019464102796686344,0.040673277638862824,33.91560662953537,0.00030182642290146574,0.008906677839596578,0.9899249145223041,0.011680085764277185,0.9800877607954523,166.0,0.9862438433317846,0.01888535495594463,0.9730335751416617,54.0
S6,baseline,0.5897755326600397,0.40271632417227293,0.007576910515681581,0.5757335775579686,0.007537366022677977,0.31970809940015865,12.0,0.5667762958509875,1.8439890721559085,6.945675972710074,2.708624858789411,1.3363886007355932,0.06796940703436397,2.592697068804283,0.06250850936532623,0.43097018662133035,15.0,0.4567634293354164,1.2572254136791403,12.156594008770305,61.74978667661661,112.0039554281926,144.09647151630213,75.86206896551724,0.5645770686177021,60.0,61.56539130714934,112.10533429709679,139.73918805717784,72.41379310344827,0.7862360509231839,60.0,0.013611501694694779,0.013611501433063581,0.007762954223841637,0.645440906817803,131.0,14.0,1.8909221318383997,0.699270707363789,0.8106254433876694,36.2457221941566,0.0018889188008674338,0.04004619098542619,33.928572544189166,0.0004025743264798537,0.011126662008363635,0.9900855914885535,0.017296094725080938,0.9805686333659777,173.0,0.9857557191511813,0.019965199830975982,0.9721129470435533,53.0
S6,stress,10.331192816248215,1.5117297537800065,0.07461476020001578,9.89533348548966,0.06704446462795827,1.2133344245879867,10.0,1.4488908929913107,3.970417334074053,36.94733567081256,4.6602348457337905,0.7539797261631908,0.004567750595488639,4.509791656068183,0.0065404308288833325,0.4253765806962046,14.0,0.43662598736671,1.5158314768357308,13.27113096208969,80.23904321336892,89.190405341205,71.66842844909982,44.15584415584416,1.37698338833616,79.0,80.63633088108027,96.61222291386491,74.72572712842475,38.46153846153846,0.3641727652990745,80.0,0.034962391496466495,0.034962390454290934,0.01773229927994046,0.6502750458409735,197.0,12.0,1.3341589771286977,0.48731708040551314,2.61916995242184,36.50045557571025,0.0010506077885572842,0.037518841475086814,33.832410224770534,-0.00027721731315067554,0.009732833608183925,0.9911870285519822,0.048744650414038665,0.9848277665136947,401.0,0.9871125120848973,0.035982370184332736,0.9756858424786387,107.0
S6,stress,10.58954572931459,1.4186143824629476,-0.04072798365212032,10.188916811217215,-0.036642216074894284,1.1718365400771467,13.0,0.7925286458757841,2.0173200525969524,32.52566004077633,4.103076200111903,1.0363323706330507,-0.05171523746130184,3.947679241876833,-0.04731009596986326,0.4336402076214908,16.0,0.2898781887095018,1.297996268780937,13.042514452932021,67.78259767345303,145.19185924381568,72.33469217676739,50.76923076923077,1.146332579638334,67.0,67.31826270540478,161.1277863423656,111.4632008282953,50.79365079365079,0.5957241765875992,65.0,0.029649017942313352,0.029649017831297347,0.011610123328620223,0.6542757126187698,121.0,15.0,1.5117207150484988,0.49243035966488974,1.0938168055399555,36.500111108416704,-0.0018768755737768891,0.03943906360172421,33.8319599719114,0.00018943907093736217,0.006342354649560212,0.9913293685295917,0.05328699599154102,0.9855734208510817,466.0,0.9882304367995213,0.04133663015639976,0.9783081132096594,99.0
S6,stress,8.828453858864227,1.6256146390798676,-0.07812613622690884,8.465094232696794,-0.06513999397101145,1.1716459638636307,14.0,0.7360942657835817,2.0686581958885792,31.220605930945847,3.188922372488451,0.5119864551889015,-0.014240606672424284,3.056517138110799,-0.01236879835086517,0.4484029457826522,14.0,0.42253676762465303,1.1176977926828453,13.293096883381953,62.4634645823887,114.12848344941425,99.7199468341716,62.71186440677966,0.34268105222211054,61.0,62.41692427930166,133.23089630165828,125.49557482575813,66.10169491525424,0.238283678883621,61.0,0.024828503558683976,0.024828501478977,0.011014038569101629,0.6449408234705785,72.0,18.0,1.565901873893578,0.5628706642280525,0.8576103437634739,36.50654842493903,0.0020245164639334204,0.05100650109129135,33.84052428340969,0.00021368917655076666,0.007233028132309069,0.9926129706861132,0.06031933719578959,0.98891893201405,517.0,0.9922129313857388,0.06030765601889509,0.9881235145835741,154.0
S6,stress,6.184239096301836,2.181267467347249,-0.11483593086513759,5.887982356326007,-0.10488477148111253,0.9059639278009836,14.0,0.6764461900076066,1.9109841741314497,26.573958781359178,2.752598660799626,0.5596616665783251,-0.021110309700872028,2.622811576774659,-0.018810759537513287,0.4855036119965188,15.0,0.4485852671224954,1.578932907503413,14.329013445567696,70.74727831056906,94.46803603964148,95.3234869493299,49.25373134328358,1.5829596446556538,69.0,70.92151204728252,104.59056306165346,106.27838072514477,66.17647058823529,0.437592370763002,70.0,0.029518225839756315,0.029518225595580323,0.01399125867897065,0.6429404900816803,89.0,14.0,1.4550669138711885,0.5620539674550595,0.9320544210436332,36.54622461717143,0.0010256436058203081,0.03940500771199497,33.8399433589685,-0.0002623449292777894,0.009154768469148087,0.9939980767415928,0.06397187037227772,0.9921245767649131,490.0,0.9935094727136027,0.0738357662638059,0.9925127927514242,170.0
S6,stress,3.139958622918877,1.7239910649262817,-0.08673706786028905,2.9888578575460567,-0.07730122480624949,0.6592959952155304,13.0,0.8022637433023612,1.5465111407385015,18.394740226716227,3.668886647758859,1.4080936890673856,0.06179656609244241,3.512798094781518,0.059139183212157054,0.5388325649793917,16.0,0.45448124290752273,1.4934863388168094,15.558134868412987,72.39184387983758,86.18028924018003,96.70278471392864,57.142857142857146,1.3734379470788496,72.0,72.5182912043728,82.58996546568925,96.7525147329146,58.57142857142857,1.7510940462281324,72.0,0.0410656752154404,0.04106567475536748,0.02020663766337427,0.6429404900816803,138.0,14.0,1.5742148225451835,0.5634277514059115,0.8520799473561097,36.53345795746629,-0.0013270686810006249,0.039822916956282144,33.827570479374806,-0.0003273757984911497,0.00960756310991544,0.9927744039478851,0.05728363901721856,0.9888824324331337,444.0,0.9888129732349245,0.07367918161017945,0.9831797178404375,172.0
S6,stress,2.5847090307987193,1.6306971781494026,0.04330861284648715,2.405588524543674,0.04287098672981207,0.6221518970762249,14.0,0.70759613766905,1.6732799538025631,19.173328060496104,4.574699361523497,0.7901733326452182,-0.017357633315233986,4.410226587938729,-0.018646577358707842,0.5323481843813266,15.0,0.49193876150067106,1.2756744517887313,15.707715704473884,71.98442971932526,85.71765003749397,105.56267456288452,60.869565217391305,0.7230905538878976,71.0,71.74439755221515,76.80003530265886,95.00592921047048,57.971014492753625,0.5954965548123022,71.0,0.03291427382959035,0.03291427126657143,0.014595719118486818,0.6382730455075846,105.0,19.0,1.52636852408739,0.5678296546765008,0.5645376672798529,36.4921427047485,-0.0014602738956113461,0.039976337205348815,33.81663768556378,-0.0002928906944768903,0.006823847718453997,0.9922846464400912,0.05473921300183537,0.9876252010007972,469.0,0.9888151140762614,0.07851169926757565,0.9839194167475322,190.0
S6,stress,3.874986242013696,1.3135461098417027,0.0429954583669314,3.7793137523585756,0.03818933139561346,0.4219727217184404,18.0,0.5381809989480284,1.4127487732407529,12.824996474315517,4.049798103356797,0.5310222466208538,-0.01771374222228873,3.8757598004976814,-0.015244608985821756,0.567769997156803,15.0,0.560286995148222,1.27032367048623,17.07733093991529,71.99493058262718,80.9641691575391,84.76737135464788,50.72463768115942,0.46492516455135174,71.0,71.69669662852911,82.71151285146496,95.43325831950966,65.21739130434783,1.2636260718811454,71.0,0.03801564945535771,0.03801564899518631,0.016407752097191582,0.6434405734289048,125.0,22.0,1.5608550042424012,0.5668230438741545,0.2507630079732664,36.47067957268972,-4.0360635509976776e-05,0.025964382903224816,33.81217274833276,7.973753938444019e-05,0.010375164722937006,0.9914382838649941,0.040518798563773106,0.9845916437502165,421.0,0.9941312397808614,0.09650260921603777,0.9976096754937359,205.0
S6,stress,4.626817829392036,0.8683031072273465,0.018777702078326564,4.4008234941773345,0.016355592228038437,0.7668003961992131,14.0,0.6445007729474342,1.926176150400111,22.49179859637127,3.5380832697579643,0.6120562559968632,-0.015878985600130624,3.3640687843726584,-0.01354668559148583,0.5624744675985414,16.0,0.4940563012765846,1.0495971816360248,16.53015284153752,73.30093556884555,81.8726989478055,76.42923898239883,47.142857142857146,0.17956246140975946,72.0,74.31273596190704,90.5814637526922,98.90692195225492,65.27777777777777,0.2582308668257886,74.0,0.040386523322981066,0.04038652058569007,0.021196907180385444,0.6501083513918986,129.0,22.0,1.5968554118612133,0.5647607520716228,0.2453485650403257,36.4582059137298,-0.0009145686020901164,0.028487849252024248,33.8151910622793,0.0002672089512476907,0.01132280563724762,0.9909706681917674,0.04577766265719184,0.9841184596147935,422.0,0.9949840603216126,0.09109819106329778,0.9982921607090873,197.0
S6,stress,5.414189251134441,1.178531919952017,0.03572973436254136,5.2561806077035875,0.03310379982308482,0.5612887688668549,15.0,0.6117550224311827,1.8750339246601317,17.294204334854566,3.5270925683836056,0.7498366925185794,0.010969978931653336,3.3956510976435323,0.014279197416502775,0.5281623347669402,15.0,0.5558128442932485,1.698906372885443,15.828191115192679,76.6201203708676,64.87770893856458,81.28195837181013,47.2972972972973,0.2496666531043531,76.0,77.6158073228483,74.82160801744233,95.94649116391211,61.333333333333336,0.5036262715513748,77.0,0.03022927953813577,0.03022927953751485,0.01694730155147538,0.644274045674279,71.0,22.0,1.594414997203058,0.5643143961152609,0.2831944437493814,36.45559486272134,0.0005623413668062111,0.023228427238212196,33.81896213558226,-3.718739674623419e-05,0.006758228591558045,0.992053643495871,0.057948524838064404,0.9875284631043405,455.0,0.9907590803420028,0.06033141632097055,0.9852434350754256,147.0
S6,stress,5.676862977073729,0.9494821361371008,-0.016855036482869908,5.418360132649392,-0.01994716861735454,0.8080679041198687,15.0,0.5505851882180148,1.5104475552120267,22.857977478362738,2.9659229728687317,1.0754010026726386,-0.047800587787491196,2.82989104920089,-0.043334576634587264,0.5558817701499034,10.0,0.731328099146979,1.6911664893906122,16.84173705758526,82.90975335070657,83.83257859906189,84.03868156985814,60.0,0.6809931739382734,82.0,81.28318795219808,85.27369417998109,94.59753119745697,55.12820512820513,0.5070135030385702,80.0,0.04098663016845678,0.04098663005131703,0.02265129760399492,0.6364394065677613,147.0,22.0,1.5821025539261575,0.5646241308241841,0.26970211164346364,36.43876981903599,-0.0017605952932637546,0.035566473676643895,33.82384898903239,0.0001720627685875516,0.007511653971559357,0.991962327623995,0.049994186918504185,0.9864886781508567,375.0,0.988517802796073,0.04200455288451656,0.9789318289078042,114.0
S6,stress,5.851533837065268,0.901040486569126,0.026656281382776332,5.650917994385355,0.025874978253373083,0.5685141713536014,18.0,0.4953500995107538,1.4994780109893577,19.4165623811537,2.7380481858288324,0.9113884891740334,0.043274340048318836,2.588813443802466,0.0371634758876793,0.6440546257621071,11.0,0.6677328120734148,1.6911664893906122,18.51778494044039,90.78139100704709,63.256252037715925,77.18042615727266,57.95454545454545,0.5591663980084116,90.0,89.59460471514758,75.9680354389064,92.79124580457531,51.16279069767442,0.17949090304747628,88.0,0.037984775959343624,0.03798477575014189,0.023851931925757294,0.641106851141857,134.0,21.0,1.5670548682773258,0.5650430570463787,0.4284670349046703,36.39470678644064,-0.0011582851107483998,0.025685305196946104,33.82407212930794,-0.0002535054880509912,0.007402631448026898,0.992301241537002,0.04508818212375896,0.9866946981231008,327.0,0.9876887236828967,0.04193865448501712,0.9772878656303632,109.0
S6,amusement,6.462811224912135,1.6829190862893593,0.04020596141601548,6.316020843619932,0.03469094405164351,0.586425888406133,15.0,0.8665930412820226,2.1533805468326093,18.233917021822908,2.4536124499747007,0.6951376454804419,-0.026600087449634283,2.365670051539674,-0.025435024033717717,0.3762684197808799,17.0,0.46266793441492715,1.493414815951752,11.53919400337505,50.5821732177474,224.135300092279,140.2327258214156,73.91304347826087,1.3646817895302612,48.0,50.44837200281066,231.71043718619904,144.4694645826879,70.2127659574468,2.3498813070529043,49.0,0.01857991212067471,0.01857991211856781,0.008988734290138125,0.6466077679613269,116.0,10.0,1.5401725848815313,0.5052395758287221,3.760858189428,36.49232284042738,0.0020194629891657377,0.05001908572896221,33.8441824189592,6.382018150068537e-05,0.006518205951196245,0.9906138223758912,0.038277791190224494,0.9827809343805762,336.0,0.988105010975735,0.04989694766316745,0.9788412181014582,158.0
S6,amusement,5.6684781578360015,1.8543897406493521,-0.0891122176829817,5.437999756540109,-0.07806639406489309,0.7729982871279767,11.0,0.9105088832626751,1.9380065142918812,23.28037632349263,3.3661331052313708,1.879721057149314,0.09055987669415161,3.150876741941462,0.08200567627271743,0.7180315789849476,10.0,0.5743089227374912,1.2982249661485334,20.21996237048314,60.81192913772016,115.45250591542306,119.33725030494348,72.41379310344827,0.9916774602798747,60.0,59.533146517318315,122.02637641334015,156.44176828467226,77.19298245614036,0.8369189680152255,59.0,0.014861682646991968,0.01486168210454496,0.008069035013813234,0.644274045674279,82.0,6.0,1.3086067230391396,0.46660635776892617,2.821708702187382,36.53875664680343,0.0011060678315841148,0.03190847412129189,33.83977995645471,-0.00022485495538701746,0.009142546833652197,0.9933538039169616,0.06158065950695899,0.9905439573816093,517.0,0.9891362567274768,0.056498808520000686,0.9815826497370246,153.0
S6,amusement,2.6226507200386457,1.757568064826636,-0.08501525246213446,2.5329521311891017,-0.07816073684947032,0.6013130873665846,9.0,0.9622332837355648,2.180681569298006,15.845141894417077,5.512390674526901,1.590364185967777,0.04537776096217602,5.357116658992956,0.043839339877529235,0.48578460447983285,13.0,0.4712674663059409,1.133106180759885,15.557069514136213,71.43739330803038,123.69644250815396,108.69547314563263,66.17647058823529,0.442616761075391,70.0,70.99831461278379,147.82414954779983,140.23577976835585,76.11940298507463,0.6935577467455786,69.0,0.01206668846592043,0.012066688458838862,0.007781392109530314,0.6384397399566595,158.0,13.0,1.6623739756279532,0.6254386263948349,2.3726162013458665,36.54771422247805,0.00022807099557749076,0.024919829194843025,33.83904250280272,0.00014594158034253416,0.008054379843418261,0.9933631081527097,0.0553328337646179,0.9898319871312347,515.0,0.9894655567819891,0.049292373964582775,0.981471826188956,117.0
S6,amusement,0.8485986934360655,0.645472511636414,-0.02028515416936861,0.7740132458154062,-0.01798781848459769,0.3705799165178579,11.0,0.44637852411940915,1.268547484791363,8.97084781845112,6.603790836486558,1.016832656275928,0.01508577291283403,6.271333639531297,0.015092941480425273,0.968204389844878,11.0,0.5212189594920376,1.2468573198276127,25.953243496015972,77.76950181832431,81.66555674147284,85.64266849337773,57.333333333333336,0.6817375042024062,77.0,77.5638911450126,90.05382680915328,112.23340220694527,64.86486486486487,0.695589301820841,76.0,0.02239839041886898,0.022398390411185753,0.014707167481366568,0.6422737122853809,149.0,16.0,1.9081649276841939,0.6815484703373891,0.5185861119964125,36.544167525908755,-0.000602491506003914,0.026554779629019948,33.843490039123914,-6.583933966591452e-06,0.004493374223541247,0.9910220885415121,0.029486378954522066,0.9829942265210302,273.0,0.9875481599581349,0.04199178905460309,0.9770146785847047,112.0
S6,amusement,2.6633856058044887,2.292371219011347,0.11065368164237822,2.5539426712123,0.10195865175011742,0.61132055040494,13.0,0.6022525006870993,2.863962614194345,15.173786534066132,6.812358086614959,1.0478979966202233,-0.011600397775953501,6.589188425216997,-0.008987018594379833,0.6017306528523348,13.0,0.5440631605650663,1.0536702332679253,18.38201578407853,74.70536671457795,70.90205267604333,67.63115112682729,46.57534246575342,0.23472172210671294,75.0,74.75173873616599,80.65836396559594,95.84253239363514,54.166666666666664,0.34889613365579364,74.0,0.02096131523989861,0.020961315231487563,0.012218605843173129,0.6499416569428238,154.0,12.0,1.9200318235249423,0.6758996005218167,0.7264984514780468,36.538718785924296,-0.0001147545990901014,0.028949479913961882,33.83910349994265,-0.00023892883958753308,0.007127486569482105,0.9903447163427942,0.02471256797725043,0.9813933682041197,214.0,0.9870625370422446,0.03225951317352203,0.9753331282224651,96.0
S6,amusement,3.32276467476806,1.804204905900319,-0.0687667182157861,3.249346663308438,-0.06358744727764806,0.5518159613385455,14.0,0.7996711545125645,2.9562047691595086,14.903577388044049,5.005768810220443,2.1191627840460416,-0.11784809729761098,4.7892764648015165,-0.10367117569878563,0.8110243196181287,12.0,0.6507088264311186,1.5049782226256792,21.161889629504913,76.38414343182194,91.89890699969098,67.19425937645707,52.054794520547944,1.0351690956116288,75.0,77.49068382437272,97.65695382629252,101.3918134322544,54.054054054054056,0.33997801649168435,76.0,0.014118536809945023,0.01411853679744385,0.009252611375546315,0.6444407401233538,209.0,14.0,1.9054466143152473,0.6771892631205935,1.0903395052397167,36.57654306734789,0.001991078764493789,0.04851097788173462,33.831427968967475,-0.0003161197716381249,0.008818701969599257,0.99022751343796,0.02847574017391803,0.981361396147978,242.0,0.9869933433454977,0.03458571608652493,0.9753520315655415,103.0
S6,amusement,1.2921014693323067,0.886400997615651,-0.04366994943706968,1.2124995911479142,-0.03826976561352636,0.45105869910593527,10.0,0.6606005421290766,1.3306206050271592,10.738209238486139,3.5162561333822993,1.2241123434616212,0.0008370771157964883,3.325933828917433,0.004497977942132232,0.6147373419756276,14.0,0.541735815218656,1.358431259552181,19.50231266755872,83.74698522090048,74.40027711351546,52.903213512980365,37.5,0.8527296034500594,82.0,84.30061524228077,82.81676537764517,90.59439670590103,50.617283950617285,0.5039353533946451,83.0,0.01849841948087761,0.018498419470704405,0.013833295731926093,0.644274045674279,194.0,16.0,1.8189120568896073,0.6841693273922743,0.47199529187859013,36.59844965583008,-0.0013172105659676997,0.03115613031134165,33.819328378525874,-0.0006360045135020315,0.012398079962961883,0.9919494529280667,0.04294362263012238,0.9858078718888893,319.0,0.988201856985414,0.055454018452442154,0.9796180583119442,154.0
S7,baseline,4.555680848689605,1.6492710587640853,-0.08628264777719838,4.379425451729088,-0.07692580017795261,0.7430002904579658,10.0,1.0542907651594366,2.192045092119885,22.122844079768832,0.7860261966468173,0.773235301798993,0.03328260172679648,0.7444321613044936,0.03047836357802771,0.20398044079116837,21.0,0.17535260355192908,1.336096171019897,5.032893433740827,70.15747150077169,60.31960531120074,60.3472538296168,41.791044776119406,0.7928524855144307,69.0,70.4679365071695,69.19085731456977,85.73054286237556,49.25373134328358,0.299671799050443,69.0,0.01978898457207811,0.019788984170975212,0.014752548012531515,0.6487747957992999,206.0,6.0,0.8213207289430207,0.3498375788089961,4.07079353443527,36.529986159135014,-0.0007701257602301463,0.03912021630894051,33.67834770217467,-0.0010051398099277635,0.020151064946499667,1.0181833186365636,0.01222490729553865,1.0368467187081505,169.0,1.0669555947427976,0.027151385982948553,1.1391314389137517,67.0
S7,baseline,2.1314404177006976,1.4991910142904714,-0.07675289596482733,2.022913296986808,-0.06658189902275886,0.7234149587095352,11.0,0.9030354558684344,2.4726899911459963,18.009887278047465,1.7573810226774313,0.9539587233648116,0.04393153289396685,1.6632252853475142,0.03682684464872997,0.5118277772473225,13.0,0.5121090951837759,1.5934712206211588,12.547839881003245,72.48493121319024,62.214337113359186,62.17486860230709,45.714285714285715,1.9357151727358992,72.0,72.59051060184629,80.39459849738246,79.91258477459694,52.857142857142854,2.417854289965733,72.0,0.022450784426610543,0.022450784421951385,0.016169896877030677,0.6479413235539256,215.0,8.0,1.5771780975570624,0.509378511613109,2.500238355984224,36.54216441181647,0.0019676044581055123,0.05455115745884102,33.662606166908304,0.00012132974900278467,0.0064439597136174255,1.018241467995282,0.007738301690857641,1.0368755684582456,168.0,1.0648423950940809,0.013506943870617679,1.1340717639224225,55.0
S7,baseline,1.3365581100668749,1.0330908206509417,0.015784745211284163,1.2217623854259578,0.017097623891981748,0.49016735260949446,14.0,0.5539998512920562,1.298606342835379,13.497923710430795,2.274052667088505,0.9214788543007159,-0.008377554824473181,2.2036787182339186,-0.00667471458311657,0.35068592040360813,14.0,0.5198007971302693,1.1637909631736458,10.8480324035167,75.40448121891013,81.38483457941471,90.71255218153492,53.42465753424658,0.5485841192011154,75.0,75.99432964024605,85.87686869425806,90.92489938827056,57.534246575342465,0.6642124042670319,75.0,0.0249886013976024,0.024988601061768412,0.018172673813911872,0.6479413235539256,241.0,11.0,1.8258886903257936,0.6461744619074217,1.134420116182713,36.58557623214428,0.0006858932377707743,0.05526310392090751,33.66220420832863,-0.00012045534088025665,0.006683699199713058,1.0180591807520722,0.003969189973736507,1.036460249982628,168.0,1.0649678276819137,0.02164983066313356,1.134625189165276,57.0
S7,baseline,2.527627153115029,1.2700324776452248,0.06544848084602586,2.420418275538674,0.055492343143288735,0.579731694972654,14.0,0.679740018203311,1.6984953957005886,14.660242892987212,2.2458970838884236,0.9266267459854282,-0.00936913114512148,2.0961176901201233,-0.007002557271574168,0.5042910105769332,12.0,0.5188626764079736,1.1825569408428729,14.714698573122838,75.59238405867148,95.10180830554205,112.90073224946642,60.273972602739725,0.5433079119963331,75.0,75.76098991116396,89.41448511662854,127.49017891264441,58.9041095890411,0.4354197984637578,75.0,0.025693012062206432,0.025693012011227374,0.018728811109476606,0.6436072678779796,209.0,8.0,1.515541382413494,0.5307720701934288,4.078773825350867,36.51615914960359,-0.005116086354244813,0.09329603735291714,33.654151834060436,-0.00036694150414803015,0.011878823520611143,1.0181176784003199,0.006280346222479473,1.036603049819931,170.0,1.0653064454659675,0.02853209144439945,1.135691902993526,57.0
S7,baseline,5.634575060540614,2.4173328552051845,0.13433566199573854,5.3861286583351795,0.12022603695203503,0.827771351514795,17.0,0.6113977509775153,2.0236818837495365,22.206502506193672,1.5436244331521085,0.9731977429800981,-0.0371220607123371,1.4979272138152442,-0.033049739959020705,0.3190608539912987,15.0,0.3556177262708234,1.2913211359800991,8.691435384108733,74.87172400192813,98.51755053063968,128.46854349087496,81.94444444444444,0.3164561720687909,74.0,75.09073535940699,98.88602110412744,137.50394565045923,68.05555555555556,0.6027016786499548,74.0,0.025919797120600486,0.025919797097295017,0.019605770794893493,0.6424404067344558,201.0,13.0,1.8135834096539738,0.6042386938124767,1.758751727472894,36.40903521791542,-0.001568073467386815,0.03682441055819665,33.64738989107405,-0.0002852999162880292,0.010281439205586301,1.0184073345336473,0.012420860405078803,1.0373077768051306,169.0,1.064746150332321,0.029206364063995092,1.1345373763493363,59.0
S7,baseline,8.581993454033615,1.1995010148821015,0.05715807094882064,8.241457381578046,0.046239539848217916,1.0051876993402715,13.0,0.6038516539426967,1.508362260100217,26.983548373539914,0.5833987146130696,0.5540822418860805,-0.022086674381834686,0.5347384753528975,-0.018070705197835803,0.30200032439510666,18.0,0.12686604971507548,1.1095540959318377,6.104975859288329,73.91585794243503,84.57745012958551,111.65212574375154,69.01408450704226,0.5895810150075138,73.0,75.01199567345283,99.13288441776086,126.55828870580088,66.19718309859155,0.2671541334843792,73.0,0.025435713525936307,0.025435712882336106,0.019619595963493594,0.6471078513085514,210.0,20.0,1.8832861642545968,0.7078718914089994,0.49577215301066585,36.42996881602297,0.0030455756031397283,0.060769289187011334,33.65382194623474,0.00046824282725098246,0.009935033419204651,1.018498429348657,0.014150593255308602,1.0375392898751583,169.0,1.0652502312957826,0.03073612588227903,1.1357027647099693,55.0
S7,baseline,8.018932785502416,2.0986288458995612,-0.08815696663294084,7.753691132568673,-0.07549420479976952,0.9112566186857094,11.0,0.8527454470600028,1.9419565548041327,26.024459171203127,0.31828033846920006,0.07303825681631819,0.0008291276534767352,0.30073128948346833,0.00032621889427916713,0.08427405263335726,28.0,0.044032070354815635,0.14156061132228887,1.5524638502623893,66.59625218887876,115.28601556396748,78.40200890283357,53.125,0.39594176681591037,66.0,66.29038474364316,119.91872426836657,97.97443204896602,46.03174603174603,0.6685931174562025,65.0,0.02730114584624175,0.027301145782564425,0.021007536959899945,0.6491081846974496,224.0,20.0,1.9413094413924525,0.7069746685975253,0.4146439917437568,36.50323426927992,0.0021307636787296622,0.04783887719109498,33.67077507688477,0.000642945665426333,0.01217033854407167,1.018479385496124,0.014999875557011674,1.037525254947288,167.0,1.0654059154725797,0.02361768638494609,1.1356475598341431,56.0
S7,baseline,4.560732814725803,2.9615371277030453,-0.16331472058824933,4.361772374434364,-0.14373225903596298,0.8971308443044093,12.0,0.8900613070011906,1.8579347086606965,22.857987388219495,1.0437413544524765,0.8795422585734433,0.044298163780717034,0.9911977105922974,0.04040127864127535,0.29846784724425685,16.0,0.3224593516499278,1.3350372042143557,7.473754509870536,59.676290013954755,75.45626490150198,74.8683054295655,54.3859649122807,0.5385561777029512,59.0,60.06097428986801,74.82529757422878,86.24308911593218,48.275862068965516,0.47257797595584883,60.0,0.020217399967441884,0.020217399827982246,0.012625456703086253,0.64327387897983,255.0,18.0,1.9954522743297909,0.7051284100713013,0.4729492243974309,36.48691807458347,-0.002634035244633823,0.05202469984284126,33.69132546008951,0.0009920656197096236,0.020480261139400283,1.0185930375197514,0.01730062840170936,1.0378310878268073,168.0,1.065109602115024,0.01585634130327567,1.1347098880771505,52.0
S7,baseline,2.7011305121956806,2.0319558629285055,0.020441908839230548,2.446728602840682,0.0153107251943374,0.9049470377109831,12.0,0.7390705540109813,1.6322067914224574,23.53115071381215,1.9152727815668575,0.6649836960982519,0.012024869895225512,1.8498231475092306,0.009422594993620782,0.38150387652974527,17.0,0.45654094331901734,1.5998262672453318,11.310006813757678,58.658778907652604,105.0700137632418,89.48336564564838,63.63636363636363,1.0699847424371856,57.0,58.93468195323546,98.92174250959233,90.79705803476155,51.785714285714285,1.1279163529894691,58.0,0.008078342246245691,0.008078342132199564,0.005499465666126288,0.6467744624104017,215.0,17.0,1.9989513018720355,0.7079103580433105,0.3398437140804579,36.36320085305329,-0.005364503518913976,0.09547201070658863,33.71987397078961,0.0010917611547080622,0.023130343960501475,1.0185014516876025,0.014534522268301696,1.0375564594273217,173.0,1.0649828709310485,0.019315538733345093,1.1345616054130976,53.0
S7,baseline,6.094309368886566,3.527370910999234,0.17490934340240433,5.933669592263961,0.16061035656309927,0.58915013798732,15.0,0.6176133978939177,1.8891932374718827,15.918322892766989,1.8569288178472698,0.7324487059165569,-0.02274979601137548,1.7880422767359305,-0.017458748269473544,0.3650802062495616,19.0,0.30457156906988997,1.2024862718715976,9.813386563423506,62.22204317840956,125.33779494442246,83.33666660000317,56.666666666666664,0.6561438031168069,62.0,62.51818116168596,124.22542200781258,86.22112288325872,43.333333333333336,0.761944535269293,62.0,0.012771545061792072,0.012771545061675422,0.008469124558951857,0.6536089348224704,205.0,18.0,1.8988750706477002,0.7092830815957997,0.37316193132421666,36.223472391774116,-0.004811880673042062,0.08948933757969488,33.74262977079258,0.00023502830162492117,0.009082511252385099,1.0188647577522367,0.022584607415898714,1.0385954590816546,194.0,1.0645928702390346,0.01779736555259806,1.1336747255843986,56.0
S7,baseline,7.9450389682895075,1.4725524648870973,-0.07406389268548669,7.624366246146479,-0.06717640444552853,0.8829423578711453,12.0,0.6994880789105616,1.7521318530079597,27.688333888140022,1.065190095843278,0.8471172410182571,-0.0414198127188381,1.0201474554204943,-0.03762505724430592,0.275495707011538,21.0,0.2028011087194933,1.0539975363235108,7.2408092220988625,71.79153151678547,96.27438789197866,91.46156237078158,62.31884057971015,0.510244915882681,71.0,69.91303992743053,107.98156818763854,146.027544810161,58.208955223880594,0.4329544390325357,69.0,0.021109425806037717,0.02110942580564253,0.014589149495434831,0.6481080180030006,218.0,18.0,1.9618670873357067,0.7051890960200016,0.4204067893268503,36.11385571603921,-0.0036204006038361575,0.07177310387796655,33.75029707497726,0.00012146736809322037,0.00749069365222085,1.0188595715735382,0.022840419515749208,1.0385965113506694,195.0,1.0646656333031776,0.015005800251251367,1.1337380847780367,55.0
S7,baseline,5.613247326836561,1.3864524603435935,-0.06728066360152578,5.382702229801526,-0.05967424377949404,0.7900706116419018,13.0,0.7132463174659903,1.4424897456380936,22.69638090663937,0.39670397040294103,0.25148625695834026,-0.007702704091915779,0.3682459299679916,-0.005934683287267966,0.14228872925363595,28.0,0.07742023680294764,0.8687754237418552,2.8608297234430613,79.59962896320698,91.94432771245965,97.2314114287192,63.1578947368421,1.3386412311198006,78.0,77.69158943013343,124.65041205397287,155.23317791962847,67.56756756756756,3.0345700103694866,76.0,0.02010107241405157,0.02010107239922989,0.01371504779937579,0.6482747124520754,221.0,18.0,1.8968985363052977,0.7054537405702878,0.44971732759644073,36.047855944681935,-0.0013202416958805405,0.03268553751661507,33.75821298699232,0.00033308515528534285,0.008820960562031585,1.0183866978751173,0.010065044142086234,1.0372127715225676,167.0,1.0648221030043343,0.015992392208876893,1.134101867655136,53.0
S7,baseline,5.026231204516287,1.0736021474964117,0.018154452586894403,4.786851501921482,0.0205937807873283,0.7583559391836497,17.0,0.6548631880403029,1.9627347994769764,23.07888611302172,0.3052470922946844,0.018667112311294202,-0.00015956089414390955,0.2925942051384239,-0.00010795725927725515,0.03745544216262466,30.0,0.03626726097294007,0.09541131714305046,1.0765704934972762,78.78473007782901,87.53517016055672,86.33624597132494,57.89473684210526,0.7392931681037596,78.0,78.48292033174384,95.81783818285136,105.07933510765409,57.333333333333336,0.5032302730346675,77.0,0.012363933666642993,0.012363933564345606,0.008701335488325126,0.6501083513918986,205.0,20.0,1.9458763529337435,0.705637130766374,0.5742903606038922,35.98669423501356,-0.002696319236051405,0.053211187349299936,33.75468017954608,-0.0006316017569056408,0.013052271175920872,1.0186212358792621,0.017413429039559253,1.0378924496951112,170.0,1.0658789330916631,0.029320053183571414,1.1369575655273099,69.0
S7,baseline,4.738988221386096,1.2388078620373153,-0.050091294561076916,4.5836199900458805,-0.049052091462760204,0.6162869882688335,16.0,0.7155390887391955,2.212035195989479,18.804622956274144,0.31862298666520483,0.0463719960883955,0.0012864729824346422,0.3057728211399662,0.0013037358921491298,0.04284584418217683,31.0,0.041500082639768676,0.15607762611968534,1.2218154361993974,74.51244757837644,79.82071806218894,86.65063954370625,58.333333333333336,0.5322991613844578,74.0,73.79057475195074,85.36681198162378,99.37635639963666,60.563380281690144,0.9643609163179602,73.0,0.023588373987234627,0.02358837394783571,0.015373814556425728,0.6397732955492582,203.0,21.0,1.924443936068834,0.7058230028885771,0.44498202210875887,35.972143287608844,0.00208726998429292,0.04637368279320602,33.73670781519225,-0.000591385133946346,0.011775174702507291,1.0190206436942186,0.024664319578496293,1.0390114009352502,175.0,1.0655619119063375,0.030193974412959054,1.1363338641963396,65.0
S7,baseline,3.450137392362763,1.0589508508948977,-0.04480855458585996,3.286563888297395,-0.03677724631837473,0.7033654660487731,13.0,0.8019222217470483,2.4384547467382305,20.095361844319893,0.33436442428126356,0.05132836395476854,0.00018145808459564045,0.3218302539988325,0.00023656549800243413,0.04980172089217776,28.0,0.05627545274421666,0.26189145087091614,1.4696618024865131,74.14978073154043,93.04690707948261,110.2430094235481,61.971830985915496,1.2506279706366406,73.0,75.12146409062073,112.98347682402694,150.29900031779246,73.61111111111111,0.6530767647425645,74.0,0.03304794986348803,0.033047949860792486,0.02433468988834002,0.6314385730955159,231.0,18.0,1.9674444184040232,0.7050402085204527,0.5467867761264099,36.0165756997469,0.0010131815303568267,0.0430877272706834,33.738334186374736,0.0006269355063253868,0.014447682776300493,1.0187583477052509,0.02139152219141927,1.0383261682407994,178.0,1.0641815245007322,0.017236037106353647,1.132779398063834,53.0
S7,stress,8.930183226285124,0.8964882078713862,0.038629747643141074,8.585139153642398,0.03321961969329931,0.9722539082856534,13.0,0.6851605716120621,1.680227716666546,28.120148769987065,1.508199600725849,1.067321131492136,0.04761557750161681,1.403596242150556,0.040641061907517866,0.4558661695822711,13.0,0.5392464988556855,1.127501428794882,12.065428281912958,69.88743911178247,116.23308979103149,130.87120663947735,56.06060606060606,0.6455662893803793,68.0,70.3422018214457,106.01514211685172,113.34066013117528,70.58823529411765,1.0992318416211013,70.0,0.03795320359837366,0.03795320313728051,0.024081187708109242,0.650775129188198,136.0,15.0,1.555967645473352,0.5618004291125653,1.095305613860854,36.534091524187076,0.0005930099028655967,0.025656124553590603,33.68517770270746,-0.0008011370060886216,0.01902704002849103,1.0206124014446167,0.05394979230013278,1.0445602540717749,418.0,1.0673178298893389,0.03241683076698867,1.1402182009166628,83.0
S7,stress,7.806775798808243,1.9292205737298511,-0.08770632401185037,7.5006850477692835,-0.08159769037693167,0.9874361826239596,11.0,0.9410346225230651,2.395658540255024,29.137095646746488,2.5330873349748404,1.0076089763755531,0.021901789966543482,2.4818712508428677,0.019907945655102996,0.2671850236202564,20.0,0.39382741923578024,1.0060595816107818,7.578197467027483,69.38954252783772,120.14991389566684,94.0261085598524,60.60606060606061,0.45824896828653766,68.0,69.86283562169056,124.21309298729673,89.3457252330756,59.09090909090909,1.6091911947469002,68.0,0.041459106726429544,0.04145910672632968,0.025095672863411363,0.6537756292715453,143.0,17.0,1.5834837113094336,0.5618528605667199,0.4881726129147353,36.54336223004735,0.0007542246958418776,0.023868511981817053,33.67104785997336,3.351941718904357e-05,0.011463831547762557,1.0223105326284236,0.06519920637699744,1.0493697616352013,556.0,1.0700660962392312,0.0642362355130301,1.149167744273553,165.0
S7,stress,6.109516344982149,1.0669213705310716,-0.0211486392579403,5.820641823989162,-0.012223370790556312,1.0179817644959213,10.0,0.716800218855648,1.7924317360480009,26.31261374980085,2.7065237227839725,0.9117699366752416,-0.005996292532740269,2.5468085259294715,-0.005263047404516052,0.5177506068449069,16.0,0.460782688220733,1.1755568590605963,15.090138336937756,66.82300709858957,131.1181572241091,91.42107251613324,62.5,1.8467026464089344,66.0,65.88782100445216,122.07260662526811,102.06207261596575,53.96825396825397,2.1960854747460257,65.0,0.033768691087262485,0.03376869076725824,0.015767470442898075,0.651941990331722,124.0,19.0,1.5818114071101352,0.5640764004697638,0.3821596363488967,36.589097975878694,0.0024416968993421803,0.04623274617625472,33.68290008103891,0.0006087032455444055,0.013206468971933083,1.0231369586097745,0.06433142123074855,1.050947767830827,510.0,1.0710163751890869,0.07304903931471525,1.1524122380679738,179.0
S7,stress,7.066555886820561,1.5758237664456949,0.061818522987469385,6.741879155968739,0.054678671145487495,0.9996998619585041,8.0,1.1779422688046899,2.1641249163788965,29.02951667154256,3.660920180576388,1.3554571935704653,0.07189933775866814,3.513749686611669,0.06542757719855716,0.5069779856100196,14.0,0.4998103789629308,1.238276621536989,14.758763632691922,85.50092872888438,154.79955665355922,70.04407783321935,43.20987654320987,0.48617306625395257,83.0,84.36134771528657,154.367116432485,88.4058277923929,43.037974683544306,0.2317130814356256,81.0,0.029226253695187075,0.029226253691950744,0.014739719846601294,0.6462743790631772,111.0,20.0,1.5767244227774095,0.5656509277366566,0.5106364504102059,36.66387373927525,0.002354370169797832,0.04692963731506864,33.67719931296533,-0.0010424110192092447,0.019784247276004727,1.0201016048625657,0.03836476001491373,1.042079139054184,336.0,1.0691790945181348,0.05257289970805568,1.145907845938332,121.0
S7,stress,8.326336958401672,1.4477329761401192,0.03819595471907879,7.998787753933376,0.03299940840035773,1.001514329265562,13.0,0.754595206325596,2.07447133021721,31.399412966172086,4.755976896250136,0.4548967035872799,0.004184926771575582,4.572303436440219,0.004212668222273038,0.5196646334940308,18.0,0.36506993153753764,1.3699860329303304,16.990399944988795,100.31537774726625,57.04492713064181,60.504749749653094,34.02061855670103,0.7683805059058538,99.0,99.09350272075014,67.65939717329543,81.40884912677389,48.958333333333336,0.6719556578206755,98.0,0.019975739305768684,0.019975739294825674,0.014644287064382212,0.64327387897983,232.0,21.0,1.5989078833230552,0.5644637482130935,0.43422920215020083,36.72460107800775,0.002039634228352624,0.04376239221385412,33.65947645787366,-0.0002537548253799319,0.011186660303699924,1.020345465117428,0.04828375736041123,1.0434361894105395,447.0,1.0692135177203619,0.045221207106145404,1.1452625040480875,112.0
S7,stress,7.138618645033991,1.970050545666025,-0.07242827142516592,6.821863244942797,-0.0671520819658766,1.0287512070906226,12.0,0.7276963523638038,1.770877672442448,29.762201614273835,5.144344713479202,0.8777413749222318,0.0279990558378494,4.945584053068345,0.029253667949289353,0.6141327020647647,14.0,0.49744936498640635,1.266436069930445,19.068530232873304,101.87775245940638,68.40498076549031,88.63476997758599,61.224489795918366,0.5697487048514712,100.0,100.72022144553151,87.31368798722552,110.21172951262922,60.824742268041234,0.5907402622169937,99.0,0.017548576173235308,0.017548576166413102,0.012327339631311069,0.6452742123687282,257.0,23.0,1.598808720573531,0.5665523778880167,0.2713190918213771,36.76188819715332,0.0011627137886981453,0.03338494653646064,33.663745009582485,0.00034778064077085663,0.007299471173203,1.021115784775897,0.060904496398318124,1.0463868036000283,482.0,1.0716674530756345,0.07349667360940529,1.1538728910132643,175.0
S7,stress,5.401096995951824,1.7254942807544658,-0.04902137083486956,5.168074180782541,-0.03907066125141145,0.8363687344430174,12.0,0.7326703495004055,2.0452658410867652,24.3614523489613,4.407574497028114,1.5266522108459437,-0.06534968374165338,4.258655571082943,-0.05898604432184904,0.5657146639794847,16.0,0.4303743188486475,1.4938976991596062,16.160757710228584,96.94978914278433,89.81411444994,103.43560668929672,70.96774193548387,0.2423227812176312,95.0,96.05380481745898,113.22225185115731,143.4207738518125,64.83516483516483,0.6896010001217319,93.0,0.016061497662037773,0.016061497519649196,0.00981479329303523,0.6414402400400067,164.0,21.0,1.529399429531773,0.5659458795757247,0.38811080891930844,36.78548463232485,0.0010057868365647535,0.030877750014567454,33.667884316341265,-2.9364594502096927e-05,0.005254317648541461,1.020386357808614,0.05615946486339737,1.0443422046956723,430.0,1.0699313537534523,0.078466190897993,1.1509100448587346,178.0
S7,stress,4.313938309805531,1.6953285293696925,-0.06512174745500417,4.134802268787099,-0.05564929993218464,0.6189397513073153,14.0,0.6711719384956135,1.8884111695026538,19.597958519355576,2.5457802026576237,1.074904304059945,-0.05311366450208546,2.4298222895188406,-0.04386452015395135,0.49028156265102296,22.0,0.3733075737782055,1.4292045184650468,12.620743196205144,90.00978045454372,94.59801133037139,111.42835846303862,70.93023255813954,0.5262935535719218,88.0,89.93932941372617,111.84798544946851,156.16821987750677,73.25581395348837,0.17794844465540882,88.0,0.03123024879065639,0.03123024878227178,0.01758020324240033,0.6379396566094349,118.0,20.0,1.5927734940794565,0.5629235938525771,0.43619038258711734,36.79944166725832,0.0001972945084276797,0.026420271886268262,33.664554411557546,-0.00016107537053563776,0.006965778924375332,1.0218398879919162,0.06449422478202864,1.0483162617215669,483.0,1.0674457931609997,0.06836977826444288,1.144114947917045,151.0
S7,stress,4.009040310348107,1.0479227656629555,0.03463416704945273,3.8355414383652096,0.029784978447923754,0.6490614429446708,14.0,0.6815007787239968,2.0527951955819304,20.624628112267093,1.3843942681597339,0.6873952898580437,-0.021716333889160402,1.2926683974127249,-0.020416968583600585,0.3986687803124721,18.0,0.3842775589810304,1.1891900098426929,11.225641565758227,83.61025443831744,85.17320769257161,105.53435459602635,68.75,1.1795953089585036,82.0,85.0404450524144,96.20002120485246,131.31474373160196,70.37037037037037,0.33982526479666053,83.0,0.038748100532675175,0.03874810037064366,0.02353744632766318,0.6431071845307551,114.0,20.0,1.5890189012119273,0.5624196640968645,0.7203730950846817,36.772351966857805,-0.0021993529596686383,0.04123931675537015,33.65394553705059,-0.0005804649546876781,0.01152368840764602,1.0222970195602132,0.06273515033458188,1.0490268952891975,458.0,1.0690348669386054,0.069600128533927,1.147679724622381,159.0
S7,stress,4.025833326042736,1.1462842023993502,-0.018892153494480538,3.8949072896266888,-0.02112766887126836,0.5355354954171911,12.0,0.7245946029501562,1.5867088891414776,16.800383293310958,2.492164084531291,1.6829481630414416,0.0863149664894169,2.4070429361998693,0.08054485877722004,0.37136956792819187,16.0,0.4682147599537507,1.2198437863072225,11.780183418172754,85.30870503939596,79.26992018944527,84.86718461449198,60.97560975609756,0.3666350812343779,84.0,87.16087227866366,98.95485365821088,132.5714280932613,63.855421686746986,0.5902212844494642,85.0,0.047514033085142286,0.04751403265706378,0.02921178161144932,0.6476079346557759,167.0,20.0,1.5759056385696406,0.5618480028606381,1.066160429270299,36.70377810844156,-0.0026337228337442262,0.051311550096749724,33.64836022376288,0.00022212026858427247,0.009783398228893134,1.0202973273069373,0.04628501213113243,1.0431489384576587,352.0,1.0688693172122252,0.06535662369037097,1.146753105537933,155.0
S7,stress,3.2036107716406463,1.1849453248053048,-0.021063613960626934,3.00273381561743,-0.02019120774643022,0.7576104961030524,15.0,0.7893688083023246,2.350655182627326,21.456279140816896,2.7198960018171103,1.4712721746705921,-0.06960760083808716,2.638769676071256,-0.06420897205045842,0.39656279135915734,18.0,0.4297807702000984,1.4484336755779987,12.124974386012378,88.88356837468459,68.36698306318837,89.74123005671989,61.627906976744185,0.4161432858132975,88.0,90.87804475063359,98.51462811830673,145.85578131827864,65.51724137931035,0.5799943182274102,89.0,0.050137047070381066,0.05013704654372616,0.03315882971605947,0.6541090181696949,172.0,22.0,1.5920673967312184,0.5629734993147473,0.574331910011226,36.64112223440417,-0.0014833311191001627,0.04107321577782935,33.661491272488774,0.0006330456366404367,0.013227352579710272,1.0194813537536345,0.04226402538924474,1.0411284784934456,301.0,1.0684145132569314,0.06884445678004186,1.1462491313673848,156.0
S7,amusement,5.191231021414832,1.365665255866532,0.055066333434744257,5.003542884211597,0.04448605263910234,0.7351255026699814,13.0,0.8723461901864675,1.7168046027092991,20.571858988765904,1.3543537393108551,0.6969157919218939,0.00012845743996422576,1.2589887003954232,-0.001860711030999897,0.44584376987862684,17.0,0.410930439851348,1.0861687411031093,11.924507438878825,71.00908747236093,106.85279210945147,148.83370111717056,67.6470588235294,1.850830427109943,70.0,70.59711370669186,106.18884574513329,150.86330393399382,68.65671641791045,0.7220550305202816,69.0,0.01728448506303424,0.017284484104176257,0.008917825137404528,0.6421070178363061,105.0,16.0,1.8754357798130994,0.6791164640535222,0.5325344016013323,36.46139202285253,-0.0009329837637423738,0.032621650374783984,33.73790521664274,-6.29422286955541e-05,0.012159194158695825,1.0220272325745272,0.05941691588991448,1.048070034017816,485.0,1.068268895424448,0.05986722793207848,1.144782517911641,137.0
S7,amusement,6.041521724310373,0.979658864328051,0.030757764431538853,5.783837982438107,0.025747978831434738,0.9260183657496144,10.0,0.9857743241539538,2.037509693139387,26.29835001698542,2.0356539522976704,1.130799940543088,0.04008944857951379,1.9656893165981477,0.041892747124484084,0.3608932254913597,18.0,0.3967390146413725,1.1825173399725366,9.876712799195193,71.02098581532525,129.83612281800046,163.77997617845395,71.64179104477611,0.6936001081121821,69.0,69.32603914149063,133.1675547452003,197.51129738497738,81.81818181818181,1.1272349244952802,68.0,0.01820836752684925,0.018208367440062746,0.012420362224076286,0.6366061010168361,131.0,15.0,1.9096633086034993,0.6835411705401383,0.3781864619470136,36.42047467049147,-0.0014585400389912344,0.03718521672383984,33.73657114163108,0.0001320841758254698,0.008422883379567276,1.021299560638541,0.05361445103745449,1.045927301920525,432.0,1.0657284378707919,0.05615533073627137,1.1389305244566181,126.0
S7,amusement,5.904324484152404,1.0899302024510564,-0.03881184499088432,5.67099541467733,-0.032006489944095384,0.7961219706885369,13.0,0.6821206953453957,1.7599428895507607,22.959580270591417,2.10292279262492,0.9901216284826918,-0.04190740536324593,2.01405027563178,-0.039164926407238274,0.46087978736857305,12.0,0.6030471724551899,1.4884625039319235,13.802552501898571,70.12097345417338,135.9985766280903,183.81891616314635,69.6969696969697,0.5479952362616242,68.0,69.24972266967174,147.6963809147492,218.76716965584842,86.15384615384616,0.29240401056347365,67.0,0.025417006194392522,0.02541700619251453,0.019176963840934196,0.6396066011001834,237.0,12.0,1.6866181903630089,0.6308326731522381,2.01043106269557,36.428619320136455,0.0014739495003949915,0.042186147850193395,33.7496918786335,0.0006523919440142302,0.012806306121618647,1.0191282318848032,0.02139436591990066,1.03908007191776,195.0,1.0664917945458627,0.06290960906522382,1.1413623667463944,152.0
S7,amusement,4.708383150405932,1.4183822993871815,-0.04167659696848689,4.4600730408294025,-0.03510541794345156,0.8053775678706074,14.0,0.6722432135588605,1.46890385463354,23.829176291779973,1.9354323065446342,0.7586920100532545,0.03603023808316783,1.835872606994083,0.03128027399353219,0.4794107355562042,13.0,0.48428852529717215,1.4884625039319235,13.822311491676603,71.36579994637746,137.87681839344205,186.17275342446496,76.47058823529412,0.433190368060924,70.0,71.262452552349,149.04652883178534,207.14837136988075,74.6268656716418,1.406910725151311,69.0,0.026495028208239166,0.026495028183197798,0.019842213889375637,0.6434405734289048,245.0,8.0,1.623911608120073,0.5734494784503729,1.6262991666946878,36.44671165999888,-0.0011590534791451397,0.05180434781018018,33.76391740783963,0.0002406063745498976,0.006306092809325953,1.0182925855397824,0.00690399660371575,1.0369674549343992,169.0,1.0681622130201496,0.06594905732340488,1.1453197914859496,160.0
S7,amusement,4.7804101943023385,1.4703476241841438,0.06791788326242428,4.55528109065859,0.058927163699752476,0.9319952259069219,14.0,0.8366604706042372,1.7978728623049625,23.58759761848479,3.1931507450299574,0.9801012102487187,0.030555742470878142,3.093088898343434,0.029908856681900617,0.35893995476710105,16.0,0.3830678550133069,1.2059255113389749,11.344377513032796,73.46467271456287,138.656096434563,171.70988822512703,75.71428571428571,0.3848277957006094,72.0,74.99537368519358,152.3978108240528,176.73723180796642,70.0,0.6392800713498756,72.0,0.020613188297715662,0.02061318817279995,0.015205263996688683,0.645440906817803,216.0,6.0,1.145429655127676,0.4258231888033732,3.8930450806534465,36.370918804618675,-0.0037148641526067888,0.08667479963079465,33.76960150277587,0.0002680545670893288,0.009556475589561039,1.0186001489853318,0.02791424872656088,1.0383254687949082,315.0,1.0668454414982114,0.05572626870882251,1.1412646130697213,130.0
S7,amusement,6.684402775784693,1.707639754764605,0.0544749425170809,6.484315150618229,0.0507797294974978,0.6744497706343565,14.0,0.7430454339736497,2.1000261834641822,21.97321275498716,3.5417467812511765,0.7538178968663732,-0.024682529587541475,3.392541709392222,-0.0227899324012152,0.47798087219271645,15.0,0.39329334150597456,1.1743848393616272,15.293415765211817,70.62864034384526,138.44520115301074,135.75825216281717,65.15151515151516,0.7263603521124502,68.0,73.43805541580288,163.06853561182695,147.0401527669748,63.23529411764706,0.4453081986821664,70.0,0.02147400025988781,0.021474000186888217,0.015781271791412324,0.6479413235539256,224.0,7.0,1.3587454126950556,0.4755437377318095,4.3378796663807995,36.30074690581789,-0.00020508822891007479,0.04008179027562244,33.77528037420725,0.00032308533427816995,0.009696046382276067,1.0205387822662235,0.05840207648322875,1.044910208646979,513.0,1.0676142619055813,0.057411314121236526,1.1430962712133264,145.0
S7,amusement,6.413410948366827,1.7372521534000287,-0.0855268625571499,6.105984676309475,-0.07600530595316286,0.9259196922328577,15.0,0.5999854892608255,1.7667057871508192,27.37353097484965,2.522351963078992,1.0922892293148363,-0.048306399784808926,2.4484944172597283,-0.04122991186428339,0.41851091013825986,17.0,0.4000948713297029,1.4079310424183207,11.513191498875367,59.7333373897284,158.27270967089183,122.66388454402,66.07142857142857,0.27244080276370114,58.0,60.36817858717673,180.23321431558668,138.61094926699127,64.28571428571429,0.5920084063229093,58.0,0.024936835614204393,0.024936835539485176,0.018831363844096484,0.6467744624104017,235.0,11.0,1.7375817795644353,0.6620145534944438,1.0042888030840533,36.31029078622396,0.0005040544952027146,0.02544778307343671,33.78558153656832,0.0005105084613773182,0.01160400705091158,1.0222510994078788,0.06518751707901761,1.049246722623544,498.0,1.0664990640664849,0.041901813427441495,1.1391760156231963,111.0
S8,baseline,7.594151341773885,1.2655971926852045,0.02781489072522868,7.321565784540305,0.02559608863200876,0.7856616182034328,12.0,0.8065788233350656,2.664264868783577,26.960741199483646,3.794489311961767,0.8502120274154625,0.03520854495516843,3.67679239270502,0.03148381912420522,0.412026686142147,15.0,0.5627145289559017,1.5345158581468579,13.272076683916186,75.54059446918467,92.18017232828247,100.31201323869443,63.888888888888886,0.12021434156941278,74.0,76.67921949583796,103.55313133587072,95.58702464676844,53.42465753424658,0.3583723145989187,75.0,0.03979525659238145,0.03979525652194283,0.02963590161345608,0.6494415735955993,223.0,17.0,1.9283976814149422,0.705826586449865,0.7188521666518091,36.37496801825721,-0.001873567167387284,0.042317251012185815,34.02084701533892,0.00020938208125708055,0.007676205726393175,1.0112755936377689,0.010534402325245313,1.022789299919772,170.0,0.9301177346901509,0.02508545353903276,0.8657482803643968,58.0
S8,baseline,6.944981033232902,1.466094055113575,-0.05574281681502289,6.60158291747501,-0.050112656125952955,1.0767477622798771,9.0,0.8366248405622358,1.965769543027566,31.275680900124847,3.2403282839396477,1.1640609771417685,-0.059524923200770276,3.1260362556427976,-0.05233306987824084,0.4455581715038528,17.0,0.430900029872056,1.1490933082607946,12.576987691052334,77.71493681889974,83.41988487754273,98.27851579397579,66.66666666666667,0.2750647751144126,77.0,78.66974350657186,96.03484590429804,125.32082594731979,61.8421052631579,0.37635969108949735,78.0,0.04228993866046894,0.04228993852356938,0.03221567072473576,0.6509418236372729,230.0,15.0,1.9898169300920945,0.7034739495149788,0.5409991700925395,36.3065688236507,-0.0029916871068698045,0.05692549511318899,34.03617111425149,0.0008702254967835535,0.015579167955562485,1.0118255501922122,0.01834315388946393,1.024127415316386,173.0,0.9316006483678296,0.026114047733000006,0.8685617115283617,60.0
S8,baseline,5.254296423059929,1.441374452214446,-0.047651269520502595,5.05563389384943,-0.04244340187707047,0.6631148123013341,13.0,0.6691857214217352,1.5464781945650032,20.678782839429765,1.806169251262072,0.7527362200060315,-0.030373727894698575,1.6908947643896965,-0.02654047069623289,0.48930250637963124,12.0,0.5285566879555029,1.3009964163053036,12.764021598822215,79.84745919729858,89.37506124256416,112.35516993234569,61.8421052631579,0.3239386139894226,78.0,81.03818231622813,113.03151602967807,161.72431310620962,68.83116883116882,0.2177555806081735,79.0,0.04075187277552439,0.04075187220050029,0.03049614732335316,0.6527754625770962,248.0,15.0,1.9683363777737377,0.7064742392288104,0.5371642282982602,36.265701427318625,0.00012082442725362745,0.02333965591929485,34.06528232090177,0.0010596618826145274,0.019135026563628695,1.0118137090172818,0.0157243958740761,1.0240142383809134,174.0,0.931883220345925,0.02642849076701713,0.8691048014865139,64.0
S8,baseline,4.3125784453839815,1.251695246708141,-0.04253004375494008,4.098218623980576,-0.03289347022222429,0.7929112465671375,15.0,0.6410239592611054,2.173006846903342,21.815570935563965,2.4976426142952852,1.2075991423466734,0.06120876227772528,2.390039554463515,0.056275963484284826,0.40686051805170953,12.0,0.4944166894089664,1.2661851515333784,11.87325117773958,72.9137324775187,131.95896218849018,123.26476746642034,57.971014492753625,0.2749017920486578,71.0,73.97041830977717,149.86720554978413,153.47398120726749,65.21739130434783,0.2836082928101808,71.0,0.024214661685947974,0.024214661676903188,0.015339008785085149,0.6469411568594766,223.0,17.0,1.8983044684025254,0.7087481381568381,0.7881106263558435,36.25531473588047,-0.0006792468680462447,0.025539535881165094,34.08860966536974,0.0005130465115832387,0.012836648760344007,1.011495703897389,0.006118852775492271,1.0231609993621626,169.0,0.9304306761819036,0.02234796585610251,0.8662006747582199,63.0
S8,baseline,3.9751824363866715,0.9181593058465101,0.0010848645211357967,3.779065856899787,0.0002176739271801592,0.693713252375829,13.0,0.7487183285216428,2.028070082991808,21.14109561325633,3.5792514317156967,0.6051618624356053,0.008770468266639854,3.427725284021498,0.00493753765401644,0.4610235840845694,12.0,0.45758411878974353,1.1816986465076749,13.877877632849895,63.749778923063815,95.09785102287925,127.08587518733596,77.04918032786885,0.6746765670046433,63.0,62.64845685515831,95.2870918162753,109.0769749229109,58.333333333333336,0.2728039860804288,62.0,0.018763950620859744,0.018763950235418027,0.012090889221400789,0.6384397399566595,173.0,21.0,1.9711552417665097,0.7079762669030569,0.2551249693777542,36.22739281088913,-0.0005436149848825953,0.03322719281652324,34.092578864258535,-0.0001633736997581263,0.007739249407175027,1.0114566532873723,0.007649161940305753,1.0231030711576805,167.0,0.9307317125809854,0.02180439091859223,0.8667369522672648,53.0
S8,baseline,4.776025189069432,1.156721126524595,0.04892443232715998,4.609056283497331,0.044129308378473044,0.6831122511316684,13.0,0.8557836746308283,2.777941652093558,19.822956045659865,4.110213500518292,0.9577437355717632,0.03033760116798386,3.965732433715833,0.030988998578212575,0.5010200781738193,13.0,0.5035742048530638,1.2112679120401468,14.337467086898812,65.16882359800935,87.2425625537335,117.87773873943492,74.19354838709677,0.6683466268848514,64.0,65.41698802013482,106.84793238412199,117.83468776584006,55.55555555555556,0.5740348488771846,65.0,0.017631269208365042,0.017631269204375733,0.010734462473319382,0.6382730455075846,165.0,18.0,1.9321422449403687,0.704720405253641,1.0187695271654766,36.26826685968217,0.0036861143254315796,0.06648594768569771,34.08158561924159,-0.0003408935789387114,0.011203253342723245,1.0113474810780163,0.007727262027255037,1.0228834380612861,168.0,0.9309802865219119,0.021748080636834578,0.8671972729038072,53.0
S8,baseline,4.932281987390937,1.1785094165424097,-0.05445701822499111,4.739432334118191,-0.04883620822458268,0.6783212476649465,13.0,0.6777481946075539,1.8349386483098016,19.263382232677554,3.52861946939453,1.327415932657203,-0.06870908146411249,3.3961563652383115,-0.062506323171071,0.47280930988775033,15.0,0.45189613389241534,1.1392027366830524,13.904116887351678,69.21829007270121,85.3171534997469,99.46123522977582,61.19402985074627,1.031115794580143,69.0,70.72448061710827,97.14769635311184,110.03929399089638,61.19402985074627,1.2013543644616123,69.0,0.010416975873627174,0.010416975359158002,0.006070408447334665,0.6376062677112853,176.0,12.0,1.9244579069316403,0.6892595699966677,1.1760727475109762,36.26369350658289,-0.0033272193337506744,0.07911755706533913,34.071416526111975,-0.00023778076783367117,0.010393673807169627,1.0113481636686257,0.008387074093692678,1.0228954511677546,169.0,0.9305090472629653,0.015122119439288057,0.8660757655345677,53.0
S8,baseline,4.304870627347136,1.4041878302591115,-0.0004578317562646869,4.051694978121596,-0.002457972175772135,0.8172221746428203,13.0,0.8105987021473202,1.9171400975868997,24.73401722997555,2.3259991292524544,0.4440330476654257,-0.007154269656075721,2.2366736744744973,-0.00355123161025058,0.3855815957293721,15.0,0.4252706897365192,0.9941818945656395,11.240274934511003,63.23996910004174,239.54635799176464,119.71010180672367,71.1864406779661,0.48887296914022227,61.0,63.77023703647736,244.43687735015303,119.73699402051551,65.51724137931035,0.45100659960615114,60.0,0.01497073295946378,0.014970732958561786,0.008897960725606393,0.6372728788131355,198.0,8.0,1.7092069202539681,0.5913998404854298,1.2440995432317252,36.203152131845236,-0.0005031940642393532,0.04826323817064452,34.072356467802074,4.6927568169600865e-05,0.00927188397857682,1.0111917576557734,0.009836927873516374,1.0226055359009611,169.0,0.930588794587422,0.00856320705881205,0.8660688331268034,53.0
S8,baseline,3.7543627771263104,1.5620926389260945,-0.028467775930742234,3.574607219577891,-0.027009520825339667,0.7457835262547234,16.0,0.6319072411811659,1.8053841364751086,21.10370930917554,2.528891260351684,1.0022795966463278,0.026571485953870256,2.4157421261824803,0.024171210981145046,0.40782189351313736,15.0,0.4581244113707138,1.081842407050365,12.522751914785024,47.68912818848908,216.59975656831787,179.24716303067612,79.54545454545455,0.8167438627256639,46.0,46.8182574202789,225.69523358447896,167.09521135894622,77.27272727272727,0.9520814968561402,46.0,0.014221658567824027,0.014221658552998293,0.009179543246583962,0.6444407401233538,177.0,10.0,1.61107614761511,0.5986831854586611,2.3184706538663593,36.22857257314446,0.0014029922079886496,0.03833220874678264,34.08059586807635,0.0003121525779089722,0.009141077491054412,1.011288385714782,0.010305961185320962,1.0228104119175632,170.0,0.9307221112049447,0.014931941073163648,0.8664666111500019,55.0
S8,baseline,4.056017683535356,1.3998996101971262,0.03304648684423067,3.8534337329563506,0.03572091901100129,0.7693825447050574,14.0,0.7447132367013648,2.439571880829388,23.009860167945345,2.4036662912428346,1.1490876374668029,-0.00786772197345029,2.3212792535649394,-0.011307810718319123,0.4524647524869336,14.0,0.5719806942653011,1.2905949445396268,11.494355230794655,47.00047525600791,173.89855396381864,199.5278517810576,79.54545454545455,1.9272615678387222,46.0,44.137235359691076,169.44837635778737,209.98613938723693,85.36585365853658,0.8228904861551365,43.0,0.008331501946289439,0.0083315019005381,0.005543189871037088,0.6457742957159527,236.0,15.0,1.9025948829595323,0.6972230835470176,0.8600166111352567,36.25023487252404,-0.00048414918131683266,0.02333191795309022,34.0801305200013,-0.00025570769999355946,0.010827381400733131,1.0112622037500532,0.01594591373128983,1.0229055168981398,168.0,0.9303599984840711,0.020721461660842534,0.8659991057526427,56.0
S8,baseline,5.380615272082097,1.193520703503629,0.03823871920528605,5.1062723747811765,0.033657366895474834,0.8984540819183616,12.0,0.8042318786902718,1.799596273872682,26.369278187869764,3.5781701457407697,1.866436715393865,0.08726559620023261,3.3862924753317714,0.08247616584929678,0.5847725302061003,14.0,0.5324377605325139,1.8503233677855206,18.113575393017115,50.19202780764923,142.39001006386133,194.49721506146804,81.25,0.5080986851611499,50.0,49.2210698226636,165.59761655534564,201.89321327181207,80.43478260869566,1.859250185172232,48.0,0.01247911156530641,0.012479111528125317,0.007293977691170029,0.6504417402900483,231.0,13.0,1.8260274717141725,0.6447047903892921,2.1011827026700938,36.21526910116995,-0.001845829599916071,0.036927374172328296,34.0719903634686,-0.00017355560160662974,0.009921973098530016,1.0120100229970985,0.025145989802691192,1.0247966074497452,183.0,0.9303104781079033,0.023991562308321827,0.8660531807393498,55.0
S8,baseline,6.129228138418143,1.1763940051350095,0.035768181611470606,5.92284472266074,0.031685053183296646,0.681660813750032,12.0,0.7526669508530932,1.8562501897940766,20.86533692507895,5.41806320505373,1.0966407954036064,0.02388097317357703,5.243357666306857,0.024355549336191665,0.5302712907815894,16.0,0.40510246412442436,1.0184931198894729,15.966093050240843,60.84267542747856,197.73498124261573,155.19572895448619,80.35714285714286,0.83439029080908,58.0,61.81027944604973,197.87684996862748,166.6905177797238,79.3103448275862,0.6218189705625894,60.0,0.01865271051085257,0.018652710482386748,0.012863765306441271,0.6476079346557759,235.0,14.0,1.9137034067466108,0.6552494249869291,2.2154719534066234,36.16577505734266,-0.0012997162863624303,0.027956603617073413,34.06817225549502,8.753532191259552e-05,0.008340161662996644,1.0127377215083984,0.02573047194243848,1.0262997497524027,183.0,0.9317086320220086,0.030215563328785233,0.8689939552515985,75.0
S8,baseline,6.338374177982717,0.6853082051826183,-0.0006368909444879048,6.061649563530817,-0.001463110721427128,0.8440580692108857,10.0,0.7711709497396046,1.3870776546275012,24.19264206141609,4.858161932359058,1.1542758045259758,-0.05562002124767548,4.679516929184918,-0.05057781834620626,0.5419756869435168,14.0,0.3823531372570005,1.2668687337862847,16.186360908862632,74.29637750402026,135.81469533882984,145.9005021298382,75.3623188405797,0.6190593043234754,71.0,76.16270464234695,138.2337006504887,154.53705155663948,79.16666666666667,0.40654987567677536,74.0,0.022478203119019116,0.022478203117792056,0.016244962947835614,0.6414402400400067,214.0,17.0,1.9998915202503678,0.7104301536318236,0.7996578858330606,36.14960372008205,-0.0002313693038614061,0.028164848631348924,34.07060268226249,0.00024096976313475765,0.0077310949865871436,1.01207845823895,0.027403230999444268,1.0250537427005386,209.0,0.9314014472164852,0.029312397935130675,0.8683678725496705,75.0
S8,baseline,5.844691319034081,0.7231580727963292,-0.009819658868924172,5.5923235907005875,-0.008013781501467804,0.8213815849603869,13.0,0.7329404572806012,2.338072700811427,24.04175955818451,3.879008154758421,0.7432246742995476,-0.005032343174592425,3.7008061973508997,-0.004856104619095582,0.5234374933585034,10.0,0.5214521716775022,1.071022965642889,16.526459115109397,78.7703466808761,127.9003861289317,161.39392801465618,72.0,0.8656744728980557,77.0,81.48837064361476,119.07175424729397,177.48375119975086,77.92207792207792,0.3085685593184127,79.0,0.02924085698515428,0.02924085687881177,0.022078025850288053,0.6521086847807968,234.0,15.0,1.9620213071506545,0.7033455147101804,0.8050719323927089,36.14304084018301,-0.0009291056946721494,0.033062734831994865,34.0762860178994,0.00023829249693195552,0.006707777714493566,1.011648205568189,0.029869291427897893,1.0243242663997416,216.0,0.9300578569733254,0.017115951486837807,0.8653005731131143,59.0
S8,baseline,4.83431055088628,0.8842087612810198,-0.026253209559359406,4.622715583265868,-0.02478561773958499,0.8278027372299178,13.0,0.8289541171734833,2.0232693493236678,23.72574534454221,3.1799232553549035,0.9835157959641297,-0.029477517974234146,3.0742204579920642,-0.027451972079922064,0.4095503416435019,14.0,0.4755297186447282,1.071022965642889,12.18674629950405,90.77640904553608,143.73334674250205,154.22672386114309,76.47058823529412,0.2092553988861809,87.0,92.9542918008584,148.38115893924754,176.2056810722945,73.25581395348837,0.24930887852741596,88.0,0.036249345679743215,0.03624934561751557,0.028422770405984104,0.6561093515585931,227.0,16.0,1.8894269171796856,0.7034158614122973,0.8957638577710584,36.11955100170871,-0.0010626267964116765,0.0304346672822669,34.09230263319526,0.0007694060115932928,0.01499630292858604,1.0119100691038732,0.023937265002008063,1.0245349806095823,179.0,0.9303133188112103,0.011698485103524546,0.865619725711246,53.0
S8,stress,5.261630602816376,1.3785339312846276,0.06549391833260147,5.011633512590884,0.05781112103557515,0.8880115949321711,14.0,0.6464722847789248,1.7621560995768029,26.227846576920996,2.7631272099881037,0.8548056769034982,-0.029823146796101083,2.6466787019455795,-0.023555591953510903,0.5286871093739524,15.0,0.4811855248050933,1.1234994824438131,14.484821903106493,96.58094099073061,73.21802044238603,92.11376789904405,47.31182795698925,1.057347073630407,95.0,95.52308976523035,75.72955079649056,100.86771126892111,60.869565217391305,0.1540942117882312,94.0,0.035319228733809147,0.03531922871570982,0.01735150527088232,0.6532755459243207,118.0,16.0,1.5694539205902602,0.5598682673033256,0.7758682591494226,36.39084022630262,-0.0022186411110768503,0.042861720267986014,34.00119464720372,-0.0008823156237339206,0.01920959317863911,1.0127166479588947,0.041594204476687366,1.0273250868991481,306.0,0.9311604287489368,0.024459681976178444,0.8676580201102795,58.0
S8,stress,6.115251417672618,1.1777543291047092,-0.0032281190937982077,5.901245681271712,-0.0014520033637595567,0.883887743577003,12.0,0.9822206005404523,3.0444721761484974,27.264261363553327,1.9810699561564278,0.9433856391558069,-0.024695822397303207,1.8644878031886216,-0.023835623326334612,0.39726423405079786,13.0,0.5471340228231514,1.0901266555092137,12.698883863411801,93.59728838939202,81.56871602186364,85.15998016804708,53.333333333333336,0.4673565768260455,92.0,92.05578346050353,86.51844507629171,89.69695270110148,60.22727272727273,0.2424952213693365,90.0,0.03826470417256923,0.03826470414559511,0.02194977940580474,0.6511085180863477,113.0,15.0,1.587652400771124,0.5629756398618375,0.7184975821185512,36.33327931797712,-0.0018965725015284,0.0421569271922256,33.96648717284049,-0.0014315302132139767,0.02722632576109665,1.0120590115643469,0.03348518347162153,1.0253847004007308,305.0,0.9305013969029576,0.03282783435239962,0.8669105163466237,78.0
S8,stress,5.728548190787801,1.0930443985078155,-0.01929149695306691,5.423051517331233,-0.01567881428543558,1.069161295315813,12.0,0.8449172193278699,2.4788075143320913,30.566791085029525,1.5933956521237613,0.8234832942703928,0.0026631772422611036,1.5288281175133707,0.0014908506798459226,0.3709173060696086,16.0,0.44502865074330256,1.3235097900834023,9.98594316086806,86.38715307573837,73.58416914231579,96.91009372124412,60.24096385542169,0.43263646924782956,85.0,85.51356329279486,75.93384515486404,93.5929910135768,60.24096385542169,0.5894653677742698,85.0,0.04090793541238625,0.040907935396292006,0.02816081268523714,0.657276212702117,115.0,15.0,1.4409081944995832,0.5583313682281901,1.2901307084547515,36.29636570921253,-0.0010846703707611933,0.03932325259271205,33.92046962238248,-0.001367912328954517,0.025434052736230565,1.0118372377590703,0.018011580314496203,1.0241390127413315,181.0,0.9310155840992793,0.03340008635173851,0.8679055836040256,74.0
S8,stress,7.063417678751274,2.0742386207050614,0.0957905930830829,6.816947892364394,0.08922317187545788,0.7828451645697141,10.0,0.8471076998615604,2.1398687886876413,24.53308964249891,1.838672815300807,0.7936097800394443,0.004292871093557757,1.7379939369335777,0.006337874065317695,0.4356508994170176,16.0,0.4523866622681473,1.4163010953950288,13.413323009065888,83.23801847632248,85.52452539736456,104.70195795685964,65.0,0.4226881953807537,82.0,84.09093606050581,92.83751200863273,119.7790854906968,65.4320987654321,0.26092651625228036,83.0,0.03985399024386226,0.03985399023859474,0.02640066354710503,0.6492748791465244,116.0,15.0,1.5615197077992147,0.5555873303141687,1.3547588082649356,36.300125615487566,0.0018335198451517965,0.04799149891004225,33.89144865029651,-0.0005978382724997709,0.014308178201373983,1.0115321205663426,0.015140620744988197,1.0234264693339852,169.0,0.9309904015925652,0.03484289181959388,0.8679571549678378,81.0
S8,stress,8.164746014590412,1.40888572245489,-0.037505282825898115,7.8976974081605,-0.03415965043532186,0.7817438608887716,13.0,0.7518314868852177,2.1398687886876413,25.036077254164752,2.2650815906850683,0.719792095873172,0.02301717255126435,2.1559304930745737,0.021785120380682525,0.4587981299788884,16.0,0.5196575324559556,1.4539325149959084,14.83037057853885,75.84504561239669,95.67778828274362,120.5864664479846,65.75342465753425,0.37192466805697943,75.0,76.94422298715499,123.72443046209264,146.9287281501542,72.6027397260274,0.6149444734925078,75.0,0.055201191561471734,0.05520119078040448,0.03804264537282532,0.6439406567761293,219.0,19.0,1.5905133177783082,0.5636852638192972,0.2737761769433717,36.323024864158164,0.0003796568407872006,0.055187680531898056,33.877884390940366,-0.0005413127698228903,0.011463002886688724,1.0115721849171209,0.01029245231009698,1.0233842198725533,170.0,0.9304877109365397,0.028413462171058078,0.8666147050364675,84.0
S8,stress,5.814503640717223,2.0805936593980157,-0.11098369118045134,5.565038643848165,-0.10157053508670642,0.8384366434382865,12.0,0.9316129200129429,2.323497795683619,25.700235951043073,3.184354007744309,1.03956786010217,0.052280252055338955,3.0391082116622457,0.04531544990949243,0.549387251541237,15.0,0.4672769869461629,1.2851720387718353,15.769858212310336,75.39587818857129,113.31150743368912,133.3489574179135,66.66666666666667,0.2374889662988979,74.0,73.16825945167517,125.2496877468527,147.6187475995415,65.71428571428571,1.1089866278733493,72.0,0.06590114431562023,0.06590114425353648,0.048077893300716046,0.6474412402067011,200.0,19.0,1.6002524604873596,0.5650298784905479,0.6638542529319236,36.26394246985447,-0.003879193006637579,0.0771023328858232,33.85228001120307,-0.001221228467236261,0.023038408493936957,1.0115466370420565,0.00730501324262703,1.0232799621295687,171.0,0.9311605709080578,0.02145044683193261,0.8675201304831098,70.0
S8,stress,4.632249836180482,1.170453582051754,0.022151473780608485,4.442714602935919,0.02275605068113267,0.6833005892524476,14.0,0.8592551202207513,2.299009209944038,22.6089098914764,4.145111388508621,0.7793354520404511,0.01443680439790769,4.010878139522403,0.013786655962469356,0.44500188640932087,14.0,0.4903032239843701,1.1166216975202214,14.168306567633048,81.56553172780538,120.07240572830464,127.48312849921757,59.74025974025974,0.45542582270882426,79.0,79.93668820340015,127.52962025095731,151.00148815274008,60.526315789473685,0.3084030033719382,78.0,0.047159784717996686,0.04715978437508021,0.030415970130264126,0.6491081846974496,163.0,17.0,1.6003069434053048,0.5676906973233758,0.7935243281557283,36.239968360374846,0.00211584286919025,0.04865422017970147,33.81823650710856,-0.0010836612930491402,0.021500626443055355,1.0118054041857725,0.01959371138215747,1.0241340894652617,190.0,0.931894061166927,0.028523192265778492,0.8692401137352187,68.0
S8,stress,5.36024397088055,0.9485970019956035,0.021272816297538796,5.138678062201124,0.015608829509952897,0.7708303279336043,14.0,0.6521304025372684,1.8632811889040726,21.681854126622152,3.7778417513705733,0.8329103732863173,-0.04141076057194768,3.6170888562967916,-0.03524576473268385,0.5614738077426011,14.0,0.5138176772566359,1.381905320518714,16.517046866196754,81.79950015325488,93.84465685510919,107.24985615640558,54.43037974683544,0.6394045439710173,81.0,83.05715409412107,110.87006552710329,144.04465535847476,67.0886075949367,1.0671513820232184,81.0,0.028056058004406408,0.028056057906269694,0.019261257766217853,0.6484414069011502,177.0,13.0,1.5659185356556493,0.5621297969938865,0.9364660965566239,36.30496041173116,0.0012123446209423986,0.03186428790165609,33.812588249052105,0.0006011266719039616,0.012709251139483142,1.0119980684875787,0.029663467793424738,1.0250200119441213,204.0,0.9321643778210464,0.03123042458293752,0.8699057666981292,74.0
S8,stress,6.421214568711534,1.3530741566212023,0.06820597979847416,6.182392118147184,0.061002257689057364,0.7336681035563665,14.0,0.6718547228772398,1.6327818079015852,22.912703746363846,2.830022877986139,0.9385242910662227,-0.03301318609072788,2.7519431414422457,-0.026721882170788493,0.42830028514055807,15.0,0.5621834954850876,1.3705433708844565,11.623292452753535,79.81226539627066,68.90127681970702,93.0926085477986,57.142857142857146,1.088964392592027,79.0,79.61228005434516,91.47603886780753,114.65184355370461,61.8421052631579,1.4285989766402325,78.0,0.04405827400349178,0.044058273991457245,0.030406836508193952,0.6471078513085514,234.0,12.0,1.505549954066649,0.5606488665790188,0.8205762941649329,36.32470043107209,-0.00026323343486989664,0.017056051102539684,33.81913860852611,-0.0002479377937761184,0.011395343744443148,1.0125435296564185,0.03322268490218877,1.0263481462411883,208.0,0.931196875107526,0.02919688672470652,0.8679800784044367,76.0
S8,stress,7.078310268970175,1.7779334016459503,0.019846423773930175,6.725275006663008,0.009713661897138993,1.0893752839242608,13.0,0.6451848810092691,1.4539166725743096,30.06720109576275,2.058844454530209,1.058794994009118,-0.031239961650415413,1.9324407727172386,-0.028907750801769872,0.4204162279211302,15.0,0.4900288202819567,1.00902252581463,13.483451972982385,77.94233080045281,73.32503940339039,93.72299611087936,54.666666666666664,0.7548150838003359,77.0,77.15971242645443,69.77008127184477,102.38051979421346,60.0,0.3023592755007122,77.0,0.04401523102412993,0.04401523102204585,0.0275081893412175,0.6501083513918986,216.0,13.0,1.589168638302465,0.5650786546072027,0.6118051614325885,36.348540867219434,0.0015922635912163227,0.03464217305586955,33.80077441946307,-0.0009772836214835602,0.017858212596505545,1.0129145544990292,0.03298614340397305,1.0270839803726342,214.0,0.9304769958259919,0.02505474284113997,0.8664151799001985,60.0
S8,stress,5.403178451475162,2.8792260559346765,-0.08185957294630052,5.240929640251882,-0.07137435555136763,0.7951894213114918,11.0,0.8616823000225335,1.9900847310615308,21.937182673014664,2.763685011468947,1.3296613067967458,0.06885666682641337,2.641024644248204,0.05948209195176162,0.5243571624207324,14.0,0.45268967087477296,1.1538237999676895,13.404058229973263,74.28940895710747,103.86194867152568,85.4894771549419,59.15492957746479,0.1656470655886452,73.0,74.81990640819181,103.35505377640915,103.30043474113909,59.72222222222222,0.406481550725211,74.0,0.030244984156205846,0.0302449840286769,0.015007999662227099,0.6436072678779796,127.0,13.0,1.5389566874785563,0.541727048139963,0.5978079169395095,36.375390305534566,0.00011592666682384644,0.021027265878412242,33.78392030258356,-0.00028905779609045095,0.008387043019170672,1.013890833906796,0.039243328647617974,1.029514661923563,292.0,0.9309921438239996,0.02431920510064515,0.867337795598734,57.0
S8,amusement,5.466306584463074,1.520779212614978,0.07684568531897427,5.26764628114739,0.06829474291248229,0.732152750179518,15.0,0.6380436310134444,1.6396374896390435,19.964809987926287,2.1398862772052722,0.646829364714037,-0.003116933316192044,2.0395176183260175,-0.0016250153958360094,0.40263804941420517,14.0,0.5009177589131851,1.2958897135065945,12.364719791532018,76.68405454183134,119.20941597650835,166.04587581964327,78.08219178082192,0.378361973629297,75.0,79.32423107982787,122.48591833828883,179.48179014435155,63.1578947368421,0.34179568148780903,78.0,0.017748153783877323,0.017748153699596494,0.011635619696151143,0.6487747957992999,186.0,18.0,1.8137764814686268,0.6835801389726787,0.5164524986782458,36.50251341940192,0.0017567270503447774,0.04005460278023694,34.00907463179898,-6.713756467884278e-05,0.006575334601818176,1.0120547165017306,0.023983027282209142,1.0248299347910172,172.0,0.9317316891820023,0.039752926309558644,0.8697042357761205,100.0
S8,amusement,6.782618458405445,0.47798119274664463,0.002768160679523497,6.5097480730017665,0.0012134173298490808,0.7889362466286315,16.0,0.6541420212940938,1.8939599029050962,24.079418443597195,2.2591490640207676,0.6204984752200985,0.02163953375568066,2.1740479248798854,0.01831933113363703,0.4033498582615589,16.0,0.5126569501889996,1.2496313663445104,11.966348114272328,71.15202025122862,135.59634811629635,164.13500086045795,80.59701492537313,1.6141481452898416,69.0,72.01556962272471,140.81062509559587,186.12586232664776,66.17647058823529,0.9469831085380823,70.0,0.017528289809793634,0.01752828980508855,0.011157300569948894,0.6534422403733956,186.0,24.0,1.913217722632578,0.679979246620658,0.7960060985222965,36.56543267918789,0.002282137569660811,0.050280779758448024,33.99667241608757,-0.0007679695659444216,0.014475489055719151,1.0118359709479825,0.02475826902449779,1.024425003989336,192.0,0.9322075127438917,0.039400421312308094,0.8705632400157403,96.0
S8,amusement,7.426652568155774,0.9276121935043115,0.023881102761095847,7.146023333511029,0.02433545287975384,0.8505338544221218,13.0,0.873749602786982,2.020649747433061,25.458834611492886,3.762476481735679,1.38756312441768,0.06451708665569565,3.6252418421752868,0.06169153245029833,0.44110821322640026,12.0,0.57934160252604,1.563963793965475,14.486222496786363,71.80209692606903,123.88290266230246,132.73148480606844,60.294117647058826,0.30850654840772657,70.0,69.07129468513476,110.36243793483337,122.50408253091986,63.63636363636363,1.1293380560161586,68.0,0.015571162791146275,0.015571162789194728,0.010118091252204364,0.6512752125354225,230.0,28.0,1.9108365285373536,0.6768808651312909,0.2135672585788839,36.62378644905915,0.0014486262613519856,0.03738668656866478,33.9785302300282,-0.0003750495014374119,0.008139210640125873,1.0112970037511144,0.02265997388201609,1.0232351042123151,198.0,0.9311018964903024,0.030491742673202087,0.8678804880190865,77.0
S8,amusement,6.034623824271141,2.2461741419239627,-0.11448441629162129,5.815461214803263,-0.10548548450125271,0.7270930251952916,13.0,0.8274047284967451,1.8828014782093279,23.029577325929278,4.734890283188365,0.874283879988265,-0.002860736240837728,4.524126409750441,-0.007719871674313309,0.6767114479640669,14.0,0.5503522193379589,1.244825734924138,18.660604076501787,81.7676041721224,102.44036271419226,124.86402861122828,56.41025641025641,0.19935481636164762,80.0,81.7728412024836,129.3439298114563,132.05535230133071,67.53246753246754,0.9328509083662821,79.0,0.014345004011168299,0.014345004007473062,0.00846391111718745,0.6456076012668778,226.0,24.0,1.925260273662895,0.681663647767521,0.3775195133854243,36.672269531305794,0.0017249414143503104,0.03912324368127938,33.96651183309907,-0.0005210806124290407,0.010261014058082869,1.0114185540711715,0.016859586844750956,1.0232517371879948,172.0,0.9304471908109905,0.024513722522636106,0.8663328974799804,73.0
S8,amusement,4.312834122857954,1.1574244489713663,0.009558478879301523,4.073804495819631,0.01404634808700531,0.8428499727895222,11.0,0.9005700394688646,2.189443651080769,24.743596252407023,5.660048841386284,1.429449662967989,0.07329958847978642,5.4465119554248735,0.0689029450363964,0.5917151861693886,13.0,0.6206197227331826,1.330888696712032,18.646062030741206,86.9456159413633,80.97930018729183,107.51522594276494,65.47619047619048,0.27283818812384414,86.0,87.95569978955223,89.90039203721739,118.21228508593384,60.714285714285715,0.17814324024394604,86.0,0.0183216850439556,0.018321685007397726,0.012502816415596484,0.6472745457576262,244.0,20.0,1.777612649575812,0.6880636236064948,0.571848342059142,36.727589974791655,0.0018424690871298298,0.038886807919972274,33.97434566227558,0.00080010361422596,0.018211078490883503,1.0120729164049165,0.016424966614372025,1.0245613676486365,169.0,0.9304297961796919,0.03032258535248869,0.8666190648014419,74.0
S8,amusement,5.620373690582797,1.400386027209237,0.06733192971231296,5.4143810391502525,0.05997917007765408,0.695311982224572,15.0,0.5905072467124545,1.59784365733561,21.156465225002442,6.21043060154214,0.8523614169226629,-0.03156739593926468,5.965846293953401,-0.027056702782984377,0.7412792646070989,11.0,0.6823209659625343,1.8825948309039608,22.40445103093683,86.79607294945963,80.85414291704737,119.92969828245506,65.06024096385542,0.1682760220274115,85.0,86.90989394798596,83.49901057882062,113.73878701518997,60.24096385542169,0.19997325315972847,85.0,0.0286854951971973,0.028685495188034926,0.01907449938826962,0.6474412402067011,221.0,22.0,1.9295548842010595,0.6852342829997068,0.7274653914047114,36.762634062518295,0.00036829033143247534,0.019950096760558277,33.98605073639201,-9.530274653588652e-05,0.010890969101530427,1.0118725852402735,0.012838956451064823,1.0240509675635867,167.0,0.9300070876931195,0.034340688304454206,0.8660924660326612,72.0
S8,amusement,7.1370790142755505,0.8834457582320799,0.030774325587107954,6.842258858317032,0.022581971044838396,0.9513128847953567,14.0,0.6463673132981753,1.7603420619770747,26.68700935397426,4.716743996640511,1.1738712736076533,-0.0580707775094977,4.5433425617466305,-0.0496165678673961,0.6216438250629658,12.0,0.5221361797914096,1.29118417066831,16.485838488483775,88.4898020739404,108.12509223512734,143.28756157184299,71.08433734939759,0.705415890221739,85.0,87.28400656225585,107.57612561100048,144.53442991454628,67.46987951807229,0.5758392303208059,85.0,0.025787532923242967,0.025787532903543686,0.014912522474049686,0.6392732122020337,228.0,25.0,1.9282196662295308,0.6816814814645775,0.3670658338621137,36.77910972371357,0.0008544045521797238,0.02944777010715001,33.97494031145005,-0.0006679186385619292,0.013604107213741218,1.011600878120547,0.017850579033994392,1.0236549797861108,183.0,0.9303285022733082,0.030409205141618816,0.8664358418994419,64.0
S9,baseline,4.385281452697178,0.9192998098950479,-0.0325350909202227,4.21734621029834,-0.027485710595907174,0.6783197740400819,15.0,0.7831461097150108,2.1830952920242765,20.530928679786157,3.0617983083483846,0.8674253728524413,-0.04149446477336621,2.9612184921862124,-0.03717960303441679,0.39118702484203416,11.0,0.6590488591558477,1.3693794379227282,12.820713397259844,101.34044829947292,98.71282849048083,127.68777023139988,69.79166666666667,0.49456083568297693,98.0,101.18512886784286,97.83783590107583,143.28538196059552,66.66666666666667,0.2102588730753918,98.0,0.024487123271001665,0.024487123126661695,0.019343788109427846,0.6477746291048508,221.0,15.0,1.8766014729097378,0.7046683925344235,0.5478641273535038,36.18574768741597,0.0006885943540700445,0.026079848979669012,33.775897565309904,0.00039675070879396945,0.015051287244360275,1.0021390164009611,0.02140132706121778,1.0047406249930673,171.0,1.048198065622049,0.02474479831607065,1.0993314898175086,55.0
S9,baseline,3.086675888767862,1.1621516720446914,-0.057280259260305166,2.9362250119323035,-0.04827827578632558,0.7539754389747886,13.0,1.0350356890741603,2.221060381091773,21.029310583634157,2.558457480500619,0.7713394493300646,0.00717583513061065,2.4150844394497275,0.008324302006320967,0.5248406495539168,9.0,0.7240117459086112,1.3693794379227282,15.708438251331756,94.37765647545277,111.59881106763778,146.06447706637607,70.78651685393258,0.40003505531254885,91.0,94.7705150494495,101.58634488094273,130.59318126554524,66.66666666666667,0.48068785991064406,92.0,0.021128663912259833,0.02112866391206596,0.016129044845527338,0.6467744624104017,238.0,13.0,1.9842366767391015,0.6960652786892064,1.0433466452824882,36.257902304105016,0.0034755515099400103,0.06682113368978475,33.77964938401301,-0.0003449754299313999,0.010802835622579917,1.0026386933767448,0.031653832621943635,1.0062863145758845,209.0,1.0475066783696287,0.02951943385634764,1.0981416382041724,64.0
S9,baseline,1.6920197854600114,0.8818901636418253,-0.03870133223407859,1.595499613729224,-0.036383294270900104,0.4876843547683102,18.0,0.4963459159398778,1.752218647323382,14.297700646744788,2.26085279379657,0.878145575218899,-0.016452908739264326,2.2025601698781063,-0.017094067608829935,0.3383805956580442,11.0,0.5783707370196317,1.0726433883697082,10.10373550651844,87.41057770412556,86.23269931628327,124.41290700152983,61.904761904761905,1.312293905885704,86.0,87.14938649703338,84.03305285771056,110.5652747017775,61.44578313253012,0.19392667267609995,85.0,0.015757360213084534,0.01575736021253929,0.011315006831999057,0.641106851141857,225.0,14.0,1.987761318042502,0.7022523064216006,0.9052463785716901,36.3351420172281,0.0013764223618463055,0.04532117274489006,33.77603248697514,5.963645586921364e-05,0.0059040781104749895,1.0026230355075847,0.033079123865010454,1.0063471797661203,218.0,1.0478006375777165,0.036087659625493256,1.0991884952855147,83.0
S9,baseline,3.218745273142798,2.467185427119246,0.1272909958896294,3.04016709698209,0.1154311629355829,0.6174984856408636,17.0,0.4505309157539057,1.732422192139321,16.790364171157073,2.0919399555724327,0.6350754517260391,0.007020181812367856,1.977763528835777,0.008993042006714604,0.4337606292276327,16.0,0.4338132906240337,1.2267173172622485,12.889557605506702,84.84907074635494,82.11500432176496,101.03126779948242,65.85365853658537,0.3305962171918747,84.0,84.03815527414369,79.51354680640253,95.72256077840431,51.851851851851855,0.3388913176392796,83.0,0.015538020587007196,0.0155380205481786,0.010368915233880258,0.6456076012668778,175.0,16.0,1.9036594680913752,0.7089126848714679,0.33611241505715844,36.334823426782336,-0.0009874429595965642,0.041517915606329926,33.76996937528388,-0.00047260038623567,0.010165763465775562,1.002157999606301,0.02351953217681711,1.0048738245687192,188.0,1.0483782542073246,0.036010747493333446,1.1003937378298265,79.0
S9,baseline,7.382959697200464,2.453345038124448,0.13500429386962712,7.1190077725648075,0.11782628518315506,0.9480009348957289,12.0,0.8173063353696673,1.7862764353939315,24.475024052695645,2.614334322513639,0.7506602581020242,0.026174532167241315,2.502480701504559,0.024138080940863848,0.3670776613464914,18.0,0.3965646765090234,1.1274868937505391,12.254749752604972,85.360491819806,87.04405577748824,107.19255525659851,64.63414634146342,0.2596506947540484,84.0,84.74830164014678,84.36756818523256,97.63909910369148,51.21951219512195,0.29338046537287643,84.0,0.01631350005536275,0.01631350002810643,0.010927807625657048,0.646441073512252,197.0,17.0,1.919741094157105,0.7065233936211244,0.5422291950826698,36.40476437919894,0.005829775063890473,0.10715125449581572,33.767307155693366,0.0003616233736698231,0.013127258150654726,1.0015645546952476,0.014478121430448786,1.0033411732220445,169.0,1.0472951689080685,0.031679645633762105,1.0978307707656605,60.0
S9,baseline,8.083466079870846,2.0144966117030574,-0.08078763469783284,7.807324312478085,-0.07459334107562314,0.8475708637755934,14.0,0.7301930375868508,1.6896282145184252,26.83895710832717,2.782039128224147,0.8270547915004544,-0.006434658959734903,2.698439859003086,-0.0028537897323973474,0.38231275586830155,17.0,0.35631569867272456,1.176009395446446,11.512748985910498,87.42785474276526,72.01676586619466,95.22529675909145,58.333333333333336,0.8883801229887074,86.0,88.71872977881769,88.12179032436863,109.9448378665952,60.714285714285715,0.5204964324596688,86.0,0.021782475346268357,0.021782475172711695,0.015239340975154012,0.6439406567761293,220.0,18.0,1.9960986792957343,0.7069299285134641,0.5320645952927273,36.536629829566145,0.0028550919710872164,0.06609491866496095,33.7914955571852,0.0011919272112960611,0.022889361526983117,1.0014741339659918,0.018510969364704814,1.0032930969897542,171.0,1.0462894299798164,0.03039628766001482,1.0956455055909997,58.0
S9,baseline,6.147443604409087,1.5450942721564802,-0.0560483316408868,5.851906053538803,-0.046166356954884434,0.9838570347542709,13.0,0.8501917422061072,2.444528939421099,28.820146261133115,1.8697267695167388,1.0064804607636635,-0.050297853711324766,1.8090043391634762,-0.044772757780762534,0.3025584991314365,18.0,0.3665306871681616,0.9957124230286076,9.023121550625014,87.4219251292364,98.04032212260803,119.74178568108636,65.47619047619048,1.6750882602168264,86.0,87.91869141256828,116.97649654544976,150.22260089373071,67.46987951807229,0.3594153090930234,85.0,0.022390792779213218,0.02239079270419127,0.016320538905962564,0.6424404067344558,223.0,18.0,1.9955457909172456,0.7073311903807233,0.3736484293944341,36.55606076339616,-0.0012869099707306588,0.029446253662202576,33.813161957106075,9.436150122446238e-05,0.004940548423296212,1.0014772938842829,0.020257611643643432,1.0033671409952907,168.0,1.046434359827168,0.025053951882746204,1.0956525699318376,55.0
S9,baseline,5.53520478797968,0.5093656403606461,-0.005693183547912227,5.293791723781595,-0.0042734009585631725,0.7399467524047477,16.0,0.6532751771528551,1.7117175718153037,22.575482865790025,1.028165593247442,0.5325877785509578,-0.007390978389112023,0.991620666300453,-0.0045476564426696845,0.304443716499499,18.0,0.4253139003177242,1.2232455152008765,8.62127753470117,91.05860972529125,120.23835610133693,161.22020351987038,77.01149425287356,0.342506591112001,89.0,91.67972497302175,140.5221694035927,192.37249439261635,81.3953488372093,0.5149810667781473,88.0,0.014751337724505797,0.014751337347966442,0.010886755116184539,0.64327387897983,240.0,16.0,1.8801157176482777,0.705724413572926,0.830652755367729,36.584605292384424,0.0029411544074511697,0.05854431550595213,33.80920877984038,-0.0002754313925511311,0.00790552897452332,1.0015303152498274,0.014345451699915194,1.0032687643488931,168.0,1.0466297902774215,0.01646276866890797,1.0957049406484056,57.0
S9,baseline,4.442306812657495,1.5413009048036013,-0.07249269050448685,4.307860643734284,-0.0651025162034129,0.536714793691519,13.0,0.8069943710203312,1.6051429894397253,16.766455092049156,1.243240227672509,0.9995434792889402,0.02773550425829978,1.1727603463961904,0.022928285343020136,0.30233884072313105,18.0,0.3265367658511628,1.2175310060876843,8.822556403501585,90.13637510345826,113.62805053308736,154.52101535405092,69.76744186046511,0.2963590195959744,88.0,94.97194325853341,138.77721983310323,201.3691593871135,86.36363636363636,0.2535198165929223,90.0,0.010300921040758264,0.010300921018172166,0.006860377261439491,0.6376062677112853,230.0,14.0,1.8953284456226225,0.7042525855957036,0.8365546417533365,36.6925091643165,0.004201437599294784,0.07677336599898384,33.795395288163306,-0.0005425867057268763,0.012908440485811712,1.0013673806121597,0.012138001949947961,1.0028839620453949,169.0,1.0465082895730637,0.023857907030357627,1.0957487998730087,57.0
S9,baseline,2.9595450901867437,1.2716472481923096,-0.0395991291111587,2.8096663101059787,-0.031506851493694955,0.6334713338358477,15.0,0.846678013360128,2.047750125776681,18.311722411470697,1.326086790825076,1.000290410967482,-0.0009851733744628635,1.2977145769050336,-0.0018540109622295535,0.26741984078782316,17.0,0.3252204732380535,1.0418008159091232,7.003125896567942,84.36599907569673,104.93781227205176,120.95453691366792,57.5,0.777931687012846,82.0,88.97593250174559,119.10760645059894,164.38990856707255,71.42857142857143,0.0771469976245668,86.0,0.008035492539019685,0.008035492539009724,0.00537388533955269,0.6386064344057343,209.0,17.0,1.9923719922171392,0.7049596858941174,0.9526802240914838,36.780364031383336,0.0018942657797055686,0.05574346074615776,33.77415050153367,-0.0008827179529895836,0.016971209686395632,1.0017450797297096,0.016126679068275467,1.0037532745404538,166.0,1.0468441256372025,0.03369387104756943,1.0970179003272889,66.0
S9,baseline,3.119834178182577,1.4402641346418092,0.0513588579324031,2.9704963768453654,0.047048350392732384,0.5724999171620834,20.0,0.6427652074587573,1.959057406751544,17.19657831443942,1.2415998187215251,0.6265217089121368,-0.006564653511516169,1.1688171117891037,-0.0035401829044588357,0.4126577252470911,15.0,0.49988638914593686,1.400726024391886,11.160119275299216,81.01397189985553,105.20185330345922,120.1753105390532,57.89473684210526,0.8945110132450428,78.0,82.25171934838572,103.9950293492495,132.1389052057998,63.29113924050633,0.35135909127203974,81.0,0.013304497470901294,0.01330449726161016,0.009195114661460124,0.6449408234705785,253.0,15.0,1.8793042916947562,0.6607123359243288,1.4107432185098139,36.80237514504677,-0.000618197770247195,0.027467205350340702,33.76420549070326,8.295171498695771e-05,0.007118846982437433,1.0017081424138015,0.015315093056722951,1.0036537546534445,170.0,1.0472151514858614,0.02962174934430753,1.0975370215357727,64.0
S9,baseline,4.388128127031537,1.5465238731367708,0.059892331406410176,4.257386378752184,0.052879482034082236,0.6379125201669381,14.0,0.8417836424183568,2.369057365951216,19.261984744551384,1.4253664490171636,0.666026501910211,0.007864627774678038,1.3578307896032755,0.0068249865452300615,0.30536243645075356,18.0,0.4395153753304447,1.2267585902371374,9.479806602066134,77.83643747276734,96.60363946505724,119.14696806885215,68.0,0.3433801714831594,77.0,77.31254299444525,108.92159884956678,141.79319584702756,68.91891891891892,0.329750850677413,76.0,0.018764917929760313,0.01876491790091386,0.013857721765833629,0.6381063510585098,242.0,7.0,1.3137327026621752,0.44595079513049823,3.635940960283413,36.80785167717361,0.0005959909941449834,0.027764194102127538,33.767239168896744,-0.00011754810101713813,0.00610614973868975,1.0012337792413244,0.014671062292807503,1.0026843207626643,169.0,1.046624938532926,0.016375387106375094,1.0956919152619349,54.0
S9,baseline,4.9792732522740994,1.0135259410154756,0.009064482057686705,4.78349498635902,0.009490134329644656,0.7542841696211287,12.0,0.8169998774958099,2.12993683844297,21.78911395842291,1.8250922497053044,0.7124497418685868,0.030828765448600363,1.7481884503869112,0.027259772930428472,0.3243074421881897,15.0,0.40874227688964576,1.2076088983415079,9.567534062179586,82.3298655152192,91.5562020671924,108.30867569483675,67.94871794871794,0.2997135537125906,80.0,82.34946919814905,110.31209356849087,121.55972946879093,64.1025641025641,0.2828183577088348,80.0,0.021151420554805216,0.021151420226917114,0.016232399000934383,0.6357726287714619,239.0,5.0,0.8513542835351388,0.3482335357269659,3.7254328607559137,36.814740321024864,-0.0005669283929172372,0.025783590923713226,33.768523792912916,6.650276776052845e-05,0.006500242800411499,1.001295621129644,0.014478370033252846,1.002802544092219,166.0,1.0465315641266213,0.010472165494608183,1.095337980963459,54.0
S9,baseline,4.340838288142124,0.9966559197457574,-0.01746346483769519,4.154106035270192,-0.01913400504614538,0.7275797349448548,12.0,0.8020049156711564,1.9651632363557399,20.54146231374368,2.984079116194094,0.9795603360675784,0.05247195967877724,2.87377993803085,0.04743334210154648,0.3859070596704018,13.0,0.41844955085592367,1.0484522899039606,11.512525662196087,90.62272156509385,90.05716285216958,106.57143737591088,59.770114942528735,0.22236446252628722,89.0,90.42757538910911,94.65990000670293,108.44742141336002,56.32183908045977,0.596113839235586,89.0,0.016194803642529874,0.0161948036088078,0.011353361625011289,0.646441073512252,243.0,8.0,1.5817063715573436,0.5791638649994532,1.2556777176537954,36.73098434890987,-0.004532990915263301,0.0866607609550886,33.771370618172384,7.77786516991493e-05,0.0049139216615597245,1.001184042990795,0.012228482192640541,1.0025190237161297,168.0,1.046516868512725,0.014471856703654943,1.0954069907181316,54.0
S9,baseline,5.43383283193819,1.7856676950989694,0.09134425831170283,5.19496946223161,0.08367224820213043,0.738060393074204,14.0,0.8707563141297804,2.062830716783262,22.823608106270047,3.6527940129422927,0.6655505021407987,-0.011487207924756,3.558460587136513,-0.008206081587552642,0.33279231994196423,14.0,0.48321569374092616,1.1603279739241996,11.253335855131152,92.44511000555144,76.41638025342611,94.16099051534827,55.056179775280896,0.27958564828149846,91.0,92.27262627781614,85.04819776412934,102.79788425401698,55.68181818181818,1.0890128735307727,90.0,0.01233566220752679,0.01233566184568569,0.007297280361840116,0.6422737122853809,145.0,9.0,1.6973549420108895,0.6488159717402183,1.0096379301512002,36.62263777451452,-0.001910897599651372,0.05148748864055208,33.77582893739469,0.0003438006449239034,0.012582061851805396,1.001172164173344,0.00953965841799806,1.0024367073982696,171.0,1.0458973302702403,0.018934572369128624,1.094259743497218,52.0
S9,stress,6.535143994895248,1.6273061109041422,0.06390273980684567,6.252618573316052,0.05603862495508217,0.9426346117823184,13.0,0.9822143737241735,2.3740641113905463,29.454355218682657,3.3395945371444298,1.408674293981956,0.06891576948042487,3.1644113039573534,0.06452215031374207,0.5799440003583645,15.0,0.48642747669128,1.3791315884328883,17.7648973123376,85.35879154665767,109.82021112461209,124.86041589226777,64.19753086419753,0.4790250888713155,83.0,88.556346703187,129.89817752372278,146.09882296387119,77.38095238095238,0.2862327151982268,86.0,0.013198720749142457,0.013198720732426986,0.006692836656229639,0.644274045674279,60.0,10.0,1.25663265835014,0.4352096808911792,2.734759790385823,36.22968410068338,9.973688309761073e-05,0.03535338609813879,33.76460485658091,0.00021908104674095663,0.009541217044753728,1.0020335380315943,0.031344580759861414,1.0050536940831258,284.0,1.0497596449027926,0.05511163579645949,1.1050326044665988,120.0
S9,stress,6.282704158907341,2.270979735235395,-0.0761696312169243,6.113434560753018,-0.07327378421431598,0.7348197893955627,13.0,1.0063655635084978,2.6520413552448074,23.68525787586001,4.650889837824595,0.6778640004328371,0.01530456442331955,4.488641996086997,0.013226982691541442,0.521535041539818,14.0,0.5771533998666026,1.531145769976698,17.80992386595348,89.14928674772241,82.85508916339191,101.28004274694769,57.64705882352941,0.9252217747061976,87.0,92.93313777553949,98.19493599643243,132.1003635003773,75.0,0.2357029885224264,90.0,0.018037261443385324,0.01803726142727238,0.008526150509768954,0.6481080180030006,33.0,10.0,1.3794974169242746,0.45106365890656847,2.251212567638018,36.219216817137934,-8.480041694046486e-05,0.020893091135896078,33.76648474732892,6.452229941254798e-05,0.00915341984753006,1.0027565099708855,0.04562872487717613,1.0076025988229074,392.0,1.0505564287921707,0.06531674474460665,1.1079350872205915,168.0
S9,stress,4.13206240054884,1.7852864784665712,-0.07304910410003143,3.9284500924638803,-0.06323070182879736,0.7437134448744763,14.0,0.8151942612767584,1.896631814304882,23.31175586757985,5.103252928283106,0.794518598899236,0.02988410541498575,4.851545463084336,0.027282387102738226,0.8138317638519548,12.0,0.6364078559722254,1.4074217298933505,23.49730916205156,83.58842037593881,85.80177413343198,97.61531642114406,60.0,1.4327975456024382,82.0,85.35275011890259,98.2514507513768,111.00967035853118,70.73170731707317,1.0797278270757698,84.0,0.022436571973229326,0.0224365719731452,0.013729637881703866,0.6447741290215036,87.0,17.0,1.5491355599320418,0.567863735448475,0.5889951055611582,36.21384178737342,-0.00014990912394600894,0.02250388238800367,33.76197536702069,-0.0001871848832319844,0.006255458147217992,1.0028084394043748,0.043099286200116084,1.0074823146115972,371.0,1.0498159817339567,0.058656516615874135,1.10555418244554,154.0
S9,stress,4.326982480011353,1.3085882382862186,0.041554034841449844,4.17246784528722,0.04358188619363441,0.6257782936216602,14.0,0.8946087973538565,1.9714738287262055,19.382208160756633,5.618198051401572,0.6764809289825788,0.01608813337625462,5.407421091141289,0.01574234331003787,0.6315890714728571,12.0,0.6491753914350986,1.481359902042854,20.420310435692755,80.28670146635864,92.18478886473228,113.18299170100394,66.23376623376623,0.602119518225029,79.0,79.97813309044611,102.70317916664719,114.17453492062977,61.8421052631579,0.5679468903285871,78.0,0.01840029128761545,0.01840029125173928,0.014011349805426728,0.6416069344890815,255.0,16.0,1.5959137827885697,0.5674106555123313,0.9824789508630142,36.21630537100645,0.00018778289562531485,0.02080731304266686,33.76153724624132,0.0001138033872393269,0.0050711859425074,1.0047741978915794,0.05052245983048614,1.01212370769599,427.0,1.0495768185724692,0.04714656248571394,1.1038342964389254,135.0
S9,stress,5.332253486959404,1.528241335116232,0.023376962482379443,5.063729863021394,0.015223966023432322,0.9081484615933576,13.0,0.7931745076502236,2.258744812750944,28.42160444686731,4.768870652242165,1.1252911468496565,-0.058850059003393886,4.593031046102307,-0.05016061998427509,0.597339237370832,13.0,0.485464804206563,1.3767357787765966,15.879726347977968,75.85142027357894,104.13133919025044,117.61325058142367,63.013698630136986,0.3031297208805254,75.0,74.69306245684957,123.4498957495039,134.32176311951542,53.521126760563384,0.7462547236369865,73.0,0.022109420834261692,0.022109420829788468,0.012041095037501132,0.6469411568594766,52.0,14.0,1.5947843912501953,0.5647971948712173,0.7334622443625339,36.19373333144664,-0.0017039788422379132,0.03730755098065966,33.76928098911238,0.0003602547220223455,0.00888019518061165,1.0064658545058,0.06704546010480468,1.0174686100067551,565.0,1.0502322216479807,0.05168492173908858,1.1056590505228292,124.0
S9,stress,6.103034757093514,1.9382571065345606,0.043845011122727415,5.981044473346841,0.0415621973171568,0.46982853892567233,15.0,0.7229711027339444,1.781213766561165,15.58437462015891,3.2620651303498525,0.8667981485788632,-0.026245327091239376,3.1044391816259114,-0.022223944222555844,0.5570940696528953,12.0,0.5651290812390727,1.5488064516334248,15.600295488676036,79.87049680124969,115.97796594654983,107.4831688170164,59.21052631578947,0.39606069190635446,78.0,80.57469592588536,134.89389369691318,129.87647103025523,54.54545454545455,1.220834617496524,79.0,0.02092576182583068,0.02092576176903983,0.010826473461381408,0.6532755459243207,32.0,20.0,1.5761866089356908,0.5620172130503407,0.7941925637116276,36.222361936902544,0.0031141391147978654,0.06668681570364425,33.78541720902769,0.0006591317944220844,0.015098501953974906,1.0073577158046159,0.07814330205056988,1.0208759432464598,604.0,1.0481861189526667,0.03386284541230193,1.0998408322644713,90.0
S9,stress,4.366664596658911,2.819397459552572,-0.14883168872489488,4.1473073152174145,-0.13491426181726013,0.8162620025508271,14.0,0.6501515338875417,1.8501131710089296,21.513595923505754,2.3631471042131578,1.0074565690308526,-0.020264097509086296,2.2762292344572588,-0.01975817488980831,0.47323696017657696,11.0,0.6012632998900316,1.70322958129404,14.25563655891892,80.85848348474744,99.93104515721744,97.30124597112078,64.93506493506493,0.374736207864132,79.0,82.99574422940302,102.94969156474106,108.93616758264876,60.75949367088607,1.44887784473457,81.0,0.0176964853383066,0.017696485302935393,0.013006721374108446,0.6516086014335722,193.0,23.0,1.5800258389229964,0.5619287272192125,0.37342617401303907,36.2777131725082,7.590438883838209e-05,0.034637584885385375,33.794498935617426,-0.00015438866969354648,0.00810283162068307,1.0054671538679631,0.062327573478509694,1.0148489239230611,573.0,1.0482614559040409,0.03051379760850689,1.0997831717785524,86.0
S9,stress,1.5849137212008435,0.7019567597338903,-0.018359611561589054,1.4997931688480404,-0.01292491990281892,0.508230568251457,12.0,0.8114869076078758,1.6819918945195067,13.794674666652732,3.7564497696008274,2.4246769652596165,0.10961315398724067,3.5135768741686326,0.09504697717584772,0.9078162958918033,11.0,0.5719221599091449,1.4214487409222292,22.005734680656794,71.58126565548028,91.74002334890723,106.56698240604669,65.21739130434783,0.2422949758120418,71.0,74.13041658118027,114.70725837756294,114.25650087006616,67.14285714285714,0.4231434541617786,72.0,0.0206182038537551,0.020618203848088885,0.01574200861319013,0.6426071011835306,197.0,19.0,1.530717880198549,0.5656703692104266,0.354759525577051,36.25164871262012,-0.0019437522232880625,0.04054072255138269,33.79358762541439,0.00012956993444619735,0.005729669155278728,1.0033488470791532,0.036680870249586085,1.0080543951773329,307.0,1.0492957957474514,0.04728461222969621,1.1032575015269899,115.0
S9,stress,1.2210534376859574,0.6087024416049892,-0.01160621144320824,1.184778999562281,-0.009458213121401784,0.5282852324762531,11.0,1.1228862708835126,2.7913600139953108,13.389286589739926,7.649382876634871,2.5831093900252524,0.1352447977743527,7.392440508167746,0.12042838812035371,0.8204307851753149,13.0,0.5447716371803025,1.5494109398758598,21.50801073216131,76.68359783478874,119.00301627381477,115.46807659404723,67.12328767123287,1.2461325097592677,75.0,74.0558714009645,110.3658501936276,134.8837813194313,71.83098591549296,0.3572545578767982,73.0,0.0212547434376,0.02125474341228447,0.012996593607782271,0.6426071011835306,100.0,16.0,1.598032631945184,0.566291015894972,0.4392245692379039,36.129759755606585,-0.005982289020630066,0.10762331869238227,33.791483997042526,-0.00021525060741769866,0.00890920682053506,1.0042034447243062,0.04702474286226915,1.0106358848374253,392.0,1.0500350278162145,0.056682538272249394,1.1057864697859832,130.0
S9,stress,1.3793589933507064,0.700011298300138,0.005005891705051457,1.3324063138830624,0.005527247973644747,0.5168085171537995,15.0,0.8595993376471884,2.7913600139953108,13.304644880663052,9.01930299701604,0.9664920598952889,-0.04448860821169388,8.646229218570147,-0.039019195953847376,1.1266193303244347,13.0,0.47818724297846327,1.4242181048784088,30.38278762195805,80.69151432075189,93.91439410395769,115.95453654538399,72.72727272727273,0.1261672090980949,79.0,77.89932968849547,101.67440697095181,135.96443698629432,73.33333333333333,0.491800988026422,77.0,0.029352828370924074,0.029352828370901064,0.015387304704464668,0.6481080180030006,75.0,17.0,1.5940571324946624,0.5629891513223688,0.5805762223860016,35.98531645575556,-0.002738501009043451,0.06398198727534488,33.78568336299888,-0.00021880196221006582,0.00817085019241932,1.0034335018231735,0.04503030423182306,1.008906520880327,336.0,1.0520573067218988,0.06992347261614186,1.1117138686496355,158.0
S9,stress,2.046925836506149,1.5506227181622767,0.04508540568320646,1.9079233025465003,0.03573609621973559,0.584580324015435,17.0,0.6479137152308774,2.0541391602353825,16.286959071516918,8.748580134879928,0.8679033959709569,0.0150874404491372,8.383123494202021,0.019557395619739383,1.0414629006347693,11.0,0.56374764005654,1.3712620840139254,28.704663274517664,75.09908045073686,109.66016648116127,112.92525260567788,64.78873239436619,0.6423964027103312,73.0,77.056674180609,107.80574655296314,155.61729776835872,71.23287671232876,0.46937222030143555,75.0,0.02829511328365251,0.028295113261235155,0.013790530133650447,0.6462743790631772,86.0,19.0,1.5688747163289851,0.5617329743270614,0.581684707350496,35.97782983333785,0.0023499616714063023,0.046921864498922376,33.79390700283081,0.0005490187253067786,0.013195946542234082,1.002616380744868,0.038929868151486545,1.00675514157223,328.0,1.0488813699414445,0.06368767010476178,1.1042082475336144,161.0
S9,amusement,6.309520008457728,1.4291712017409537,0.011969331738478022,6.053779962031389,0.005118375241651251,0.9507585674597814,16.0,0.6434745137933764,2.3975689894717025,27.927536525466472,0.3433245125862688,0.07196521827780725,0.0007509972483145491,0.32981827754788096,0.0007241941190028742,0.059414358699646015,27.0,0.056996732714475196,0.3433529276103847,1.6719704956370218,85.56058376257046,102.9356072268973,127.4827511934523,61.72839506172839,0.4449785608409052,83.0,88.85955030537447,120.3229298564064,161.88679229432287,76.19047619047619,0.39975084911079384,86.0,0.014106246954219815,0.014106246920904154,0.010844282371940813,0.6506084347391232,218.0,9.0,1.4936480088845014,0.5745969838946559,2.4137457923319103,36.28939486253508,0.002025285233044106,0.04108026758227915,33.769308385858395,0.0008087521909079089,0.01589744668684469,1.0020443764879063,0.030668254568799482,1.0050334742893337,218.0,1.0492086062134143,0.05462332046427395,1.103822406490838,164.0
S9,amusement,5.960062764304781,1.077762783021261,-0.016230858332119718,5.705148650996017,-0.015104859764056828,0.8867790439430786,14.0,0.7862648582620638,2.2860302479579784,26.33029551955341,0.42181319066344797,0.17340383003336918,0.003984210576398626,0.391958411850336,0.0029779519674870696,0.12670030367161786,22.0,0.08997293558440207,0.30396333567594447,3.1589880726980137,82.06945518320222,93.66517259345699,109.65423217054371,67.0886075949367,1.4444629171195988,81.0,82.45557429292742,108.71991366046448,137.1088185530019,71.7948717948718,1.3070257207615268,80.0,0.01672495989279305,0.01672495986695146,0.012808870726013376,0.6514419069844974,225.0,12.0,1.8025347489605095,0.677624515703067,1.2677382736900045,36.28587184325568,-0.0028043761528203626,0.07098976165150638,33.78219541073474,-0.00021325971525056688,0.011675204984953667,1.0022495100036752,0.03618711589949706,1.0058135876597307,313.0,1.0533530282189087,0.06376820866007446,1.1136189864936596,156.0
S9,amusement,6.548317956113825,1.4677670260961124,0.04400422563371535,6.192137826917398,0.03952515743574383,1.1687040519179765,9.0,1.1463213961381955,2.3556530825691517,34.458622707068514,0.9605752926055477,0.7632108718471431,0.034893065534473924,0.8951026948778081,0.029909010828108283,0.304919203072888,12.0,0.3042525433689669,0.9664343970212752,7.7600133090850605,79.12174662335632,89.94663109677633,118.04883021779305,71.05263157894737,0.6712310863668205,78.0,80.93133422884718,115.12954266675146,135.77261327761858,76.62337662337663,0.8046945311677031,79.0,0.01516738212784554,0.01516738188043193,0.011336503176641704,0.6487747957992999,225.0,14.0,1.9211202782761467,0.6742239306842255,0.920848592428481,36.20251784668108,-0.0032262430755918424,0.08269855616058168,33.77891279755185,-0.00031911556556433107,0.011982034462989531,1.003606924788469,0.0439332053825912,1.0091569860185563,376.0,1.0531651546502248,0.05130055930483571,1.1117885903544207,114.0
S9,amusement,8.10620153496909,1.5610079139384174,0.06369283635258861,7.834136744533365,0.060138055315640926,0.8041937623605564,10.0,0.8834782329415946,2.0133288833374605,25.902813769233443,2.9682485617208867,1.7023121517863942,0.0939804799534818,2.8237306773422532,0.08497216483252262,0.5183523073859582,13.0,0.47160051542047654,1.1789807515346484,14.5695182319604,87.69557986973119,121.29317313717422,144.98441960331812,71.08433734939759,0.5585014105548626,85.0,87.53663557471883,128.37820264420523,145.18420865497419,77.10843373493977,1.3963670087964577,85.0,0.01471498914971282,0.01471498914896229,0.009969986755769204,0.6419403233872312,116.0,15.0,1.8867142038652491,0.6797656773302044,0.8116108950094,36.206119435762076,0.003380247994174999,0.060942335369218635,33.79376222395135,0.001017055866098543,0.021317575377149376,1.002923207916364,0.03583613408295604,1.0071391894832618,306.0,1.0505463566239608,0.05333251098940551,1.1064920041443131,134.0
S9,amusement,8.261747948299883,1.2929284684102826,-0.03821487387005557,7.962550354624407,-0.030705150833387942,0.9255667758994142,12.0,0.8373086816856513,2.1295650319679105,28.258264899398352,4.783079178855092,0.7269566850193492,0.018966455754630466,4.610645263026968,0.015832689953465557,0.6013846250341977,14.0,0.566751981694735,1.6918031034665653,16.286581447845037,101.49401804260566,112.9037238495993,137.1016958319631,66.66666666666667,0.3850221277335893,98.0,96.59818229102669,112.73120332150351,128.35180085456025,63.04347826086956,0.3963638917470273,94.0,0.013678469928916451,0.013678469844416593,0.008905688960111546,0.644274045674279,84.0,16.0,1.9066907287072339,0.6807276397871118,0.6111133737331851,36.268939545522606,0.0006544841531638635,0.025778309061696883,33.833623747534645,0.001465299785375677,0.02669557760946769,1.0013179604345233,0.017304346616929422,1.0029370983005923,174.0,1.0527724033244028,0.07719248400493056,1.1142884127882904,178.0
S9,amusement,6.112718621603061,1.7521553874718774,-0.08582044591808889,5.857776720741169,-0.08051551514650956,0.8353215735556616,16.0,0.6262407289922898,2.1591524807899,25.724520051429668,5.4482402174411275,0.6058282576452582,0.010822614301551433,5.204344082208092,0.011711333049000483,0.7611516510940874,12.0,0.5664573174036369,1.8534689783512794,21.43023948945173,107.18237836287562,86.63484750276609,116.08820176157161,60.78431372549019,1.0621671859478183,104.0,102.19914194533283,94.42423150170494,120.3425161713582,53.608247422680414,0.235160002828302,99.0,0.007551446868201517,0.0075514468648199135,0.005308201350000645,0.6446074345724288,250.0,16.0,1.9355619796502685,0.6861478904899858,0.5809211076672404,36.296207721602286,0.000680952189302511,0.0303146885850368,33.85188438255843,-0.000372195894853764,0.011976979951221085,1.0016998744187038,0.017599415538555336,1.0037123778377457,169.0,1.050828517702571,0.08008077327016408,1.1106535038645298,171.0
S9,amusement,4.151427537215068,0.9348030224750429,-0.03761934651166058,3.9760390104488077,-0.03443778526490763,0.6561474315498339,11.0,0.8443432938157499,1.7222273142311604,20.700618219605868,5.40060173052226,0.7283877570759545,-0.031787046664724615,5.187451301832301,-0.027363263474110795,0.6098940199984535,11.0,0.49398105979070356,1.1863886139460567,18.36435833746848,97.5943178373641,104.61967157577124,107.67833419919666,56.98924731182796,0.24585360400696668,95.0,94.97364367673833,117.19770814881133,146.81858526881766,64.04494382022472,0.27420668121381153,91.0,0.004062171971770895,0.0040621718994145566,0.0030691179491876604,0.6471078513085514,185.0,18.0,1.9335180295245609,0.6869603008539275,0.6109389223007542,36.303718419855876,-0.0005734681068555257,0.021708415421375433,33.82994736529983,-0.0012771174818806469,0.023448419248421913,1.003396693008506,0.04009505847210626,1.0084125372542878,342.0,1.0504652048695846,0.07220703537450243,1.108691002599273,168.0
S10,baseline,5.177261143962657,1.8011862349582881,-0.09420900323482215,4.964415722532291,-0.08561162698360969,0.7539343585919638,12.0,0.755640624546642,2.2250045795157067,22.620174484701167,4.8824478793217585,1.209761070865174,0.03200656657401679,4.728499499486561,0.033215094082384274,0.47490354180939215,14.0,0.5126879716206382,1.51312301771604,15.318176369022016,79.1981057912097,136.6646451179865,210.26366973590706,75.67567567567568,0.4449384503267598,76.0,74.5932636196128,148.0006046613688,200.82836266324534,84.28571428571429,1.2409140854020346,72.0,0.01284859816574793,0.012848598035668575,0.0076050932939793385,0.636772795465911,196.0,12.0,1.7179563815301562,0.6696154350092797,1.459303014886284,36.79687456706868,-0.0015241179103336977,0.043572238927799725,33.93375771257986,0.00028313962424660337,0.011988913199499726,0.9956473618700987,0.01565822027722004,0.9915588490611371,168.0,0.8390434634828476,0.023496490188902194,0.7045460186644898,62.0
S10,baseline,2.7207984431524994,1.6077521218357376,-0.06916084397758769,2.600777233314058,-0.058320362645092105,0.7909154906631406,14.0,0.712104175431297,2.2250045795157067,20.654408040219995,4.190918438005875,1.5426651462980976,-0.08223309738899443,4.032598925168475,-0.07213517086663945,0.6149406026381505,13.0,0.5696499521794869,1.1384642182754723,16.102574366477263,84.79463940768707,146.91764463058044,225.38012896359285,82.27848101265823,0.7753662666546834,81.0,81.75066395630397,166.26768307223904,238.54621538603374,84.0,0.6735710993553007,77.0,0.012912945753612879,0.012912945645847565,0.007731007293634221,0.6384397399566595,182.0,10.0,1.6302130925715237,0.6258020469030031,2.0028319456382597,36.72021255376096,-0.003054480186082099,0.0676196049540172,33.94889398465969,0.0007376490732625856,0.01540544508063047,0.9954252297947873,0.013467909668932123,0.9910527727028557,170.0,0.8388809603342633,0.023055130790303024,0.7042528046670938,64.0
S10,baseline,1.1331712027497893,1.4108732285110406,-0.056390533554470504,1.0485068278374956,-0.04940300370724148,0.3845046772169301,17.0,0.3266962250285093,1.033257142026974,10.332278153136025,1.7922427861837884,1.229057235582668,-0.067352529215913,1.7222392167484488,-0.06065297282739641,0.3572640041141738,15.0,0.4038557154756559,1.1661891101321225,9.710836481834527,87.7381519848225,151.99372599929814,224.5709214600864,83.95061728395062,0.7181791043031757,83.0,82.2309282153779,177.00430383061706,265.24482597844076,77.33333333333333,0.23130028061227323,77.0,0.018819371669183058,0.01881937130324885,0.012671064405588451,0.6447741290215036,222.0,12.0,1.9226053900775468,0.6602784224366541,2.022481905444704,36.69493315199881,0.0017569660752335683,0.03762739573109518,33.96189460715466,0.00011578817052446904,0.006307771919045353,0.9955406635233883,0.009993158502393677,0.9912010759454424,166.0,0.8394032147864754,0.01971224734736144,0.7049863296893533,57.0
S10,baseline,0.675726091729337,0.6051101952114731,0.009485173665518447,0.6595600284667498,0.009884007510670595,0.22000983777699118,11.0,0.3594753773400592,1.2182235352721285,4.964572327097883,1.0155890205964693,0.8693921846220509,0.024876176863370122,0.9291462415599087,0.022475681589238326,0.3241266717138453,18.0,0.23312864441902345,0.7879080267428047,9.048733958764803,84.07836865428769,148.5604404916233,212.2830717794104,80.76923076923077,0.7330878879656582,80.0,79.69704891839909,167.73657154130828,240.92070063598194,77.02702702702703,0.14867230188442146,76.0,0.029950081401845904,0.029950081277143985,0.0227517169192384,0.6449408234705785,233.0,20.0,1.952814191788391,0.705887710979525,1.0052818956644414,36.693488713260436,-0.001954521401219784,0.04182519135791926,33.96529601095891,2.5430463643425236e-05,0.007636451581234042,0.9957137087410467,0.01300180705009299,0.9916148367614178,165.0,0.8394225885493631,0.017010892416631476,0.7049196526277235,55.0
S10,baseline,1.097081663012616,0.9138136244618487,0.015152064716940849,1.0307654735483551,0.010081955314903348,0.36277795786197353,10.0,0.5411714638274339,1.30391022830972,7.9799627396680375,2.0729662114725205,1.1745984114872392,0.04716703852260475,2.0397763707683074,0.045848478455254735,0.26036378064056,17.0,0.37144826835846056,1.1832300739050678,6.997574446951651,81.68613146907141,147.25350709581247,211.25875877202108,81.57894736842105,0.8241037513898097,78.0,79.63258429575407,152.05864911365703,223.38389429728124,81.08108108108108,0.09796289478753796,76.0,0.0305247791378682,0.030524779132803607,0.023292524404469186,0.6467744624104017,223.0,23.0,1.9303047043736896,0.7095033738964689,0.3581898937714464,36.6526227835402,-0.0003385654259491085,0.029783672688841807,33.95584729516513,-0.0007138632589757523,0.013603596882578516,0.9955845828501876,0.018879008767725407,0.991545078581034,188.0,0.839564791937484,0.018082821677407303,0.7051960283008477,65.0
S10,baseline,2.8611940534142772,1.9101063211570417,0.08440824325993228,2.7894570318131313,0.0782095876104548,0.4018617049016886,15.0,0.6042605078333604,1.711883633683637,11.08321215595038,2.645866267577024,0.7599226948067365,-0.0018340484698737515,2.519512752399983,-0.0051734779420467905,0.46034742294092607,13.0,0.43940318108493975,1.2493989729872457,13.134421372391127,85.70619391116799,149.29381090758068,190.88609168820923,82.5,0.9956764869918361,82.0,82.825658216384,152.36291032267502,223.5387252542872,80.51948051948052,0.11095591008788161,79.0,0.02808591816782849,0.028085918164748418,0.021548210054493127,0.6422737122853809,229.0,21.0,1.9811441083853911,0.7047003438413062,0.46439503657984976,36.6249860843633,-0.0011963313100651907,0.04132086796812892,33.95099758172428,0.0003861211581313512,0.01016294139541441,0.9960815631247988,0.02074159743622115,0.9926086942613486,188.0,0.8404515504746546,0.028811872791723293,0.7071889327090174,86.0
S10,baseline,2.8211264503422493,1.9094907761786912,-0.089625866888543,2.6713968952063647,-0.08575819835587882,0.4794433072270234,18.0,0.48364865423205966,1.8194446997931257,14.95992038313896,3.455204828007649,1.129049851086178,0.05985708733876699,3.32532507749073,0.05404646831628027,0.46311954159363894,18.0,0.3825677314453803,1.3263529638978144,13.07120026408309,93.08286137094657,128.43661966388115,164.76567383022322,76.13636363636364,0.3906472501725138,90.0,91.29268219326298,136.404744327189,200.86411442374492,77.6470588235294,0.2673615981693235,87.0,0.02533839560687434,0.025338395605500445,0.01858581899587123,0.6339389898316387,230.0,23.0,1.9679234038313433,0.7018208531941722,0.45335662717661757,36.55247303704009,-0.0032871039435147403,0.061780493017832144,33.960637487092725,0.0002144755503126838,0.0079999800269694,0.9961785434199139,0.017632665240064786,0.9926826012536891,168.0,0.8405083668765383,0.028867937010334854,0.7072876725766981,79.0
S10,baseline,2.2431678558695247,1.5612730643175403,0.07450091324100755,2.1050127656089033,0.06960146377586619,0.60124692378122,16.0,0.597830691867864,1.9550855198893127,16.337196781435193,3.770900387390379,0.8103173876691391,-0.028557409454500395,3.6156393347863487,-0.026727882901709684,0.5024688644257213,16.0,0.42029147287544,1.1718278710911898,15.360337327034411,95.0700529318923,104.1157336859112,138.24250074050693,69.23076923076923,0.5082380905415611,93.0,93.60753082194736,108.78135557014596,144.61604045645618,65.1685393258427,0.524145085268351,91.0,0.019184022941677693,0.019184022890779605,0.01363678864210219,0.6384397399566595,209.0,24.0,1.9928057408284083,0.7050309521629924,0.23342846201975326,36.516812098744566,0.0008103532383575893,0.024509220145344606,33.96753969631102,0.00025540583295006596,0.00879341776633088,0.9958396456021478,0.01600453967681993,0.9919527450432782,165.0,0.8395578445083652,0.02266605676677177,0.7053711244048873,56.0
S10,baseline,4.197964753960941,1.4061041250077924,0.0676688449839016,4.023726887124145,0.05884442409146327,0.7024271712501011,16.0,0.7140566758736122,2.0844704227933146,19.863564577939528,2.632447877180055,0.7526499389182985,-0.022608389653975207,2.518289434043004,-0.017270901382059313,0.5047598033628355,12.0,0.61229321672104,1.6152264536270646,13.941878550709328,86.85036233346104,122.90035001134939,136.03711832061038,71.95121951219512,0.198713543732379,84.0,88.27052537637336,131.41553478465966,155.75628844887467,67.85714285714286,0.4237063057859539,86.0,0.018047311056120542,0.01804731097912363,0.012300346793968063,0.646441073512252,241.0,24.0,1.9947394823629658,0.706920228895958,0.2525387166409272,36.58521372826719,0.0031077665948643653,0.059050614912599934,33.978615378629584,0.0005305740574211436,0.010944275579011401,0.996014894574851,0.019739463656724562,0.992435316640407,174.0,0.8391700144110109,0.026939395581295256,0.7049320441208619,64.0
S10,baseline,6.006975712122313,1.176375677367536,0.055773848516826076,5.773638163176324,0.051266552327304,0.7170538433279385,17.0,0.6899950809264671,1.9404638799384148,22.990302730038515,2.1172060535582387,0.5533412611396681,0.0019304021291891586,2.019918139875256,0.0037755757808702406,0.47861564527584416,13.0,0.5963651830918031,1.6589490461510312,14.037855938672843,76.63501317382587,91.59049599135402,131.28448666295677,69.86301369863014,0.30007100208694854,75.0,78.96764097920882,129.6424105193326,160.17974929226645,78.66666666666667,0.7845716313389725,77.0,0.017351650232717983,0.01735165022995949,0.012103177379336593,0.6471078513085514,253.0,23.0,1.871242425633553,0.706504852754517,0.6124049934749535,36.67314407172838,0.002501705754997447,0.048578114949089445,34.00175847972634,0.0007977541003925862,0.016872402852406668,0.9956702958535865,0.018322961064498156,0.9916950689473394,175.0,0.8393020061413168,0.028043775283450433,0.7052143108449874,73.0
S10,baseline,6.981052929620203,0.8821617550107007,0.004060724046641677,6.719681571647125,0.005142520484560114,0.7612496665881009,14.0,0.6806427971390046,1.688927258025326,23.718347068216886,1.8169453945798857,0.5814268168446173,-0.0055639375354479695,1.7335154548271563,-0.006928108381571957,0.3954204868853799,15.0,0.4788554536148664,1.3525401440891176,11.649826403294849,76.73216094901657,69.54860896530576,97.66877284572179,56.75675675675676,0.5187326326564938,76.0,75.9243405896759,97.08357283925587,124.006108651456,60.273972602739725,0.3400784742363676,75.0,0.02639722280817378,0.026397222794046108,0.01863802375554269,0.6449408234705785,229.0,13.0,1.5830797160846113,0.5604162054262783,3.992926036546799,36.71280385345038,0.00035300662395698894,0.029123822959819107,34.00830745775939,-0.0005529590290202031,0.011273866057364633,0.9954849229200253,0.01769345521454767,0.9913032901185183,175.0,0.8400149081646947,0.023263829047122715,0.7061662516808743,71.0
S10,baseline,5.826060504230635,1.5012855862875314,-0.062165783937637914,5.626082968140615,-0.05736835033116343,0.6593615382573829,11.0,0.6487249749039269,1.6582107565132356,18.42481133731297,1.9959926962943344,0.7165167503516428,0.024595761312769703,1.9243137739203047,0.022819183101366106,0.4109892217651054,17.0,0.4220109862376687,1.5433929088211134,12.101253939476052,82.8308002535977,74.51785955329808,71.57363208700933,43.037974683544306,0.4535768012650875,81.0,82.29431134229026,89.36002484472131,92.5055859158403,53.164556962025316,0.23651465307088593,81.0,0.025234491864809427,0.025234491864271694,0.016454215927486977,0.6417736289381564,247.0,6.0,0.8337713601256217,0.38874953473845664,3.8378462710223293,36.71243385467754,5.79864886466058e-05,0.032863326514988876,33.997474653199234,-4.278554473482332e-05,0.0077917977168638144,0.9957265859588903,0.021328757594060076,0.9919263498858535,176.0,0.8398538666561453,0.018294934659517634,0.7056892219714741,56.0
S10,baseline,3.749316916180634,1.1689742548381878,-0.04611910894382143,3.54711674337533,-0.04271041615782097,0.7223997352060694,15.0,0.6375035408650895,1.6635499959648972,20.592017774304,2.6341658552536007,0.49532979160598795,0.0065989751478601165,2.507987220517438,0.0061006694261577085,0.4932453342374524,13.0,0.5862474810561127,1.5433929088211134,15.113228506617304,78.41759597285764,126.2006200112663,83.66600265340692,41.333333333333336,0.43140499936377846,77.0,79.19399874429408,120.16270721875549,100.243843327159,58.666666666666664,0.6492413822930481,77.0,0.014828285489486653,0.014828285405058105,0.009456434294805222,0.6419403233872312,210.0,8.0,1.686429290851056,0.573080327230554,1.6390228547422232,36.68667993877422,-0.0009467255142068724,0.03893727166293357,34.001644221071594,0.00034251064076223984,0.00956214219953598,0.9958948825685908,0.021056617900900902,0.992249998283732,175.0,0.8388323220480748,0.016454449289621285,0.7039104134139895,64.0
S10,baseline,2.457373563210598,0.8177443125168714,-0.017613772220526576,2.3438490146265636,-0.013620260136302088,0.529455083661553,17.0,0.5717927613768006,1.6743996121932692,14.849214075653554,2.93973799880058,0.5900578616677649,0.017007325282160982,2.7979519963714106,0.014098064306322853,0.456183150143546,12.0,0.4979756661222936,1.111579096864873,14.210555238985645,69.61530858545052,89.88567023605049,101.04676027064937,59.701492537313435,0.7258247620259024,69.0,70.14781779035093,84.70936576863562,101.72830180465859,58.208955223880594,1.2439787504520594,69.0,0.018119814313013124,0.018119814210162472,0.012770698462545176,0.6446074345724288,246.0,13.0,1.8696619841916482,0.7037439254727975,0.6130841885273361,36.63652863245486,-0.002022007983717485,0.041181909688634694,34.009245141305726,6.24437645935173e-05,0.007614660295847593,0.9956520800976556,0.017964754530104318,0.9916457970081155,174.0,0.8386808684945688,0.022090790656619546,0.7038736022106389,70.0
S10,baseline,1.6119862138293204,0.8070776920393766,-0.017486294471648352,1.5153414515480077,-0.014909071953213676,0.4216869402575642,13.0,0.5363666025097007,1.3947379803497633,11.717073795311485,3.6415562377739112,0.8163633627293666,0.03874025943222777,3.483395228645102,0.035144385052868134,0.5355258515656096,11.0,0.4885413797375438,1.067131403100057,14.713286575479026,70.34274085504073,80.46015597088206,83.1111465843616,58.208955223880594,1.1920129617148205,69.0,69.99449218038261,76.41588311357133,70.7065554076278,44.776119402985074,1.6456489975296154,69.0,0.023132415205348818,0.023132413682963662,0.017043878325929955,0.638939823303884,172.0,19.0,1.9839475377610796,0.7012484477976632,1.0778850175742825,36.577397345353496,-0.0024129723543955214,0.04713069996535173,34.01072048970856,8.243345966566544e-05,0.0076542655478132795,0.9954137459122617,0.013617917755870394,0.9910339732350864,167.0,0.8393639157056133,0.021290222802983226,0.7049850565756608,63.0
S10,stress,7.463173085859976,1.0176034195686712,0.030650576717028248,7.202784912104131,0.02462108816389048,0.7868790559856569,13.0,0.8990309668947213,2.002516768479034,24.045858769774792,6.3115226561839926,0.7915235279573474,0.0015802037917151826,6.077283865114907,0.0022071997243084825,0.675120420707625,11.0,0.4780800394879349,1.0140473969560952,20.077285463262157,85.35900267053566,72.99821468799406,90.43256482312012,57.31707317073171,0.6568806617050926,84.0,85.09649742892938,91.00304494531076,120.78448164436341,64.63414634146342,0.5054730363491144,84.0,0.04888874583544071,0.04888874572314219,0.031160786714090265,0.6539423237206201,160.0,15.0,1.429960113283182,0.566749284405706,0.7455353507270285,36.87688060723641,0.0015872397893119047,0.05583424493500408,33.88054389613331,-0.0008573448111978852,0.01689056952681453,0.9991183045229679,0.06059221943812758,1.0019088034892885,500.0,0.8405441128348918,0.04378149321921515,0.7084312247698997,130.0
S10,stress,6.645226288418208,2.4822457647544063,-0.10559267769956011,6.445473195937025,-0.08878158979923918,0.8584572829540094,11.0,1.0174249034229377,2.4720860484583365,23.346296790745818,6.3023729967257545,0.7261547470005821,-0.02086195189903636,6.0147099179429455,-0.016610934504832555,0.8427130678289785,15.0,0.4120330987523599,1.3034537430286157,22.513400660491484,79.86082274072773,104.84658884678701,97.91329320890499,63.63636363636363,0.22112258848672228,79.0,80.83725964386868,107.95084843030729,103.00009653570056,59.74025974025974,0.36092379850652095,79.0,0.045405674634565886,0.04540567438884099,0.027101219363001434,0.6496082680446741,161.0,11.0,1.4237628948404337,0.47362817751496716,3.2366632509422413,36.88731995167813,-0.0007549827232670841,0.032628694003500644,33.84360304529718,-0.0015458623949047502,0.028290066343895377,0.9984243802956867,0.051715451964957276,0.9995257311407658,412.0,0.8440586425788273,0.06133129940096677,0.7161965203982237,179.0
S10,stress,3.419218689649723,2.930007981156104,-0.14259174224578133,3.2236677791095922,-0.12692734001635675,0.7280110695542464,15.0,0.6093210954442896,2.1046091204457094,21.291011763181515,5.4865527338121955,0.8457967458350393,-0.028824302708196862,5.249850654137744,-0.026711917497115007,0.6864844700201774,15.0,0.491516110765833,1.474298117428111,20.37304244856962,70.37152412778639,80.53704724491034,79.87863929064825,61.19402985074627,0.3275664342075627,69.0,71.3339263389106,81.17556113874714,87.64464622942556,56.52173913043478,0.2822357892019889,71.0,0.042495465517477696,0.042495465105351765,0.02711854882288413,0.6416069344890815,185.0,11.0,1.4195508347187613,0.46505781951596725,3.2181592564694492,36.878237587579704,0.00024078665330455436,0.029415386431949447,33.79739316764352,-0.0014023138301870364,0.025087412431086305,0.9996179328124511,0.05660388070017298,1.0024400109105576,476.0,0.8494679421248856,0.08082418293165626,0.7281283332444579,216.0
S10,stress,1.2570873393435602,0.7977248471184828,0.003031492848133527,1.1695723589820817,-0.001966312183595988,0.4601694607354256,16.0,0.4359447025835259,1.338143147851703,11.475375156746354,4.414928083810093,1.0215650131859164,-0.02908885151368779,4.244100199844113,-0.023936193317137474,0.6371376296883421,12.0,0.5654670420252471,1.3122350280052153,17.611110610195265,74.82977646336411,93.88325167582813,68.92535255877938,46.478873239436616,0.7522691539890738,73.0,74.81020631414383,97.17764665127756,86.3814954957629,50.70422535211268,0.19795256543428624,73.0,0.049532065279736866,0.049532062118142706,0.034566970101981835,0.641106851141857,168.0,16.0,1.5944934870609295,0.5644834731832734,0.7006682524561819,36.85977293923811,-0.0012598291362199236,0.03716416384234526,33.77284572846824,-0.00032047629211658736,0.008324475552419362,0.9980974615062693,0.05508890403335095,0.9992333300128544,422.0,0.849607674870795,0.0792953121361607,0.7281209477261298,204.0
S10,stress,1.4538131770229041,1.1660180389227688,0.03178521588272568,1.3685591439015228,0.02501236149442258,0.48925581515134103,16.0,0.510194824137921,1.6159127093030548,11.650385836250202,3.506112792639622,1.0377923384064962,-0.037591283528698435,3.3211591903418425,-0.03457138173858058,0.5997668917854155,12.0,0.5464217106280435,1.3829602356221944,18.46421902002706,88.93824375455725,89.21768211314154,77.61897887986464,44.705882352941174,0.2570843232423665,87.0,87.583194406755,106.51706799965831,111.91384278913546,54.21686746987952,0.4641890083038345,85.0,0.04705290074064896,0.047052900278131,0.033134624153256236,0.6462743790631772,148.0,12.0,1.4463726713791099,0.5000069296444155,2.3924436831113716,36.8266572298514,-0.0011538614099177895,0.03346430160692253,33.76860183335871,-6.218770295210654e-05,0.007158127660410091,0.9967824755654658,0.0516328315950456,0.9962412528929407,384.0,0.8434794563281833,0.062309049420292084,0.7153400108873481,191.0
S10,stress,3.3312990378754974,1.8236457200082852,0.08591263754575668,3.1400088419351415,0.08021160105308636,0.6953004497689531,12.0,0.6781273494097185,1.901601974143702,19.63718163238812,4.075291535255263,1.2097521969831393,0.0588041376801271,3.90715719435659,0.05578706118956243,0.4957341435986932,12.0,0.48881331194182426,1.10478702275958,15.664663962741468,100.80650378289604,72.43461783608417,89.82977098435667,52.04081632653061,0.6716521909799761,100.0,103.63970777670531,102.10688407221556,122.88094948449951,61.61616161616162,0.7193925618767938,101.0,0.033916000267772264,0.03391598979965926,0.022525251751679968,0.6481080180030006,161.0,8.0,1.2828908430811916,0.4345484530931975,2.6983456761051023,36.778055172368056,-0.0029411207779473105,0.056733119996856214,33.771445649758085,0.00015202724904244262,0.007706666610340763,0.9968345194839577,0.048828661297990475,0.9960632973989668,358.0,0.8410033964897343,0.06257773452684214,0.711202685765781,177.0
S10,stress,5.804300594645836,1.557609788116568,0.07194954016730325,5.526536253121668,0.05911785328210813,0.9254546818297323,12.0,0.7305552171847789,1.6474487467809906,24.339918279462765,5.509052006780517,0.7605229732011233,0.02326797315885222,5.313329294472305,0.02346915646938935,0.5474013252866087,11.0,0.5511762665242117,1.1402912235306522,17.461190955365264,105.49335935284573,74.5351735743102,97.84441431049993,62.745098039215684,0.6314402006875816,104.0,107.60161158218675,100.70168382121967,141.02441914556195,70.58823529411765,0.9233272773516029,104.0,0.025220822294714104,0.025220822063035834,0.016576234715805382,0.6422737122853809,128.0,10.0,1.4872522130745272,0.511602421298958,2.390247675580354,36.6980116318836,-0.002859871425396372,0.05959385493121856,33.782756650846444,0.0005207474511253042,0.013392257557915519,0.9967059587275656,0.04490257140527131,0.9954390090818412,312.0,0.8432983328571768,0.07387769725302762,0.7166099923511038,196.0
S10,stress,7.179421142677373,1.5658577823951794,0.020244052333292704,6.943447570364803,0.0222473779043942,0.7471132458590997,13.0,0.7930685541413214,2.5205273183733965,24.39636982777444,5.57206805604075,0.6528195823817964,-0.012585432816600196,5.356023244217402,-0.011771054557628741,0.6116219531225114,12.0,0.4927396140667299,1.1748659348575332,18.193890425333276,103.90696176836065,88.06442774664131,116.57138966697094,72.72727272727273,1.1491032000654289,101.0,105.16433444330882,122.28501896481055,171.78801138202817,79.59183673469387,0.3967957822161297,100.0,0.029637451798009706,0.029637449357672284,0.019322583845447255,0.6362727121186864,133.0,12.0,1.340540090373265,0.5587667486821687,0.8562265862154415,36.64599168642488,-0.00042746380888382477,0.023633096693416435,33.78607639288388,-8.814319000857815e-05,0.01165601019092875,0.9977234814489827,0.04555469488254923,0.9975273756605205,326.0,0.8444351208396602,0.07052761416464269,0.7180448176672484,195.0
S10,stress,6.868749842746266,1.6712921868665818,-0.03437825458383308,6.509671974906975,-0.03183478656186362,1.0308777836406424,12.0,0.7956550592295638,2.1851905987212996,31.527693459630363,6.120644985895994,0.9522169186810565,0.04744737581088742,5.873437760268676,0.04351080450626354,0.681561239269578,9.0,0.6230581164573369,1.6595418725835192,19.66214155190142,102.13727640208553,87.61575374949265,120.94019436169636,66.3265306122449,1.8311803489348466,100.0,105.44644348432205,121.76963442653185,168.76928902103802,72.72727272727273,0.23969657219610174,101.0,0.04420853457583667,0.044208534575771806,0.02875208860935671,0.6412735455909319,192.0,8.0,1.3543594679529345,0.4661116348527493,2.0301070646341666,36.669212054957725,0.0020637827184023074,0.04524570897751199,33.776665276843936,-0.00033519992082121637,0.006822797887229559,0.9977635212111018,0.03769748497877782,0.9969531446333015,262.0,0.8419430388356115,0.04662523143756025,0.7110419928503504,155.0
S10,stress,6.6675780693319195,1.8147414911086062,0.026242495575820278,6.469933795378252,0.026166152389057087,0.6657575253469877,14.0,0.5099284997318606,1.4727971299287468,19.762339348390643,6.814117991669409,0.8331162684452276,-0.017129750583080156,6.588224166562439,-0.01351640172016597,0.5904159326780368,13.0,0.49782582271303283,1.15079037417381,18.241694300175592,98.99721069496493,84.01069212756516,95.86231445846305,51.041666666666664,0.3079904725974683,98.0,100.79369608642924,102.03216723681639,131.6293077967541,58.94736842105263,0.3818377286605444,97.0,0.05279308292120746,0.05279308288282208,0.03614797846043175,0.6429404900816803,179.0,11.0,1.31151739995833,0.4815706827002269,2.538933043622852,36.71746306717917,0.0012154698236859606,0.038637763128007395,33.760771174807566,-0.0007629102065377108,0.014569588163704768,0.9983205093093889,0.0478147938493525,0.9989300938186136,381.0,0.8403065178475227,0.04274579507912515,0.7079422469339757,156.0
S10,stress,6.105329035027957,1.8445525478755596,-0.08340482529145024,5.88085611772407,-0.07274175851836141,0.6454363977060761,15.0,0.5609944472406626,1.220632929455355,19.31818365562317,5.047348833529562,1.8183773299635304,-0.1002563885848436,4.854923212429497,-0.089830169200815,0.5962001460274202,14.0,0.4213458141197135,1.0523492080173895,16.923081836482922,95.75754137472536,74.91151083346935,85.08946698213855,50.0,0.6994241923854242,94.0,97.98357300286536,81.35740220285483,99.51521871879163,56.38297872340426,0.7336903572171581,96.0,0.04765220887404446,0.047652208782365646,0.03399872122915158,0.6437739623270545,150.0,13.0,1.594067665646143,0.5633141223355905,0.9651021822699511,36.714766778265265,-0.0008396194878229607,0.03295893495283392,33.72872395822238,-0.0014203571734973121,0.024867876083432293,0.9976015483536035,0.05281100530552111,0.997997851558887,407.0,0.8395647839805193,0.03926846830391227,0.7064110391031914,151.0
S10,amusement,12.446553582242156,1.0107119632573507,-0.007440967349365587,11.977070297682255,-0.009889483454868616,1.2508510965561552,13.0,0.9540929242364304,3.2919873880166364,36.98159407506446,8.761661962677946,1.3430353819355552,0.06919215462061852,8.412779146503645,0.06377643979283701,0.9580530081843328,8.0,0.6742443105420114,1.5151771301790875,27.892456621661104,89.83731467656831,99.46340299955428,122.77190711425273,75.29411764705883,0.33557906269257515,87.0,89.09996062894476,108.62046140668161,150.64391509255117,77.6470588235294,0.18373250401520716,87.0,0.03340637243253551,0.03340637238868034,0.02098737940774453,0.6482747124520754,260.0,9.0,1.4894278723944938,0.47890581013321337,4.448454787901075,36.75452952818858,0.0012922537004930066,0.0367771800298288,33.937624160044685,7.920351779157982e-05,0.006137955578209466,0.9958376257909204,0.014663659308469424,0.9919075998452117,174.0,0.8453141260535768,0.05811160108334031,0.7179329298861916,166.0
S10,amusement,11.77147350196196,0.6720889315608185,-0.011951735060885075,11.287746998490649,-0.00858567236988602,1.3244756600072989,9.0,0.7745667079785937,2.2030637296074183,37.360106597665045,9.214881481672498,0.881844537276584,-0.0271239001700745,8.84765968002288,-0.024259589413542913,1.0272730974618716,9.0,0.7790668628805587,1.762910126004213,28.77545148326055,97.77879866741853,104.61332971063328,141.21591795499143,81.72043010752688,0.2210787065877152,95.0,97.70116944989746,137.0644656804036,200.42585371288422,78.02197802197803,0.3440493449487471,93.0,0.018626286155546488,0.01862628606904102,0.010846871109989132,0.6409401566927821,121.0,16.0,1.8802950628410946,0.6557161377907731,0.9008578627557672,36.82287816741673,0.003600421173858939,0.06597250349970676,33.940842849839356,0.00014411424377597226,0.006489142780672345,0.9957169094960454,0.013329221280260378,0.9916298319962941,172.0,0.8442706297658549,0.044661194038572695,0.7147875185381842,154.0
S10,amusement,8.9956205944297,2.6352303590983595,-0.1387590215600881,8.63443999845451,-0.12547107132290436,1.164663257693501,11.0,0.8171223883216818,1.6591859334130925,31.172072596668663,7.759780124557671,1.0347802219868736,-0.047851384179573464,7.446207776290697,-0.04205058545754535,0.8999840238921705,13.0,0.546519679503504,1.4376321198184012,24.268457193471615,98.44208105974162,121.97063566412321,161.6148348348933,79.56989247311827,2.3037783904202898,95.0,94.89108599553202,149.1997407359054,211.43013811317633,77.27272727272727,0.2769134287616662,90.0,0.025324219608357634,0.0253242178102225,0.016604169907067486,0.6476079346557759,206.0,21.0,1.9325840541613246,0.6832149940428256,0.50383008048349,36.910404487939935,0.002614070891809679,0.051394961679698245,33.94487234250853,9.64073344559092e-05,0.0077944965711956,0.995859298492341,0.028069194982489627,0.9925236221006226,223.0,0.8411820701554679,0.025583878239573154,0.7082418099768156,86.0
S10,amusement,7.895923905373078,1.7819196023911827,0.06737974623023449,7.516704150482592,0.06364264327862316,1.1421951759654054,14.0,0.6905621144740683,1.49148379691343,30.409637927288824,7.314252876980707,0.7492249329020666,0.006755661172294765,6.9845216503287215,0.009917542913273908,0.9524150456084459,10.0,0.7163396962630759,1.2005984776889083,26.582014417071562,93.96076354685772,119.3565700200279,163.82501751453066,80.68181818181819,0.7279717447506364,90.0,93.63876002517127,144.3357998300887,176.1565079743696,80.45977011494253,0.8386679386164869,89.0,0.03339418902336375,0.0333941890177027,0.02366604402504835,0.6492748791465244,216.0,16.0,1.7674215315780626,0.617175688266829,1.1025477565872397,36.956918402200216,0.0011920098711434464,0.042952058347183096,33.94421478990517,-0.00024038971412357088,0.007732236427481068,0.9958728759955937,0.035517817631124105,0.9930243005130129,243.0,0.8406119905930137,0.03210037552772393,0.7076589528377698,95.0
S10,amusement,9.619152044935632,0.9862231877674584,0.027773442693581136,9.261957652657683,0.021308401124082332,1.0698820671267824,12.0,0.7812702100611463,1.8834284188681867,30.048204874359925,7.5234258466210795,0.6284621888330544,0.0009326207145050575,7.198047403733413,-0.00016446272164437413,0.8628486351315385,11.0,0.5375754229550768,1.4044102880990126,26.24403860639354,94.11140468739372,122.74503333069946,171.14255089624294,80.68181818181819,0.8586137644973765,90.0,101.45401378255936,156.7472146736324,215.77583138286687,80.43478260869566,0.9290381626346135,94.0,0.03796754019217891,0.03796753807288417,0.02837092315388936,0.6461076846141024,206.0,11.0,1.4362741547546027,0.5774279591506987,2.946078070927517,36.92138054731737,-0.0028873918110114112,0.05850726716917835,33.93798438102151,-8.491555067946208e-05,0.008809285159456922,0.995749832167986,0.025767110652437034,0.9921816722539473,236.0,0.8412735888907327,0.03676035410428566,0.7090925749989658,91.0
S10,amusement,9.682184573474572,1.194428179449238,-0.032791854094161445,9.327352355593925,-0.025221624336000604,1.0258235482402545,12.0,0.7656500676037136,1.8834284188681867,31.223386184264946,7.752686765258535,0.7400243061535241,0.024727704547690466,7.438333768283396,0.024057399908698936,0.9336655326732246,10.0,0.573417625737676,1.488083444920692,26.10652684404301,86.3604689721736,159.3342820289779,177.88538410039018,75.30864197530865,0.612515366046742,83.0,92.23150182254872,175.07925322037516,212.11428494921805,77.10843373493977,1.2878603001417925,85.0,0.040998365894503,0.04099836530355118,0.031668495230421714,0.6494415735955993,232.0,15.0,1.9140641771559108,0.6495988126491379,1.1334634029002815,36.88301081163472,0.0007125277657166639,0.04075089854681673,33.93445864276657,7.887834098644417e-05,0.008264530546789606,0.9975252758148999,0.03935988175131134,0.9966058761810695,400.0,0.8419410215219725,0.03520982911807817,0.7101044157879867,98.0
S10,amusement,7.920587343896055,1.8968730913067458,-0.09044969612366469,7.538032622137168,-0.08146659441577764,1.1760571894059113,11.0,0.9470141255849448,2.6096572800962683,32.97131987301588,6.744934566671478,1.6693768016651624,-0.08034566406572873,6.457484113981695,-0.07521358653353363,0.9064056366975773,14.0,0.47937658118564436,1.3219760942943646,24.609069850900035,81.15687680040443,156.4830490318778,185.9718428036607,81.57894736842105,1.1309981478991706,78.0,83.83548174132785,158.9355584994047,201.11181850320648,71.7948717948718,0.7301903955894711,80.0,0.04206058828226469,0.042060588006942796,0.03261815222871273,0.6422737122853809,230.0,19.0,1.9048476121490399,0.6810933285349103,0.43438654061407883,36.91118909056655,0.001633368125317263,0.04035015268815759,33.91712497513505,-0.0011856916112256545,0.022644921461348097,1.000040227543638,0.05939802512896044,1.003608582094752,502.0,0.8408776042313095,0.03784777842615344,0.7085075996295821,90.0
S11,baseline,3.0289616897452154,2.3792474028510275,-0.12865823471938137,2.875541051670532,-0.11734903237638213,0.6047843052057222,15.0,0.5795577264007681,1.494929132837504,16.288854482067265,0.3001515023444597,0.01510592009582087,1.8652342071029902e-05,0.2877189208378849,7.895658361168691e-05,0.03567581390506519,25.0,0.04164979741029942,0.06898031961240297,1.0417296307893522,79.95420520648317,100.03827018892544,111.59725520110852,61.8421052631579,1.461039178648451,78.0,81.28347390702889,111.98681984665933,111.44265476165162,48.05194805194805,0.6580259090309034,79.0,0.016234069850522257,0.01623406966290732,0.01213220243439443,0.6422737122853809,231.0,12.0,1.8961144636205756,0.6998477658306675,0.9393755618925754,37.10943718903816,0.0023275813351115913,0.04952332080487061,33.623347211511756,0.0004788444665841084,0.010701789334200016,1.0102029868196885,0.01638983951206786,1.020778701418651,168.0,0.964619252992662,0.016856491572572997,0.9307744445522576,54.0
S11,baseline,1.070314922571083,0.7654852384129045,-0.004825386584780451,1.0192922929578871,-0.0007508885560027028,0.4944902024204735,9.0,0.8678101436271297,2.7039987614526755,11.622942040551996,0.3060099906680884,0.02194248479935113,0.00047545187726567866,0.2928412401091595,0.0004654376444856882,0.03773182361663481,29.0,0.042018700785445354,0.08046155911600505,1.1368942876320458,75.4568098234248,99.30255261502592,121.47244772192414,62.5,0.5569387064972701,74.0,75.76506638755257,111.63806709802941,136.7424453536698,64.38356164383562,0.7528338834705283,75.0,0.015301147233232384,0.015301147150320058,0.010665564562809673,0.6394399066511085,250.0,9.0,1.858028773169658,0.647512511958272,1.6840334765081122,37.162678117193124,0.0006698332795494825,0.025197994381116532,33.62732770783662,-0.0002406984270820429,0.007700067509858401,1.01032140752573,0.02425224137727043,1.021337517716594,196.0,0.9647271639412568,0.012084194076788273,0.9308445285926261,52.0
S11,baseline,0.8360763118027843,0.7393042862492631,-0.029009173339863113,0.788718055868636,-0.02571461665908385,0.42694885347646605,10.0,0.6557670292755616,2.7039987614526755,9.113356728097099,0.9148793065219014,0.742411752378122,0.036199911181031816,0.8646595524759472,0.03250337088405754,0.28318438144592906,18.0,0.2101845249820521,1.1223257022724564,6.735424573527331,78.95853427949847,96.0857301188241,104.6988161597978,63.1578947368421,0.8324691473354232,78.0,79.73209699025682,116.21208459642106,148.3942111393536,72.36842105263158,0.6509760589579219,78.0,0.008308078899660733,0.00830807889076983,0.0052382913763056125,0.6396066011001834,209.0,8.0,1.8547480899852336,0.6421366607606797,1.0387963992927935,37.16639688487093,0.0001295948992786749,0.024890993159077574,33.614940958553,-0.0005899224821087667,0.011609523619607306,1.0099481066811928,0.027055557085732648,1.0207271813581456,192.0,0.9646826146989748,0.006374048422014684,0.930653175595737,54.0
S11,baseline,0.4301133818004411,0.21258191866256126,-0.0009823537879483917,0.41650218832002867,-0.0010231973705166256,0.1564224180459218,13.0,0.2819301064505039,1.15011412912071,3.4392326544888334,1.3726943129198772,0.5818706773109263,-0.0060205901396450665,1.3529304594148468,-0.005276032772141841,0.3329585775836695,14.0,0.620213159479454,1.6581221020956265,8.816365416114353,77.44891452629058,96.45276115868904,90.14252978298092,63.513513513513516,0.8729316958863044,76.0,77.34011873693947,118.99534576692145,145.6610448663405,72.97297297297297,1.274025399613998,76.0,0.010702434440522641,0.01070243438989198,0.0075352328995328365,0.6429404900816803,235.0,12.0,1.8499630736991552,0.6893608363827111,1.1661152573345526,37.18327846672276,0.0018038424721486014,0.03953638112862582,33.60137730664015,-0.00038779303458926775,0.009615313520651203,1.0100537048801335,0.021984247992818316,1.0206917939018931,170.0,0.9647756319163033,0.006461884770812826,0.9308337758942936,54.0
S11,baseline,0.8154177579182418,0.706793335213867,0.02637899029101312,0.75930179544297,0.02439869244848253,0.29002892067782454,15.0,0.4365788999760067,1.2332364178097452,7.2946904156893115,1.552767602846632,0.5615936521871167,0.015188414289235348,1.4679097260898402,0.0141568262088982,0.4053688047069509,12.0,0.5955367389119179,1.6581221020956265,11.755015118680554,65.93048573551809,127.29013228753344,95.86697132211965,61.904761904761905,0.9450080858587008,65.0,66.28932352674602,136.37108573731314,125.72643579114947,73.01587301587301,0.18151780328936026,65.0,0.013319188045466031,0.013319188034384,0.010236629999714175,0.649774962493749,222.0,12.0,1.9543521586671926,0.6916303449757069,0.7198278030999515,37.22314008383079,0.0009483869644832369,0.03753486829311632,33.60163290153138,0.00040559270444372213,0.009242311737087481,1.0100879796070672,0.021193921854054453,1.0207269088702429,181.0,0.9651854097106851,0.014981259557236093,0.9318073132563046,52.0
S11,baseline,1.4812208434494059,0.7467328086896262,0.019080844194996064,1.4478900991790284,0.01717192613094371,0.3993657739111928,18.0,0.7174292256110932,1.9912757169944701,10.493892351210556,2.317308577485165,0.7271133500437339,0.025051679930441724,2.2530873347140283,0.023548599566525403,0.2862087495707634,16.0,0.3290435343204864,0.9773259912208812,9.105103027956133,60.92680605386143,123.00826997709783,107.95912380986181,63.793103448275865,0.7322555324573135,60.0,60.70010279767381,123.85692757988198,107.4390063094144,59.64912280701754,0.6930350682011263,59.0,0.017696024165822676,0.0176960241655748,0.013178887789583215,0.6461076846141024,229.0,10.0,1.868045860410924,0.6517471863338545,1.4152031656267592,37.26299314135555,0.0010264264356062269,0.03279858819854173,33.60737177738453,0.00010552555978710026,0.0077241107898855,1.0101188073887122,0.021479384688575902,1.020801369006994,181.0,0.9652825534757726,0.01772686983092849,0.9320846499587108,54.0
S11,baseline,2.787560239186181,1.216475450571689,0.05127405621477355,2.656312658982581,0.04731564380689045,0.5361926929137397,17.0,0.7451659880754193,1.7420963043946673,16.294080066683936,2.436898591795314,0.7460773453373571,-0.017014243750139706,2.340839322137988,-0.014734726107867335,0.4453893456058016,14.0,0.4300131145467398,1.7325165496478623,13.316449974658623,73.37533815305869,158.54410075451574,96.38312031861727,57.35294117647059,0.4951224773253742,70.0,71.8376494037203,166.2334094648253,104.91992882456717,52.23880597014925,0.7928465792510976,69.0,0.02189818148925493,0.021898181472862904,0.016924027134765627,0.6456076012668778,241.0,9.0,1.5748409116214215,0.6348207097143774,1.110484128657407,37.256725552889286,-0.0011826737268766535,0.03587004275817342,33.59940544755433,-0.0005227395977561095,0.012527359585069823,1.0098383007471032,0.020263751258419154,1.02018401327086,167.0,0.9651694398165009,0.014579188467708368,0.9317646002920753,54.0
S11,baseline,3.406872880572933,0.8774501016494635,-0.01763755296092784,3.279001811034695,-0.021574028409924933,0.550065023887626,13.0,0.6853521597687403,1.9241950468813611,14.86145998768871,1.764583764308157,0.6747755126606245,-0.02353250312398229,1.7083964940372047,-0.020949210664812777,0.4131668764519634,11.0,0.6595154892637368,1.5348577474609193,11.747111926621088,87.34604766799987,108.08972826195081,110.15681463043504,59.523809523809526,0.19000898104558767,86.0,86.73254509412294,131.19922758126305,119.9048378460556,64.19753086419753,0.6731283083458802,83.0,0.018558665308909785,0.01855866513931377,0.0137201029713938,0.6471078513085514,223.0,11.0,1.9247506367682576,0.6789705285642338,2.06482057331866,37.27594670876088,0.0031087113183563735,0.05865321092653357,33.572233236951384,-0.0011544805527523082,0.02145464419061669,1.0097402054203763,0.017478013008805218,1.0198807633811195,168.0,0.9646880078780378,0.020376336431145645,0.9310381476300523,57.0
S11,baseline,3.389088778703058,0.8708096035502964,0.01576728596180964,3.2060681547209575,0.013557117521743938,0.7652671381478049,11.0,0.7956131146189581,1.8552706937452101,21.17214741898183,1.3556250278622377,0.9797039476011435,0.002767462646083373,1.2215366709413304,-0.002372822845649474,0.6060591270093337,11.0,0.4630589511556368,1.2251849434364535,15.487236597700514,88.5893302036573,103.43037821285803,115.62459781139754,61.904761904761905,0.37869137494823885,86.0,88.542232331812,108.85229239604442,104.45458720750601,64.28571428571429,0.3123310108013704,86.0,0.011966237542369156,0.011966237474849052,0.008551427697529044,0.6444407401233538,199.0,14.0,1.9804871951348055,0.6994778071884387,0.8929334675745965,37.35243982025166,0.0024270465399163074,0.048098414437121595,33.56255882520521,0.000767273003542168,0.020706886092388535,1.009926636034267,0.008025600562870874,1.020016220435885,167.0,0.9644661543625342,0.02326749721048076,0.9307363393372954,56.0
S11,baseline,4.337155026714426,0.8860409388046292,0.02811828866618197,4.147120842811945,0.027241850393452748,0.6883072491766373,14.0,0.7164970678760764,1.817809767894511,23.18247772999595,2.2634173386804806,1.3731971213813057,0.05602376176163549,2.1592841029349388,0.051810070243712196,0.4573146585871569,15.0,0.32354250230445053,1.5898766045843242,13.179381978292898,73.2955309094235,183.96824505539564,122.15111756503943,71.64179104477611,0.331544590029142,69.0,73.67340933049358,194.3316429990103,113.76749724024354,66.17647058823529,1.7038878812390579,70.0,0.00896596346556947,0.00896596338254671,0.006238768367624429,0.638939823303884,225.0,11.0,1.872314982056695,0.6449906861947556,0.7485058450005584,37.41694069611584,0.002550924037393225,0.048953469178526,33.598286793460964,0.0016770188681559017,0.031803319587945605,1.0097174271270286,0.008955716227816931,1.01960948749718,168.0,0.9649642524524648,0.025158188398020746,0.9317889429546146,61.0
S11,baseline,5.148126775811643,0.9401301578431934,0.026128422446019817,4.870098080812059,0.02117066284365962,1.0062082895228968,11.0,0.8037382676753002,1.8422574874858073,26.887781468482153,3.355510248562914,0.5128467995644433,0.0005140472717249346,3.1955534525989693,0.0020305058765199098,0.5810608506740368,15.0,0.42544124008595574,1.224064981517445,16.222087444838422,61.33849583236915,108.05666540224664,126.27653270447506,77.96610169491525,0.18773259299949294,61.0,61.568688174656614,132.68937463248582,134.7341967007382,67.79661016949153,0.8062955812706132,61.0,0.010131457842321107,0.010131457783683753,0.007313185095163948,0.638939823303884,238.0,9.0,1.5720244755638197,0.5872358840894053,2.4451556059891155,37.482164038414076,0.0015128474582584148,0.03573077929404979,33.63555433902894,0.000772943494540695,0.015511435308829554,1.0096820498562846,0.008345141043242597,1.0195274831810206,170.0,0.9651745231749115,0.02769708204051797,0.9323289885394771,60.0
S11,baseline,6.641082782594617,1.6566433113196173,0.06869748836643537,6.403730805253606,0.06121704667999262,0.7399486782241612,15.0,0.5204654808402985,1.9968201613236092,21.902006711480407,3.2798967448134926,0.7939027040799361,-0.026446292048250917,3.172257402309797,-0.020540245563252603,0.40774851505208504,13.0,0.5401471520213782,1.1577576500221207,12.978697701020188,67.79873513299954,112.13430591974314,113.76764444725448,61.53846153846154,0.6235203536843549,67.0,68.7135627755041,113.98687321271822,123.10651587911153,59.09090909090909,1.1561206630433758,68.0,0.010528601338598958,0.010528601332321332,0.007928654474065988,0.6437739623270545,224.0,10.0,1.864037599498144,0.648497344762307,1.4127995148412964,37.494821070567326,-0.0005870701777202804,0.030181266821089826,33.6719002848872,0.0015642778959476032,0.02802998392448285,1.0098520396786153,0.010912268425567941,1.0199202196452513,169.0,0.9654635486945536,0.026251162215213817,0.9328089873755302,59.0
S11,baseline,7.258324045941195,1.4961831995547739,-0.06060471602306074,6.957552743487432,-0.05168858652061581,0.9202667148578609,13.0,0.7153201531940674,1.8291846586310951,27.001582375488255,2.5820882159468064,0.940314348961737,-0.030904239208775955,2.4326038319810754,-0.027666907921155868,0.5166386813177393,13.0,0.55441825648737,1.1220357697655845,15.422559907785383,70.8106555717413,88.85052631965908,97.30183481735286,57.35294117647059,1.0560670699468744,70.0,71.28122030805362,84.45491010059847,113.86213263487456,60.294117647058826,1.3493732685935762,70.0,0.009481838210257415,0.0094818381317542,0.006958674945784483,0.6452742123687282,233.0,11.0,1.9190284789807104,0.6702515635067993,1.463785844992361,37.53476499372342,0.0034246338222790455,0.0638475697054912,33.7035167642999,0.0005711226225875156,0.011927425899337532,1.0097616980345223,0.018002314415342332,1.0199427701418706,166.0,0.9661213141346671,0.023545071345015482,0.933944764009938,54.0
S11,baseline,4.290033967364987,2.817432266722974,-0.14786867138173573,4.054124235389379,-0.13562206389827142,0.8137217271613459,12.0,0.6850152759571831,1.585441115010613,24.238659661843894,2.2809540596669087,0.9058412361142477,0.028220816133778796,2.151885457545318,0.02102758180651068,0.5289284344442737,13.0,0.45639511421123224,1.1295967540223981,13.786601136467906,72.71977511332176,75.14385934715807,88.91408373094903,60.0,0.888124140469538,72.0,72.81788485135226,82.4244507670845,100.86470451090128,55.714285714285715,0.42272656893340427,72.0,0.012523498847077772,0.012523498830513452,0.008898140333235617,0.6382730455075846,238.0,10.0,1.7245195217555227,0.6250143259054459,1.652634260809088,37.61708154056912,0.001773969656090141,0.03731640412012544,33.727887890056074,0.0012131512294497376,0.021455613736547047,1.0097095413474426,0.020678653045367982,1.0199409645798336,165.0,0.9654987869200745,0.01791143693580469,0.9325087271172409,53.0
S11,baseline,2.819118041604121,1.5460861561422499,0.042724807486480235,2.6119137136471355,0.043000617551730576,0.842858168012495,11.0,0.8018946426633851,1.5938453289497763,24.42685871657941,3.4490698976005416,1.3012380516397812,0.06107139019682017,3.316033418784002,0.05808799929891335,0.4837614879036559,10.0,0.6950041559577715,1.7469290148967485,15.516213988126502,76.60895013490715,67.93796852694072,77.52070342469494,45.945945945945944,0.31809762684469445,76.0,77.31220087820118,75.0739196215736,86.11251118933492,44.0,0.272762755458089,77.0,0.015911811266299525,0.015911811149702207,0.011923105866506113,0.6357726287714619,231.0,7.0,1.3095244273522975,0.4543433913144452,4.833851696341357,37.64784768632699,0.0006614101962542372,0.031104528369289407,33.75102936284962,0.0004075867182873413,0.010592897826313109,1.009969307118737,0.01989836929278611,1.0204339464224137,163.0,0.9651684257242382,0.02773101210818092,0.9323190990475484,72.0
S11,stress,4.41129176568431,0.9407520287168067,0.04087572884046381,4.224848579733553,0.037793409789413784,0.6233895342206893,20.0,0.5487408041806201,1.5214416440294802,19.20758624116718,4.133960377956515,0.9000446713373923,-0.03725589294539293,3.9592279112386466,-0.02890137111880658,0.7020557948881028,12.0,0.7008664738893472,1.571545314150594,18.989708569749496,104.26279591660685,42.937652605375824,40.086540048616065,24.752475247524753,0.3516080458192616,103.0,104.72874963600387,51.28269301011866,56.10257778452455,33.333333333333336,0.1985058978228565,104.0,0.04730639318438724,0.047306393184363256,0.027665986472355616,0.6419403233872312,149.0,13.0,1.5348222838935301,0.5623352021377043,0.8522225843835244,37.037693155093685,0.00013175994054938665,0.016030616305362868,33.59236284854665,-0.001189762068454173,0.021839857159445645,1.0117888664073713,0.04949247216168282,1.0261662149865882,379.0,0.9734978556932204,0.09079206956212373,0.9559412749346715,205.0
S11,stress,4.8214292355578285,1.0074812017571524,0.016139394981781907,4.601126844894131,0.011085878467119253,0.7567259779813491,15.0,0.6196678908755756,1.6619916106244332,21.619960930005185,3.389187281935084,0.778812386065068,-0.006773646886021504,3.200479532093086,-0.005601147429305214,0.6402945018475343,18.0,0.42565117564698607,1.4626952552786485,18.54244696944405,100.48763799816345,52.02753659368704,39.79539507766979,19.387755102040817,0.5017211515111742,100.0,101.13182909428276,55.85315257689379,52.998586971348544,31.31313131313131,0.6223184215676915,101.0,0.040037463100152826,0.040037463097543184,0.022782155755814628,0.6479413235539256,124.0,9.0,1.2731767072361928,0.44157403842664894,3.2247635572240023,37.02026743519117,-0.0012498221065229379,0.03038542338294124,33.546117102517435,-0.0018041531400423533,0.03212345246531872,1.0156278886720238,0.06563011678868168,1.0358073204780884,506.0,0.9784596206273901,0.09737371184171825,0.96686486895613,196.0
S11,stress,6.380783566735656,1.9664300526705505,0.10191902936160328,6.1333029234996825,0.09091991423123999,0.9393663992481133,14.0,0.8355371304945715,2.418115164334398,25.838971664365708,3.282763133134942,0.7159002550291675,0.009924218036664564,3.1653976488135127,0.010960775675869077,0.3917261614292577,19.0,0.4056898928904087,1.1966667178610213,13.103665340587483,103.22188227980654,61.27651981948808,47.528938553264474,26.0,0.09874754710461842,102.0,101.93771036384378,61.42923521482489,61.88539347459181,39.39393939393939,0.3949501853834393,101.0,0.029267932416584277,0.02926793241616552,0.017286078649805154,0.649774962493749,119.0,10.0,1.131775730108742,0.45287710872028986,3.146111454470521,36.999100952805534,-0.00042398201406234053,0.028889933962933042,33.51234948477764,-0.00037013064799383647,0.016084580042231157,1.020158789271837,0.08900013337658366,1.0486449790696297,631.0,0.9790256561021867,0.10914646878868944,0.9704041869553576,214.0
S11,stress,7.954647957115715,1.1321826707970757,-0.02374587966676659,7.680821951149555,-0.018976379942766783,0.8133251640431686,16.0,0.6534248327866097,2.418115164334398,25.470396610487015,2.7287248764903156,0.7953229388306537,-0.03566993991668567,2.5906117587357205,-0.030932463954701447,0.5575526551399119,14.0,0.5330339027584149,1.3769012022163964,15.153734102714324,114.81553220369348,63.167923942350924,83.76823453503776,43.24324324324324,0.3686320579413966,113.0,113.59795607910937,78.28824687412443,109.10845634761603,52.293577981651374,0.3730528998080086,111.0,0.02487197251426459,0.024871972439448307,0.012451876196267473,0.644274045674279,69.0,14.0,1.5373629464585485,0.5709954842687055,0.6781946099712699,36.95446437728263,-0.002321599431431616,0.050808282315043946,33.51062754273591,0.0002458105408861075,0.010469425673530174,1.0261367177493586,0.12110668726370244,1.067623393213415,672.0,0.9765269838587798,0.09898645978705922,0.9634032694255008,211.0
S11,stress,6.209721010893894,2.2501986077670217,-0.12080588926772033,5.983083315004545,-0.10536276473605945,0.8666133278633572,13.0,0.9386904976503538,2.4142428705143555,23.678998843718727,2.578100190998774,0.7061761896959328,0.026862227435067557,2.4458205951629615,0.02522575031476568,0.5282590640752238,11.0,0.6564865294623885,1.7279499988872944,15.890693368610686,112.82899146780711,88.22551263965586,98.05988344241862,60.18518518518518,0.5230823593465099,110.0,111.38258613919933,96.8113773650445,127.08317223414885,60.37735849056604,0.24696643084873726,108.0,0.020840151852725516,0.020840151780749706,0.012902964826586713,0.6407734622437072,99.0,16.0,1.5960485307121315,0.5621647807067209,0.6945738901577636,36.89595219819608,-0.0018680929653327348,0.05392920124073015,33.50800044365932,-0.00042695680217946346,0.011470721506575025,1.0342809044676657,0.15471290192657852,1.0936730713689962,791.0,0.9765191053686209,0.0924538883567581,0.9621372846222158,205.0
S11,stress,3.6952957367197885,1.6403690287837347,-0.06387559959527483,3.509584092060631,-0.05825246304688273,0.720392704691056,13.0,0.7848364587981299,2.3875356649523,24.037326257258055,3.8855418240364994,0.9784476212958656,0.04974601453773733,3.7282238610113825,0.04472992281817386,0.5330855874054842,11.0,0.6031977663395689,1.7279499988872944,15.680509604660097,103.63400699577633,80.43951051246624,90.97801932335106,54.0,0.37751329827784524,102.0,102.9682631383042,90.6969881979935,127.1733886896796,61.224489795918366,0.14386885495748544,100.0,0.02465922246485735,0.024659222331741063,0.0162825072575277,0.6417736289381564,105.0,19.0,1.5836770589067952,0.5625569182732804,0.4652783582085932,36.80268871689663,-0.004724036131709919,0.09188822363488701,33.51015785915466,0.0005627117490261884,0.014529179536459012,1.0252417839680033,0.1398434617680918,1.0706769093931774,717.0,0.9739300604032733,0.0807755125926079,0.9550644459917222,206.0
S11,stress,2.7697139655195646,0.9425824995043582,0.011383886101748503,2.6286300968011456,0.006131539654872967,0.7242039478920571,12.0,0.8137343552734878,2.2293315488282603,20.958212863129223,3.747687064973436,1.2620230249899813,-0.05690961871261873,3.629086144506157,-0.05068425375295733,0.4195442398778963,14.0,0.5028013184755445,1.1531010066539924,11.927701838844472,100.41991462169489,73.24013516875284,89.82227584020328,58.76288659793814,0.6277275495536104,99.0,99.72087549128999,87.05596845619863,120.60975184280636,64.58333333333333,0.5710589891473716,98.0,0.023703559268519008,0.023703559115438064,0.014469884960519418,0.6381063510585098,78.0,23.0,1.560421002785256,0.5652519207486646,0.4413605935668918,36.723803151149205,2.5660843659621627e-05,0.020761027739452355,33.517400949027135,3.0763427257321296e-05,0.010277812164090948,1.0133188999227205,0.0830643645089002,1.0337148815918598,630.0,0.9689166246659991,0.058471940817660065,0.9422183934171364,136.0
S11,stress,5.379778547124961,3.0058966915807517,0.1649609115180382,5.101887608522688,0.14793538547976612,1.0501254665406687,14.0,0.7231608792551523,1.7420796430472063,26.80071592168997,2.2628526130997386,1.0360018346419346,-0.035164064381502366,2.121921365096496,-0.029932576804321705,0.5810885469174405,16.0,0.5206404514233416,1.698021588241674,16.528673535299447,92.12869003667691,95.51443959739085,101.45531931930269,65.9090909090909,0.8538672064213498,90.0,89.48950790856146,105.85045102711484,112.82632410818277,65.88235294117646,0.2797662163396576,87.0,0.022959733803156756,0.02295973368376311,0.01459481203880293,0.6404400733455576,127.0,25.0,1.4996430575877797,0.5655045054110148,0.5183540992624851,36.784749681018226,0.003255725391026919,0.06849890949335732,33.499623312920654,-0.000991438847371772,0.018668996821500774,1.0114301315158043,0.04568027951998529,1.0250775988751009,362.0,0.9685237569994142,0.05519753680673078,0.9410850359417907,151.0
S11,stress,8.11268506305499,1.5592259845079552,0.01568445566750543,7.8355938370709195,0.01191488886311489,0.7928208231550508,13.0,0.618825187038077,1.8307753252587649,25.10061987980276,1.4258821928236765,0.6909488390564099,-0.009867864396727556,1.3536159134094299,-0.012018345037579727,0.453162987830665,15.0,0.48853503479207755,1.6313846453216911,12.290134011966662,75.80577761820986,139.30382462644596,117.01089391921931,71.83098591549296,0.42437785794160143,73.0,72.38022329120288,137.09515571874638,116.52693728906887,64.70588235294117,0.14177441892654236,70.0,0.028215830347565477,0.028215830342730598,0.01751145515684999,0.644274045674279,93.0,19.0,1.592572804886072,0.5630737064944379,0.8860679195325216,36.86610390213325,0.0011896958142317475,0.03211187659423287,33.48072341932566,-0.00020092028272726553,0.00913366555889046,1.0114490812608978,0.0390908733731889,1.0245573403645931,349.0,0.9669022223883341,0.04040410723085205,0.9365323995406217,121.0
S11,stress,6.821558452034154,1.8621576633925843,-0.09622825902325287,6.486270360245076,-0.08395301171386592,1.1576089446461244,9.0,1.0156444412147625,1.8285241495981102,30.51373515588234,1.1421439165273555,0.7070148858889236,-0.008775599066437304,1.0991568388127593,-0.0060018308168609995,0.2915749203203798,19.0,0.325953956673553,1.2893994748243451,7.907286205185327,65.81063318623036,96.15164527395719,106.12212192518942,66.66666666666667,0.49822914633094456,65.0,64.89407736818885,106.3030960145857,108.79743820735794,62.903225806451616,0.5502811639604087,64.0,0.028023268316154117,0.028023267975459943,0.0160154066605223,0.6401066844474079,81.0,18.0,1.5227549273144965,0.5651534663353945,0.5444396503488447,36.871703833087786,-0.00043187719169741987,0.022382573393769943,33.48449732625901,0.00046659138086139194,0.010129080854215869,1.013577670403939,0.05660856040322896,1.030544223052402,495.0,0.9675203187967091,0.05079449608804238,0.9386756481173238,161.0
S11,stress,5.181627923156437,1.2738941717915664,-0.017338581585113418,4.89317097338205,-0.017360373296614197,1.02707465713471,12.0,1.0975522230915191,2.521304727211662,30.753173883351337,0.8273759505989136,0.7027110994709309,-0.025894585748656353,0.7481821810195766,-0.02258014328904635,0.3646548088798524,14.0,0.2676697194987626,0.8559352957355439,8.523694055216055,68.29483243416642,88.33143457334764,89.00970325041683,63.63636363636363,0.27542648845326456,68.0,68.39007035917469,105.7282389094007,114.80372228121009,56.06060606060606,0.3418421793380198,68.0,0.020347412838574837,0.020347412826837153,0.0142812855023045,0.6491081846974496,115.0,21.0,1.4953701901289687,0.5646323236164473,0.24617625799414533,36.85441539142828,-0.00023858430610471467,0.02465224224919449,33.489661973265235,-9.435499383740994e-05,0.00941082583380188,1.0121585771409631,0.06736691662389652,1.0290032867354302,504.0,0.97091286727333,0.06887794869908312,0.9474159676539126,190.0
S11,amusement,8.330841343205723,2.0054570507401714,-0.10497138568406619,7.97321987733032,-0.09797967592730542,1.0529713884336218,14.0,1.0156712621359332,4.515721337590992,30.995121975596913,2.6156597812522353,0.6409165702477133,-0.02525343571630491,2.5042714109169366,-0.022523147924278963,0.4423956640723516,15.0,0.3855248007013389,1.359797051695986,12.81098777964748,92.45975386257527,105.9444635768735,124.59128583391049,73.5632183908046,0.641906419701595,89.0,89.87754515872766,102.69600957722785,126.8038450374399,68.6046511627907,0.47735987140049707,88.0,0.008482353630131305,0.008482353554821707,0.004810181584928948,0.6414402400400067,177.0,22.0,1.8693677739474646,0.684105923599494,0.33577675879374336,37.04905025656415,0.0011294922528528682,0.03184449543839084,33.63161494595709,0.0006423451345967606,0.01359206107837857,1.0104626481438832,0.034887633684318416,1.0222519102780407,272.0,0.971299565297884,0.06716446181998909,0.9479339104794273,165.0
S11,amusement,6.313592732810451,0.9867217257282851,-0.023781552270159614,6.005735752409123,-0.01853401855570171,0.9691906047337902,12.0,0.7130379947720344,1.765277220261761,27.881407924219232,2.232484995458573,0.5476682233103511,-0.017103494734420025,2.140776927686262,-0.012549337670557065,0.3548842016016775,17.0,0.32320544657297473,1.0318545296994035,9.593031440085856,89.6827694889782,98.10516705561182,119.61211821353704,74.11764705882354,1.1660559256616647,87.0,90.0950207097019,111.24831335502759,137.18126707512658,66.27906976744185,0.7540980280058911,88.0,0.012927281112324556,0.012927280859537283,0.007656638938695119,0.6381063510585098,198.0,22.0,1.8275169222664411,0.6858036818026416,0.4433545593609278,37.071630157038186,0.00036588203581247185,0.022693463878595516,33.6404236044257,-3.768746317326674e-05,0.00942356726786175,1.0109261354464414,0.03700757334579331,1.0233412118136211,295.0,0.9706683983824971,0.06469962510335532,0.9463831811069566,165.0
S11,amusement,4.240260791344932,2.135876280222908,-0.10988686706878527,4.046716443476965,-0.0983663726528915,0.7702667555136112,15.0,0.5774973590790685,1.7386739176402277,19.717869473444825,3.050101402437116,1.482871552173488,0.06005070615178414,2.869678463727168,0.05365336261742127,0.599103386378088,13.0,0.5190314688373786,1.4661161373072829,17.479677079750584,84.91687277613477,84.74798858500215,110.82286459514194,74.39024390243902,0.269589633097912,84.0,87.28235000283308,112.79399773855984,146.6557418804529,68.67469879518072,0.5726283134777671,85.0,0.027029809226880034,0.027029809142863605,0.017670937069687156,0.6429404900816803,230.0,15.0,1.799121237592837,0.6487600733946602,1.8082249724579098,37.12088426652334,0.002271804981729677,0.05462337281712293,33.632678141969045,-0.0003613359875407444,0.009903376658230134,1.0113008520951332,0.04822800805892144,1.025055354209674,417.0,0.9685032961707236,0.05380628651251362,0.9408937511618232,125.0
S11,amusement,3.5358369641705503,1.9611901149662547,0.0655832802146213,3.2849148696699704,0.060835256200363896,0.9444466480376718,11.0,0.7870346258998137,2.090090920045773,24.60914491081461,4.890006628825162,1.5322075232682695,0.07099955498701295,4.74904399140581,0.06337916770518741,0.5132723202894864,15.0,0.5526207480437245,1.5023192654211437,14.476499374649638,83.83190091756776,84.15484859832901,101.5375622280248,71.60493827160494,0.5267462941489353,83.0,84.81662792202448,94.62048351600046,121.31678111940177,62.96296296296296,1.0711967573883894,83.0,0.03316049726602294,0.03316049632054014,0.02554301710573702,0.6434405734289048,208.0,10.0,1.5842377408527062,0.5974356476530125,2.016012443622188,37.12742498756007,-0.002322395794837851,0.04836752334872273,33.62503876060479,-2.0737433887227943e-05,0.006378824282848026,1.0119285412924954,0.05151104171324739,1.0266527601007416,432.0,0.9691178484859556,0.05494163364507573,0.9422079873616371,136.0
S11,amusement,6.147851153202538,2.083455538868997,0.10356046775545416,5.961057724920525,0.0906822370415001,0.6153580282052868,13.0,0.6203074999454792,1.7188614838710157,18.806845086939305,5.526600173742702,0.687946249716867,-0.01584471408362835,5.323518484770342,-0.012993827662612086,0.6220049826684898,14.0,0.5761470877349927,1.7767123323512788,19.070874640890242,80.70758873981983,88.42010641316378,95.28494518663862,67.53246753246754,0.30104458281536023,79.0,82.35245407580699,92.66830475033323,95.73969811057374,55.69620253164557,0.9977360141038519,81.0,0.03267117292856214,0.03267117292821229,0.02467726607774019,0.6462743790631772,249.0,8.0,1.4750116719271098,0.5308897284435139,2.567154384265399,37.079427851600556,-0.0003900285944838454,0.02535693730671943,33.62315243720264,-6.214727831914819e-05,0.005501509375687302,1.011327858002819,0.040675283781609506,1.0244385150832844,351.0,0.9699458583094921,0.06608895148890187,0.9451627175606399,198.0
S11,amusement,6.90331544011389,1.4279482487140387,-0.04084797971195346,6.666950988224659,-0.03060247279438467,0.8240233835400756,11.0,0.7988184582926139,2.2245538393856865,22.882975812754744,4.63805482376601,1.005757469905565,-0.022275785933922324,4.387094419427787,-0.021604596226475134,0.8192172445318572,15.0,0.4331423152138341,1.3958610515596543,22.631665844954846,74.42640092799279,71.88958640290775,91.62120084589847,55.55555555555556,0.5437165615455318,74.0,76.0431081323583,74.22234314441202,97.67947358995548,56.75675675675676,0.15981844245068508,76.0,0.026857385068037917,0.026857384752717,0.018309609712845273,0.6502750458409735,220.0,6.0,1.0530447513358905,0.38194337954328883,4.732164832293988,37.087608393680654,0.0013861816113340064,0.029167530389825672,33.631896952526816,0.0005802146974358447,0.011876852630952069,1.0105166150012608,0.030315657858112084,1.0220628683049766,221.0,0.9690884723951114,0.06876629244032484,0.9438612703050789,188.0
S11,amusement,4.275595251506421,2.265569156396111,-0.11280872553672655,4.1167375778911115,-0.10114883029572938,0.7755663278118636,10.0,1.1422194135900752,2.3843460197338273,21.304827935832265,3.7561013815031905,1.3161559337428566,-0.027324815740205136,3.6475129215508297,-0.021387780316545806,0.45771995963951156,19.0,0.38252654878959924,1.2214704516448687,12.925727981380732,77.88317926273952,75.80486334598592,74.50715260613343,50.0,0.3157787533848453,78.0,79.58720851107768,77.44931332887907,83.21487793111824,53.246753246753244,1.0089357807735395,79.0,0.011587615707400268,0.011587615579145118,0.00739690217677038,0.64327387897983,213.0,6.0,0.8432990070486857,0.3746330075867896,3.6135832631890463,37.10269288954751,-0.00011010472391841122,0.02303101986303607,33.64229996811653,0.00013380066553224477,0.0063873417905088315,1.0110801604497182,0.046854466466201915,1.0244784318828604,376.0,0.9716741450288543,0.08533401396027814,0.951432538056128,220.0
S13,baseline,0.997322602435466,0.7292896816107884,-0.017497025859361453,0.9363358063043352,-0.015209743456106723,0.4266742812064757,13.0,0.6397596248659038,1.4833823691029207,12.187630486293031,3.754851315832392,1.3898817610425196,-0.06702110831471819,3.588006172673308,-0.05849048343073805,0.5278355245074619,14.0,0.449493026551034,1.0014126171209385,15.394765385685075,59.94491754029681,188.230913038684,148.41587761177271,70.9090909090909,2.9580536998908813,57.0,59.87842439649638,176.5294256627233,156.16774150522286,68.42105263157895,2.580320654679031,59.0,0.05676733210515132,0.056767331795407806,0.04469253094422026,0.6392732122020337,257.0,16.0,1.8220415581167235,0.7049286781025368,0.9153627089241122,36.66688014266933,-0.000714772191469258,0.05388874097437408,33.238749969570954,0.0007485065407045399,0.01519505579745809,1.0309022603251348,0.026442937919849197,1.0634586993093051,192.0,1.0662803252139506,0.016361010751324376,1.137221414611173,53.0
S13,baseline,0.9190506871937734,0.5677687520682115,0.001200319997466088,0.8806090500159456,-0.0015212433516095835,0.3822638235211467,17.0,0.5655145690021876,1.4622528454587584,10.661903761192391,2.2265904435928516,0.6621147177565421,-0.02138759550434855,2.1229844614506996,-0.018729905886331888,0.47856056684506315,14.0,0.5255331799431034,1.2131583684800895,13.303737480917672,61.91473183545023,120.2144975605227,124.09673645990969,71.1864406779661,1.1216959464651535,61.0,60.899414909079034,126.71984049705502,133.70484957386162,62.06896551724138,4.4021256615913025,60.0,0.052164358752924536,0.05216435859119913,0.03988944727211029,0.6407734622437072,251.0,17.0,1.9543315350065171,0.7050670529553842,0.38914519703447464,36.634355464275025,-0.001312393028500324,0.04389202759297036,33.251269664383024,0.00022241854487950404,0.010025391045755665,1.0306047690656845,0.02287128471006891,1.0626692856852218,181.0,1.0665239276687215,0.01802755911359537,1.13779828117751,54.0
S13,baseline,1.8341280525905768,1.1466748256971142,0.04004762431198177,1.7860813075218362,0.04032881047317213,0.356954555224696,17.0,0.5874033605353114,1.4195195576240043,10.412811019996447,2.618575782692702,0.9350739950232181,0.04082971648906773,2.489445141415424,0.03846453762963558,0.4514679135268179,14.0,0.5012402815570953,1.5237866121068244,14.152029086639413,63.518311366637874,131.41311852620586,120.7422400181064,70.49180327868852,0.8247555423717119,63.0,61.52525014139914,141.95353110586893,148.65710841941157,68.96551724137932,0.5342174194697663,60.0,0.03482499771049421,0.03482499761427909,0.024050255535716245,0.6477746291048508,208.0,15.0,1.8531585085715043,0.6675621985168749,1.4045690747393969,36.63361729075363,0.001114582174699732,0.028271500639137158,33.255628215221584,0.00024323108565766564,0.006828235899330352,1.0301882466981538,0.009797551225617127,1.0613838156450348,167.0,1.0671732344497011,0.023255233458772926,1.1393995182090584,54.0
S13,baseline,1.5348287489940315,1.3569277506929989,-0.06186810837063945,1.4780379279892202,-0.05878164873942209,0.3083136182346919,12.0,0.5160989641711043,1.4195195576240043,8.173426665905785,3.5369704340874857,0.5610173899803471,0.012394558814793788,3.3979453067632552,0.011093725710582682,0.49234762263903026,13.0,0.603759810154506,1.523409996876131,15.850400768868067,72.19646556033919,121.83818738194644,142.85945376282064,69.11764705882354,0.21578201728732724,70.0,70.42452946362744,118.3305933298537,128.2233650442991,64.17910447761194,0.9896828469511316,69.0,0.033927229761099145,0.03392722882220281,0.023266621315130208,0.6472745457576262,220.0,14.0,1.8398213326586632,0.6568995421162266,1.6423085930460508,36.67225137587185,0.0013252184006290189,0.02866534136211838,33.26297239396383,0.0003530848999889746,0.008233476256491953,1.030098585387529,0.021707197015267205,1.061574298019648,188.0,1.067153877820489,0.02459751329128783,1.1394224366074224,54.0
S13,baseline,1.6022651001914583,1.6126071049696369,0.0810102006317499,1.4891158575033894,0.07066190413776094,0.5781006332761168,8.0,0.6620371631176807,2.2388805386004043,13.573002024883506,4.354126934262043,0.8899926322031978,0.042365004403720194,4.174111831551683,0.041244782947249405,0.552205103508838,9.0,0.6563968304414104,1.059093159814715,17.28555352661504,72.75654935760979,105.45465010995822,124.28345349077786,60.869565217391305,0.06446816587614786,71.0,72.06186163686996,85.12929936669268,105.37984017014693,57.142857142857146,1.485670772844791,72.0,0.03720982710819843,0.037209826993746094,0.026793332418684958,0.638939823303884,233.0,15.0,1.9862060505453898,0.6912441273465469,0.8644970225748706,36.72934940097243,0.001953321213498945,0.03847669174075235,33.26141926679112,-0.00036123647093200023,0.01006354466936717,1.0307296615552852,0.030024822346596057,1.0633051251668175,197.0,1.067121581763181,0.02338550912820527,1.1392953523019382,58.0
S13,baseline,5.1352844331247915,2.57114917465747,0.13360688244114177,4.975518581987038,0.11917657868846228,0.7585626510754421,13.0,0.7775775972892661,2.1960340814648247,20.20804819494205,4.694497969397118,0.6441825895480825,-0.019577845835049217,4.51519629908993,-0.01832247057552683,0.6004175513079741,10.0,0.6679958837417779,1.5552066834080613,17.406251768411103,70.15753286637644,85.12665454825536,98.71229734465116,66.17647058823529,1.1609183133316763,70.0,71.48883751801449,84.2988905571645,112.91220947989794,67.6470588235294,0.820543292420684,70.0,0.02943129822219263,0.029431296438394972,0.021384535543979347,0.6381063510585098,245.0,17.0,1.9871497004624867,0.6975478791745914,0.8025311520433334,36.79243326769661,0.001898183348887081,0.03988522879408831,33.24741706880918,-0.0006278926324539497,0.012315455907222116,1.0311939406547876,0.02807958260120097,1.0641494062022074,190.0,1.0664157777014112,0.022737206624004976,1.1377595914955687,61.0
S13,baseline,7.9483910228356995,0.8850036251049925,0.02032871353614182,7.655792587063302,0.017606856758279023,0.7787320702805764,16.0,0.5409339558449492,1.4702187639318716,24.813560004184026,4.268629648929021,0.5474318375308985,-0.014605287383601286,4.098030979549498,-0.01115873122522828,0.5330369322175148,12.0,0.6145099093229903,1.5552066834080613,15.866906568480378,67.56948670996479,90.52256991676505,107.83891120198957,76.92307692307692,0.38727480592494395,67.0,69.62258968277206,98.96688767806378,113.01766945019945,69.6969696969697,0.22537562661157062,68.0,0.024647924737322996,0.02464792467515388,0.017254044010898473,0.6361060176696116,213.0,14.0,1.813629528340836,0.6749273611696901,1.7099295808885329,36.85791204894695,0.002256187784272848,0.047491399287582926,33.239674685929316,-9.839452678436051e-05,0.007403472084396903,1.0306471066973255,0.0214832553086796,1.0626949888022261,170.0,1.0654748641817962,0.019635831482888368,1.1356222520812416,53.0
S13,baseline,7.109547121748447,1.6022297544655044,-0.08709622403431863,6.832809323109206,-0.07874081828696074,0.8113998238098178,12.0,0.7701470307258275,1.7393882516888661,23.900057361612035,3.206096607962786,1.1946988851579563,-0.06543997206880409,3.0940250824944195,-0.0555708827437308,0.48656015688857807,15.0,0.5276621695053861,1.297585357519555,13.048366156667237,61.46185871741233,132.85451234130042,130.17229961173362,77.58620689655173,0.35318500638441896,60.0,61.73115638398229,125.36247488616775,105.75521839451902,63.793103448275865,1.2751576813305259,60.0,0.016448084169849202,0.016448084164520205,0.011195741406152353,0.6409401566927821,196.0,11.0,1.7941934359032052,0.6821427653317007,1.0936128199687494,36.882212211317274,-0.0008500026067599856,0.022852003861094056,33.228411221976025,-0.0007397513888322528,0.014227074261976147,1.0300265519687097,0.019084962895218348,1.061318933569261,171.0,1.0663103045449602,0.028871845519961945,1.1378512490424944,63.0
S13,baseline,7.437185019737517,2.1412382675186463,0.08700286235012819,7.096131061334486,0.08208353332006076,0.9942822141431438,13.0,0.7990826533454675,1.7584761715302615,30.18554710043851,1.6002499811578585,0.8893419229754486,-0.03383556957599432,1.5185624312958075,-0.031447606874015245,0.4216011563509246,13.0,0.5610740789963169,1.3155488286832946,12.886412341782346,50.923399695159404,211.76232505553284,162.92252760131143,77.08333333333333,0.6877747351945909,50.0,50.88826794652872,208.78293057959277,152.89363899047598,66.66666666666667,0.8416630509296089,50.0,0.026653163116909455,0.02665316246112869,0.016629951594711236,0.6467744624104017,218.0,13.0,1.9857109047732455,0.708342243601052,0.5759918980911682,36.868644530795414,-0.0003728015607860735,0.02249301525061821,33.222998237941,0.0002679317788385952,0.01129574462292652,1.0300836790819878,0.01939678102544242,1.061448621025233,167.0,1.0671841392042822,0.028692194080186344,1.1397052289703198,67.0
S13,baseline,8.136580352528403,1.954903349911164,-0.057115229028058545,7.886225687009636,-0.05662210283443416,0.7837527521091054,16.0,0.602080965069429,1.9788661965822367,23.85427406187484,0.704145613290121,0.5235429500200841,-0.012381581048986939,0.6849318736531838,-0.011440305926170815,0.29925258748060934,15.0,0.27081459020691356,1.109483140999763,6.745884694779365,50.40600288098676,202.63118507061193,161.32430664625116,80.85106382978724,1.9197715893653384,49.0,50.36122024919994,202.55734237581865,150.25051111535538,65.95744680851064,7.329899214811736,49.0,0.04298949299609698,0.042989492996070376,0.03168692065046869,0.6424404067344558,243.0,19.0,1.9863831980054811,0.7060563220690481,1.0473630910264333,36.85099353333124,-0.0006030896209486723,0.04176582362861543,33.22377744115808,-0.0003679608043949588,0.011723579358074193,1.0299401665271302,0.01850600202691067,1.0611192187369527,167.0,1.067580184072129,0.025271699945567997,1.14036610824162,60.0
S13,baseline,6.050187561922333,1.763590054034443,-0.08457595896517578,5.746780746095611,-0.07323769507393361,1.0131162141076484,12.0,0.6573384652478406,2.084291976597176,27.405156537620115,0.9349087159027323,0.8595953518710165,0.0358585286827209,0.8577851770638579,0.0331404976240529,0.3112524624805328,15.0,0.21909725872195285,0.8748681420620112,7.7026802464569,55.87166862572263,106.14340338645546,120.58818115371919,67.9245283018868,0.34050895828707184,55.0,55.723132514668684,86.34030851379622,92.28912890302544,56.60377358490566,1.3536426056366433,55.0,0.0456656011557942,0.045665601126156405,0.035739657907212743,0.6412735455909319,254.0,23.0,1.9933143224919154,0.7033453204247724,0.28428139068695485,36.814421783158465,-0.0010229733865970312,0.04881068314092505,33.213482952339945,-0.0003809488645399357,0.009788012360171766,1.0298077846450908,0.016917724260565738,1.0607902827097864,171.0,1.0673849376934579,0.024169674770667764,1.1398947783933868,59.0
S13,baseline,4.276542111012754,0.9435762140856752,-0.043779026178791765,4.093491045505349,-0.04005782005316755,0.6346392926319322,16.0,0.5440993295311243,1.6039387847574793,18.423551979049634,2.3304180311964813,1.2044427492544025,0.06448564847200206,2.2294375861271165,0.05609760216075264,0.4846831223738375,12.0,0.5548533597990973,1.2776402222079688,12.274861140660345,66.54908156037675,157.03975017466323,74.01201103724827,46.03174603174603,0.6276065428462644,65.0,65.75754720224893,145.00722648932702,69.84938977531677,39.682539682539684,0.5005592650878569,65.0,0.045193845138620126,0.04519384513839475,0.03530090142847034,0.6429404900816803,228.0,17.0,1.970420549349323,0.6942181347605374,1.4205268333878809,36.72706571689556,-0.00469497785896911,0.08305332568481141,33.21064873440709,0.00016011942697477343,0.0059116709255231485,1.0300308670242515,0.01944469959667898,1.0613416833651366,166.0,1.066580087544123,0.014630087371258541,1.1378071226021196,54.0
S13,baseline,2.3412230223125827,1.6356281970163309,-0.08118255145818175,2.239418926811863,-0.0724422359590178,0.5288276144053428,12.0,0.5984196230909352,2.041991797725423,13.65669905038975,2.7804217303030954,1.1543655422683925,-0.029534419443686538,2.7006172099805514,-0.02555027516843091,0.4082939312835034,13.0,0.5351416359718194,1.3579490050057077,11.352984626379271,75.45601416610334,56.75150272749554,48.75153668108438,31.506849315068493,0.2562931244810287,75.0,74.56000306235599,60.738627523211036,56.36641302338909,31.506849315068493,0.31325983622714776,75.0,0.03679804979028093,0.0367980496351066,0.02574711476948582,0.6537756292715453,259.0,14.0,1.8618915051171212,0.6933238242600539,1.1339213000878408,36.64417266170619,-0.0015576276660732764,0.044016977635114245,33.22325461824448,0.0006112104353239054,0.012191199316814429,1.0301633346608474,0.024797029049832015,1.0618513887292553,174.0,1.0667785014630509,0.013067749804525944,1.138187137268706,53.0
S13,baseline,2.5050157452287563,2.5558051144111014,0.09295605035694196,2.2933599350755274,0.08912986889151944,0.7101749810867096,13.0,0.46832173983597375,1.5697625367954342,20.532484940518287,1.4882539468370004,1.304131165193297,-0.06281312797070109,1.3861812580672506,-0.052838648130967336,0.5328589900966442,9.0,0.5490951106070897,1.1151244875372415,12.738554957892564,69.15153105686159,128.11368481546708,49.68079929089069,33.333333333333336,0.7057448092268612,68.0,68.88233982788012,128.53307505865033,58.655816486451776,32.30769230769231,0.686577356585672,67.0,0.015003770916804356,0.01500377090770123,0.010025949709137687,0.6524420736789465,217.0,17.0,1.9582796831790357,0.704632399541487,0.40453677212337563,36.58650069258441,-0.0030843293686911065,0.0635214205770602,33.236138038034696,9.871835235838947e-05,0.005041076915720998,1.0299082624113325,0.01971878561342381,1.0610998594891983,178.0,1.066005267425292,0.02240905646464335,1.1368693959901037,53.0
S13,baseline,4.43942809908593,2.046625320543151,0.06190851664001875,4.320937421825024,0.05184650109743731,0.6405833976214688,14.0,0.9012289053265521,2.4378980226432727,18.343677224465907,0.475576228115411,0.28346346222072644,-0.008909190741161675,0.4586599266927411,-0.00886550869537344,0.1478063348504647,22.0,0.1369428438176745,0.7415061118328704,3.474219877689811,57.82106082687142,97.81830632673821,70.93759833221627,58.92857142857143,2.621646801277381,58.0,57.77767021771287,93.01277707644472,70.63530697115354,45.45454545454545,2.15925023832455,57.0,0.02833612620801843,0.02833612616961605,0.015410430227141485,0.64327387897983,247.0,16.0,1.887801344379437,0.7081420647361216,0.990733510530904,36.52183774830842,-0.0018898027896280735,0.0503486450798777,33.22714107755302,-0.000720210405535606,0.013865951191068048,1.0299604435573508,0.012216900439282561,1.0609677679491982,166.0,1.0654970543106077,0.021891396342996874,1.1357632059784284,53.0
S13,stress,6.234168201955564,0.7644236658993923,-0.025821776153099916,5.957809519998779,-0.020761295228843547,0.8585297740206835,14.0,0.7258032753810922,2.214634226774077,26.012364527492064,0.3926956269415411,0.14557391859541896,0.0054665773759268975,0.3720825321794511,0.0046943789278134085,0.0941684857195077,24.0,0.08442590584630384,0.3723919828107498,2.484426501840341,62.3008200042242,140.3485683261851,107.74330925702667,62.06896551724138,0.12656141057291387,60.0,63.148294861520824,154.21964664354752,121.3664603930317,70.0,0.5858656714247796,62.0,0.04052860893261582,0.040528608834573654,0.030972032426234558,0.6477746291048508,231.0,18.0,1.5600695320634594,0.5663164349675195,0.2309196298120321,36.65402843145047,-0.0009915976133002386,0.02941713229904359,33.225275330079235,-8.791013618819118e-05,0.005141214540533971,1.032094593240719,0.04629324487215729,1.0673623139175188,353.0,1.0704002174021814,0.06994708762377022,1.1506492204816838,163.0
S13,stress,5.124651905146795,0.8918712937974237,-0.03704706296382119,4.92655328912848,-0.034218744893917026,0.6706332798324826,13.0,0.6213792582681142,1.899199802155299,20.04131053282812,0.4521614567995753,0.1599439066159305,0.0013937828739491577,0.43621109910419925,0.0013982432420773273,0.10638329239158258,22.0,0.12720234598345476,0.5929044755919429,2.8247892186005434,68.55386609967324,72.30269554382924,84.12652808283919,54.54545454545455,0.31140967647511647,68.0,69.36155397932653,78.68543496824144,97.31633940939608,58.208955223880594,0.4609725456238512,69.0,0.04436780788438156,0.04436780771472203,0.031697136514250074,0.6429404900816803,165.0,21.0,1.4907546008793842,0.5672823021437929,0.4259389627634457,36.63188191546907,-0.0003965286996806611,0.017243389746457047,33.2142916270101,-0.0006015265784127817,0.01420303658381342,1.031625521808373,0.046200871957527624,1.0663857378160333,358.0,1.069088718414278,0.05393151265828623,1.1458592958982943,131.0
S13,stress,5.622466655369909,1.4524060221805752,0.054923734780283756,5.398626120176432,0.05388166848586247,0.7206702816291581,11.0,0.7889631096684382,2.20312085140976,22.493885573681126,0.38942046447898826,0.11973201849998974,-0.0013659920948654132,0.37390733752818667,-0.0010994389204184631,0.08536578966732644,30.0,0.08194643435910623,0.5616074609296018,2.1639565180500036,65.79602518260101,75.48178588242332,71.58910531638149,54.6875,0.3221328888470359,66.0,65.82239138445843,85.33472257573193,83.40305862791882,39.682539682539684,1.199842150049698,65.0,0.04282057278250309,0.04282057257148056,0.02891983485360179,0.6472745457576262,137.0,22.0,1.547053433914112,0.5668417677864455,0.2555834550481136,36.61357311677603,-0.0008546129500901281,0.026762065387342097,33.20369708745245,-0.00010588762731574591,0.01471675213290236,1.0308318306764197,0.0407244771220095,1.0642727461725596,309.0,1.0678683176146972,0.03867280087938041,1.1418383292931003,85.0
S13,stress,7.306205174065791,1.0603033024706667,0.03599545790909675,7.007577234909298,0.02768191624921933,0.9507462342431878,11.0,0.8302292535928156,1.92362052561396,27.42231273297126,0.3686666943983603,0.0842619248283714,0.0009378873955080179,0.35342619707592443,0.0008640094860703808,0.07019455670202535,28.0,0.06624495563829191,0.30549532459983025,2.0020338846292134,63.51346578955381,60.62101497312874,66.45595114527303,52.459016393442624,0.7799502305371163,63.0,62.80181205095286,74.20493022759314,101.14095207926411,58.333333333333336,0.6824487873291613,62.0,0.03341751251337888,0.033417512005371505,0.023029461765095873,0.6484414069011502,154.0,20.0,1.561836058570511,0.5642156566895623,0.24909031169337237,36.62942315880606,0.0018019075294098512,0.03901635897937928,33.20785017479077,0.00037848397421082555,0.014651092631567856,1.032032476600833,0.0477986075259914,1.0673757396402728,398.0,1.0674876449042183,0.03531455865035638,1.1407769900758238,84.0
S13,stress,8.524604899017763,1.0860948670432766,0.03518761979930446,8.225449046663064,0.032807266249282145,0.8164988512271427,11.0,0.7815931476086765,1.5300542097436054,25.261141448323343,0.41912159215256745,0.09078222443527793,0.0008321052948100879,0.396962761537387,0.001103559669797094,0.09714997139042947,24.0,0.08300904344363717,0.257951453650498,2.5316551565036582,66.44478237362148,61.377614310606226,85.11940143116598,57.8125,0.2837714130812374,66.0,66.27688236463251,75.0668666612048,102.6300351122558,69.84126984126983,0.3044242971273757,65.0,0.027595161571946303,0.027595161422509208,0.017396804356274997,0.6456076012668778,166.0,18.0,1.5681221282616609,0.563436852185745,0.2782533261163462,36.70172863330501,0.002267902976650774,0.04623414949886355,33.21692965423406,0.0001947868215346414,0.013146712994576646,1.032116666880263,0.0472843632259105,1.0675006250577035,385.0,1.0670936676913823,0.01863167645553668,1.1390360349945903,56.0
S13,stress,8.17516865759139,1.4504912837506696,-0.048021960277245035,7.782967763872322,-0.047386669973317905,1.167586555731877,11.0,0.7608796284235834,1.5559566206761986,32.88479901954105,0.45090077504712767,0.08155447752473734,0.00022459249439256822,0.43394388980334386,0.00037109261051815757,0.08900068049213575,23.0,0.10621036395838289,0.3701097945939853,2.803116224977404,64.97415619929077,78.12265869507573,92.88155967135842,50.79365079365079,0.5165086272248447,65.0,65.428583501899,93.09635673188157,121.41434615555508,65.07936507936508,1.283656471912795,65.0,0.026187906803624244,0.026187905865073607,0.016254805384296484,0.6422737122853809,153.0,16.0,1.5973359782711145,0.564606433844124,0.5478710310526252,36.75637325434046,0.0008611516035009692,0.02601619831646914,33.22446983954214,0.00030827604116564,0.011641112706794979,1.0319168580569824,0.049416695792277004,1.0672944117652206,380.0,1.0665474388453509,0.014627306284566453,1.13773739739672,54.0
S13,stress,6.296169427222521,1.591805082861464,-0.04694424278353857,6.051243961643811,-0.04355146170646165,0.8406484141476895,14.0,0.5578391869185378,1.8040219203926027,22.683036321376303,0.41887183229100106,0.08621449964448984,-0.002324145417227845,0.40049918747929486,-0.0018188139239956676,0.09469973665658799,22.0,0.09525988820092426,0.37094071365191345,2.8110407634474326,58.34598740064142,127.15046307324334,90.20179397530579,50.90909090909091,3.559541010634238,57.0,58.964070361075436,135.45939747781716,134.9939028054336,60.714285714285715,1.0036637303790936,58.0,0.03987831669910046,0.039878314861084806,0.026789096106891824,0.6431071845307551,198.0,20.0,1.523997966414803,0.5660599265781714,0.7537558772160077,36.79365730818857,0.0014449290678202596,0.0316167634196782,33.226833197503936,-0.00013591486291547898,0.00788859406727192,1.0332256795159658,0.05785334534074795,1.0709023143783454,438.0,1.0668513962258193,0.01741054620626867,1.1384750287481809,56.0
S13,stress,5.459301834749452,1.5214949345247806,0.0015800652976937716,5.114999945639635,0.001471619580455186,1.0943462507076565,11.0,0.7636750248934874,1.677450894750983,30.091004552241902,1.1599438081166176,1.2233716176190397,0.05739193658272414,1.0618598358481708,0.04905425702264994,0.4382992260830971,13.0,0.2546210056578502,0.7434719117864521,8.860151125742027,58.187651823120525,127.47790743151072,105.8386421956464,67.27272727272727,1.1887323206938722,57.0,58.13420588931407,128.89840959037062,114.37437903457861,61.81818181818182,1.6934008302204326,57.0,0.05529376773446673,0.05529376586757276,0.04105900261294855,0.6377729621603601,179.0,21.0,1.5356357207505023,0.5642573112999772,0.5481778908347179,36.826461984268875,0.00046891916873039585,0.021926690138839685,33.238395377017945,0.0007712908077794653,0.01524772422071187,1.0326386393774,0.05141085069035058,1.0689856351039133,371.0,1.066950612681156,0.024178294395167554,1.1389681998205532,58.0
S13,stress,5.830149695844938,1.3595007201864922,0.034066139167263663,5.613006090677148,0.028877762639965124,0.7392781865582034,16.0,0.5799000492884698,1.9250549300516937,21.508936246296013,2.434305133287785,1.1219835973627508,0.038052973634593326,2.368863707761174,0.03343881077389727,0.3657895012299295,16.0,0.4390375469588399,1.3142435697491548,9.89034395248014,60.37552408894009,140.2517149335027,148.75344099178585,67.24137931034483,1.0487620174341235,60.0,60.15046465917751,133.22263392743224,148.30398542958395,75.43859649122807,1.1891492144497837,59.0,0.051317030668593014,0.05131702964227622,0.03833619086637975,0.6359393232205367,207.0,16.0,1.5404957458676745,0.5667554564947977,0.6825214689338026,36.785188975549616,-0.0032858053313035997,0.06072385472866246,33.24793999237472,-0.00021292821946001313,0.006423046992572167,1.0311889206991163,0.03949161842247215,1.0649101780982344,335.0,1.0669830385359138,0.03712928604528679,1.1398313884055642,86.0
S13,stress,6.707980766639533,1.0725343161949994,0.021850315776771097,6.39557882428203,0.02625988902211654,1.0702404024295524,13.0,0.8706348014191421,2.2674923440020436,31.076519850503797,3.119972980548314,0.5501892480310835,0.0021915848613925353,2.9844403621695053,0.004470671323364709,0.48537342975048575,15.0,0.47419568717243427,1.2498110900248147,15.161709397545563,59.98562116796574,157.08090324205295,175.6242000668538,75.43859649122807,0.8607198785014921,59.0,59.5740965619799,140.9498736225641,169.8336568002434,78.57142857142857,0.4959135099781159,58.0,0.0421054737804542,0.04210547374718981,0.030533815613373573,0.6462743790631772,186.0,14.0,1.5931538008281028,0.5658516841548547,0.7068129988792053,36.673939890163176,-0.0036032440466646884,0.06917573939399663,33.23460450852994,-0.0005502594744114001,0.010656049721380513,1.0302881355483238,0.026787546458328353,1.062211214896898,198.0,1.068348605918441,0.048435030890014164,1.1437146959851927,100.0
S13,stress,8.020746515887263,1.4282436815722925,0.05721539525966819,7.685009069960911,0.050742815915430665,1.0482266857027582,14.0,0.9767750753924066,2.240374790162549,32.03434374537997,2.413901210832106,1.0262435164039045,-0.05058904218987119,2.343029782702934,-0.04595737032646214,0.365603449504942,16.0,0.5319451159246984,1.4943873229376536,11.335037425075349,67.21874742153385,140.0779261583545,152.31546211727843,82.53968253968254,0.5952241290616459,65.0,67.36370258390889,140.53816763605536,122.14450870120758,62.5,0.9510887496839946,66.0,0.03897260479717958,0.03897260479119578,0.027963716215698858,0.6421070178363061,160.0,14.0,1.5031141745942251,0.5601152633788906,0.6731573578312628,36.66860405956577,0.0030987124501933054,0.06290167990429767,33.22036333351226,-0.0005443563724827953,0.013305885527518928,1.0320779163640041,0.0404358498101348,1.066819883396132,353.0,1.0699982519165023,0.05498123836855663,1.1479191956769108,119.0
S13,amusement,5.400267700561629,1.0903031395758904,-0.04801589638670765,5.165160814686132,-0.04003692741419881,0.8043909623618423,15.0,0.889206743916422,2.122213991662417,22.890270529800354,0.9468072882324935,0.6859436019100903,0.030407014321904825,0.9118721790882617,0.028350117123931047,0.23933355842768747,25.0,0.20238316716882956,1.3096241837438587,6.053513880637747,52.57531113224906,100.08976363401838,116.18089343777594,74.0,0.3513744012462419,52.0,53.70527239714449,136.119265170255,146.3921584733964,76.0,1.0244799313208766,52.0,0.03978265631043217,0.0397826556820549,0.02972407741418255,0.6449408234705785,249.0,15.0,1.8593906157013504,0.6761850361673227,0.5856480798819268,36.6775157255032,0.0022934122776770587,0.05142652504590827,33.20687354857047,-0.0008331459984092193,0.016041507099973568,1.0314411592998156,0.033891278155477864,1.0650194838327594,259.0,1.0675508974607553,0.03610081639809178,1.1409681876138729,71.0
S13,amusement,3.8371060934973364,1.350480236086293,-0.06561867349649585,3.665523457949546,-0.056500694883281986,0.736652849239781,16.0,0.7469367973012112,2.234535803803,21.6771532096695,1.52448355328746,0.4335183848065881,-0.006726654350084608,1.477080924342215,-0.00475533382178888,0.27733689532366157,17.0,0.38606387973890643,1.0910069185016953,8.423700949410996,50.40853561926218,123.6219962594995,140.6310183897327,77.08333333333333,1.4162594054172783,50.0,51.19086112519453,140.23152150541793,149.0697130095,81.63265306122449,1.9251887488981272,51.0,0.042718060879790666,0.042718060109773574,0.03162585443085102,0.6422737122853809,269.0,16.0,1.933259707493621,0.6830515394772851,0.7146840793898611,36.76740305924836,0.0029974995781175038,0.06080797756672304,33.18482236916041,-0.0004511869787496154,0.012828472748277366,1.0309634440370212,0.024763580574742556,1.0634988578635578,226.0,1.0689914924555055,0.04009640854443802,1.1443505329204116,82.0
S13,amusement,2.704839837969265,1.1238061926868306,-0.009802634235043515,2.535674303304947,-0.008209414984318304,0.7045251195593089,13.0,0.7224427220192334,1.6334949705029835,20.80662056552884,1.0500924301587777,0.5737563863546576,-0.02757693922636119,1.0123252268626304,-0.024992020704206537,0.2375909063774719,18.0,0.3319257257322278,0.7832615735428743,6.7374095666732545,52.968510172933584,150.36739321134897,140.9964538561163,82.0,1.6707345694912725,52.0,52.8436887218897,153.13812968919885,157.41751312195223,68.0,2.4546606533787507,52.0,0.04850612861758785,0.048506128517158756,0.03727614411975669,0.6431071845307551,252.0,18.0,1.938087958570109,0.6871963001002558,0.42046522265248953,36.80008246912032,-0.001274213287391426,0.03001817123501006,33.184563916939545,0.0005597393480784726,0.0134092846067155,1.0307221191306835,0.020556879543150403,1.062810672161798,232.0,1.0685554268334347,0.03301939095214683,1.1429009803940346,81.0
S13,amusement,4.54132760959611,2.4026426366340057,0.11896517935741759,4.380687643586776,0.10920691228434413,0.7276551704096542,13.0,0.8409418816686111,2.1204626779866578,20.99005813799312,0.7601750419282697,0.36194563528475565,0.004672449160356852,0.7169430560712288,0.004132178700215723,0.3103856584097081,17.0,0.42683476964059736,1.4741890293188593,8.916956044431972,59.787338110023306,109.9476034258708,129.6621791493354,82.45614035087719,0.34564405917907276,59.0,60.11291429291583,122.60446550055816,141.27833126833326,59.64912280701754,0.36507388919267647,59.0,0.04105635229110839,0.041056349546106624,0.030803882462220506,0.6474412402067011,225.0,20.0,1.8818772631778713,0.6864926980151985,0.3946603434646064,36.76795796220623,-0.0009696662034179918,0.024667885245045616,33.19633384215153,0.00012690579466827993,0.007148496577381308,1.0298641030571845,0.009027960929670044,1.0607015748443265,168.0,1.067225057332803,0.031748198305348356,1.1399772710946403,77.0
S13,amusement,6.041026798901656,1.291347966661969,-0.023370323196319404,5.79343040991607,-0.028275358650574144,0.9142184755937328,13.0,0.8593436003688747,2.2295965389173205,25.939222746323285,1.8979381081658884,1.3499379599793624,0.06661251724389068,1.792881589042133,0.058861611872285134,0.46276725481003067,13.0,0.5124299698897153,1.4365883825033763,12.50905778997879,64.41671754814163,98.25070078535354,118.94021268497983,75.80645161290323,0.9461104472409094,64.0,64.39517523230018,96.49078127021093,127.98846974277322,62.903225806451616,0.6669494164241614,64.0,0.03590386541480393,0.03590386540068397,0.027499162795317958,0.6536089348224704,240.0,20.0,1.8555296024863757,0.6874764879285673,0.3059447925140776,36.756972534492455,-0.00021047938630031047,0.01876849581309816,33.18771998141048,-0.0006334824381624162,0.012979203370888833,1.0300170766765342,0.012852810134767294,1.0611003729736335,175.0,1.0669145521789463,0.046770370142845775,1.1404941291744999,108.0
S13,amusement,6.507994483473784,1.3039221039509492,0.055002768285556586,6.212650965562072,0.053386926331356124,0.8993507472391721,16.0,0.6169107163027074,1.9183402283495967,26.050623469498515,2.6244825919547607,1.2539150383757707,-0.013445949040865424,2.5684098297867224,-0.01238299160862926,0.31535633971909205,13.0,0.43312215410054217,1.1407076552322488,9.428430061448417,61.37383312121273,153.3641834473264,114.12334524992859,68.96551724137932,1.7517855876568837,60.0,59.964074725048455,154.20170198366336,123.70281161994085,69.64285714285714,0.3820255041986403,58.0,0.04711864523899364,0.04711864521305426,0.036007174172214655,0.6489414902483748,244.0,20.0,1.9380364413417746,0.6862634638823751,0.3006318369451937,36.75335641917545,-7.377353583932194e-05,0.03222442489697454,33.17140913517082,-0.00045811868335183446,0.009654497486350437,1.0302002829702097,0.013798797163959004,1.061503029835072,176.0,1.0661717694721715,0.05596421487450982,1.1398542353659418,128.0
S13,amusement,6.720299431688498,1.0546801112089923,-0.041255973007832424,6.451116204796115,-0.0388381072066124,0.793984396666034,13.0,0.6325829299556163,1.5047775455534609,23.093048822044697,2.0804583551208946,0.98053763188904,-0.027812441255224078,1.9461226084401952,-0.021557169754753035,0.6122732007719839,13.0,0.6147704179666901,1.692773429444221,16.8944766924901,56.706573609116944,124.54685540759024,124.07435046956516,72.22222222222223,1.6174432602137705,56.0,55.93477484193145,133.67693949477757,131.79846656958622,77.35849056603773,3.4124141694910946,55.0,0.0556130323157793,0.05561303202591981,0.04375472440496665,0.6409401566927821,250.0,19.0,1.9290122620934997,0.68254702182864,0.33224823383862995,36.76696357001363,0.0015521162548595684,0.03632042866741895,33.165491534443845,-6.624838781634793e-05,0.005971217706672404,1.0305245031818,0.017292541968439334,1.0622797836658262,181.0,1.0660451911537088,0.05372986883920007,1.139339248387425,114.0
S14,baseline,0.45688487913554526,0.33029799809402627,-0.009619745087607266,0.4218171923269416,-0.007241404998811926,0.2919031983472018,8.0,0.5747683406652385,1.196063007428983,5.996846647821957,5.45277013005658,0.6247753817760259,0.003922882688716292,5.1969212062521555,0.0056824427996669145,0.7549293058006749,11.0,0.5611793759454199,1.3558807262307697,22.094469743165625,70.43555746026874,111.85825644394595,114.12875682459901,67.16417910447761,0.6465530321730081,69.0,72.70160277965621,127.8198374419452,166.62774115187668,71.01449275362319,0.6164266203733707,71.0,0.0473826206846378,0.047382620658657615,0.03657862093324347,0.6439406567761293,225.0,14.0,1.7809113760138862,0.6519498806559343,1.956333365427884,36.874094952421196,0.0001867834227871551,0.032956987236391636,34.493976471297444,0.0009543026869456645,0.017965394770645435,1.017919366098843,0.01437719400892465,1.0363665395866406,168.0,0.9485672189271708,0.014094561024675023,0.8999784254737054,54.0
S14,baseline,0.30101269655897045,0.012648847530741096,-8.050427428893801e-05,0.2881522386631469,-3.2765708274962594e-05,0.03734400939074201,7.0,0.02312683324667853,0.02562452668500309,0.8610167110306608,4.0739270200818725,1.659194713881343,-0.07229057473313302,3.9231706556417105,-0.0676653851318639,0.5397097006891844,10.0,0.6504293733776597,1.289034381813717,15.49473246645313,81.10008269900122,104.55525587841818,106.026215822118,64.93506493506493,1.1179575872722105,79.0,82.46451201505505,123.03105099644893,160.01082946123302,70.51282051282051,0.4429162615805636,80.0,0.047082684439785756,0.047082680935987754,0.03624576806836778,0.6357726287714619,215.0,14.0,1.8996237184480615,0.6439473411687693,1.9677653802514103,36.891888387789976,0.0002730340171339809,0.017663519446620677,34.5212785425839,0.0008037528535845567,0.01498762009825697,1.017615176011198,0.013492426214539324,1.0357226920134563,169.0,0.9485031151526295,0.014290630436228274,0.8998623815725073,52.0
S14,baseline,0.30007663042426436,0.0047598639592857485,-1.9169751699793928e-05,0.2875552455597087,-1.4826496118467993e-05,0.03350082500627819,7.0,0.02451971277358917,0.02751102657827975,0.8459422067509982,2.5042298268975616,0.8435007377592536,-0.01771248296720523,2.3480174187656515,-0.012802084108832792,0.6404243120144026,15.0,0.547173347834562,1.6920729940906996,16.67480700832956,87.47893136980514,86.76766362522604,115.6966476857223,64.28571428571429,0.18425424766088802,86.0,86.92929888837207,94.79506767066843,134.37850233597726,66.26506024096386,0.6760741860072089,85.0,0.05291189408744955,0.05291189338091679,0.040968467854949744,0.6424404067344558,243.0,17.0,1.9792539619419203,0.7016978958789503,0.8712921438874563,36.949183846305786,0.0033961448643327727,0.06331453312731133,34.562664549511915,0.0018699484562790386,0.033252241194947,1.0173587802305908,0.014358715377144246,1.0352250604195576,169.0,0.9489716877462909,0.019094400202449804,0.9009118602631354,55.0
S14,baseline,0.8343143427051788,0.8467571598699353,0.03808383806039377,0.759061858563797,0.031446289677832674,0.46843617622798855,5.0,0.753402737561861,1.1968295977795926,9.212853388830158,3.0976566035998916,0.8763449176106917,0.04025149223677167,2.969602596639727,0.038651933330193025,0.46025356520956534,14.0,0.5169686299670679,1.640249249922308,13.377858355699857,85.2445614678459,83.59941846774868,97.55548765052494,53.65853658536585,0.5874786718999067,84.0,84.14089562999709,88.7924705201006,105.27477733191341,58.02469135802469,0.8846477928641122,83.0,0.0599970856368257,0.05999708383078293,0.04759591563203228,0.6484414069011502,233.0,19.0,1.8505046448306812,0.705134152537275,1.127120908869087,37.01696606155822,0.0013418762088700442,0.037059123298401525,34.6006581532369,0.0006461330706533147,0.01743893198380484,1.0173673357902628,0.016364595223012233,1.0353040959097903,167.0,0.949018236040203,0.018091677646187083,0.9009629211369118,55.0
S14,baseline,2.865494473087018,1.9381183827120507,0.06869883964612741,2.8157082347832167,0.06569991208891328,0.45443581601302374,15.0,0.7125358285658986,2.125580256685567,12.890383367630807,4.0281740387389915,0.4065361425782871,0.007957966681254659,3.8719726306189104,0.006506526870520417,0.48678507146012573,14.0,0.4908811020753235,1.0907966194209,14.595217277192138,78.01380460332878,84.5756175722015,72.72780302836892,49.333333333333336,1.2597367378992486,77.0,77.36964259182253,94.23765810415152,93.41508306977215,51.351351351351354,0.6637392009609755,76.0,0.05007476006797084,0.0500747588535297,0.039149753872887716,0.6461076846141024,242.0,21.0,1.9987956523557637,0.7090742011143105,0.32650076569588626,37.09414190551315,0.003042075143231094,0.07111996982404521,34.601749384851374,-0.0004435484063077692,0.009707995895715691,1.0175049613951608,0.01240961558297608,1.0354703450226848,171.0,0.9483031151184406,0.015113789426147793,0.8995072247741563,55.0
S14,baseline,2.9905650345554373,1.8311074290775977,-0.0872424634654215,2.875921327569252,-0.07698084979775043,0.6066207399209279,13.0,0.8258948820754066,1.8272914158954796,17.446969277840417,4.290079135414902,0.5700766338113566,0.008396277864139013,4.095087340177212,0.006502536092971456,0.5967356954887915,12.0,0.6199167313529564,1.222200286625573,18.70954745857302,81.40048884840529,92.49297103920152,82.69499101192034,57.69230769230769,0.5027649453868924,80.0,80.83276711337444,97.5453864137624,89.86470146729023,45.45454545454545,0.2939838410403974,79.0,0.03827990974905586,0.03827990964609395,0.02985083423503652,0.639939989998333,222.0,24.0,1.9186385379688806,0.7057387944771355,0.33414337617437495,37.14082980674579,-0.0010213555269912022,0.03720964382143342,34.596272787944386,7.304840404504769e-05,0.007303636512223108,1.0175690578422665,0.008763148317496468,1.0355235802464318,168.0,0.9486423906664406,0.018885472788490894,0.9002790464517844,54.0
S14,baseline,1.3640787014921996,0.7686352029939539,-0.009568418890374075,1.3040715648626497,-0.009240947253671436,0.48184080707682375,15.0,0.7244240886551612,1.9397140696050177,13.844214829453879,4.563909404587894,0.6973917057101205,0.011900726593312868,4.363119648907315,0.011315180689486412,0.6073280332816744,13.0,0.44943062261591277,1.3400963297618906,19.13050206657409,86.0950133747543,77.66927177072854,95.63358788903662,63.855421686746986,0.3505817021628235,85.0,85.19637735232111,69.89252308303182,94.49336887142258,48.78048780487805,0.20781094514956858,84.0,0.032582203436335964,0.03258220328395108,0.024879655813456063,0.6402733788964827,236.0,27.0,1.9381448772113419,0.7050441121174368,0.17678087931091652,37.076549407420984,-0.002947683222946671,0.05694141274199666,34.585923175805554,-0.0007745522471955713,0.015412011769113245,1.0174350505282004,0.010310189645810068,1.035280382053854,169.0,0.9484978653733369,0.022542208977587005,0.9001563518033658,57.0
S14,baseline,0.9859993000720023,0.5523119665420076,-0.005826185621187877,0.9513736253826747,-0.004412620621916718,0.3710289636846153,16.0,0.6601836791201259,1.6705297065805929,9.271359087235926,4.682667163279986,0.7686321007433344,-0.014477598907129012,4.502234810708374,-0.010237621930590031,0.5866815574178673,12.0,0.5897549797009473,1.179391428270475,17.23362737257925,85.08328583760492,64.38229819822489,77.37407180672227,38.55421686746988,0.8572380553665139,85.0,85.05391700659251,65.21984714807914,89.17642211184933,51.21951219512195,0.3847300098391718,84.0,0.03015232358287102,0.03015232354395251,0.022999860797518337,0.6439406567761293,243.0,23.0,1.9882046211518638,0.7029239668899,0.5973266891356178,36.9681024735729,-0.004133159275404144,0.07318261810721483,34.58168393632207,0.0004916802664059527,0.013135444277789302,1.0173756915393966,0.011634362611775684,1.0351886561286479,165.0,0.9496305305510636,0.027957933549854423,0.9025797906030725,67.0
S14,baseline,1.3036172897683345,1.0343387171841114,0.024900234974564072,1.2616509274211547,0.025919747866038522,0.3957450337620061,16.0,0.6605431046104511,2.2658729405702975,9.358526184726124,3.9368835464552556,1.0152850272123453,-0.05136930881606904,3.7799133203048862,-0.04289471831149205,0.5132441913111274,13.0,0.560053483940581,1.059244965458889,14.48245049782167,81.82949548203966,70.43984775607288,66.59912190092814,40.50632911392405,0.35720383246962595,81.0,82.12125297499662,78.79067665560501,88.4058277923929,54.43037974683544,1.0352576341679303,81.0,0.02979844165218627,0.02979844164695391,0.022863050168466372,0.641106851141857,232.0,18.0,1.9384357555979028,0.7079337252369167,0.5866667322008982,36.870019039618384,-0.002430273376033432,0.05063456455732863,34.61178450849937,0.0012237050080399316,0.0238251685980161,1.0176210109456907,0.0117137618903078,1.0356897341357523,170.0,0.9502334837121784,0.02852148180628303,0.903757148492209,68.0
S14,baseline,1.1702080310984375,1.0547289912208304,-0.02186584474132919,1.157100896260193,-0.021782770899399766,0.3462450478347382,13.0,0.6421932728819543,2.1640365288407573,8.0418905600399,3.2663479414277248,0.8892170015540553,0.00851787379136963,3.115871769612996,0.0077198077674767345,0.46502347959305396,15.0,0.3853466861080688,1.0661577432294904,14.600685610246094,78.57412401355353,71.10037382387472,76.11452589769965,57.89473684210526,0.5005272304379613,78.0,78.25607099439715,69.02533530123844,89.25633915273116,57.89473684210526,0.18934580068977083,78.0,0.028346052976294486,0.02834605256875183,0.021344497458421045,0.6397732955492582,221.0,17.0,1.9975712233227076,0.7085946882933202,0.348763440601219,36.81081610563797,-0.0011072220931326593,0.028760320449839907,34.62903597263542,-0.00023609323919429452,0.008619102323512547,1.0174985275696105,0.0134634725741449,1.03548451870008,171.0,0.9488539718408016,0.022349710814743778,0.9008233694515674,57.0
S14,baseline,0.5674420517355613,0.3967909188739367,0.0011799158100349234,0.5531319166862512,0.00135988446731163,0.2744806169008852,10.0,0.4785135340511994,1.1651297578564241,6.343523914363291,3.7265914234582294,1.0431241963855706,0.04387293621971231,3.571340930072716,0.035911727691428315,0.5745301527254594,14.0,0.4596813082249051,1.068207458297561,15.50360917122056,79.02072613144973,64.00027768224138,69.28203230275571,53.94736842105263,0.5487143634129549,78.0,79.94487212791766,78.84102414599003,84.12410919798951,60.526315789473685,0.7197734748903976,78.0,0.023531733528109187,0.02353173351939971,0.01660971672141559,0.6392732122020337,188.0,21.0,1.9386620004723123,0.7041025580166123,0.4852123246579789,36.715810503886715,-0.004707594279265909,0.08882317975194635,34.62523427898325,-7.173256198262048e-06,0.005803065886239039,1.01737705356109,0.012215476937549543,1.0352052869894566,163.0,0.9487340778143825,0.019755370827072464,0.900486625082822,55.0
S14,baseline,0.8138513164936352,0.6029805040034407,0.01987220581415221,0.790369178387621,0.018755790835924407,0.3663582566757707,11.0,0.711302768583286,1.7962489441494778,8.752369789944646,3.67953664181863,1.283760885735669,-0.03323917318715813,3.567582953717715,-0.029761152535440556,0.43629608403995396,14.0,0.5102926948161989,1.0674245622093435,12.979387338643992,78.66900488114418,61.0953223595501,71.60748270221005,44.73684210526316,0.5894143876661124,78.0,79.90264926497174,77.06627361598768,81.22892458930541,53.246753246753244,0.5228512910310167,79.0,0.02852420819870046,0.028524208131991406,0.020461293398923868,0.6496082680446741,234.0,23.0,1.9545244589863628,0.7030448349879852,0.2924123093812673,36.58856857048359,-0.0042071414292743385,0.07857176456566037,34.630004551963104,0.00026054051351388346,0.007222381153854442,1.0177843509163498,0.009937688185385143,1.0359837426166851,168.0,0.9499542002593976,0.022578055592381192,0.9029227511848041,53.0
S14,baseline,2.1917259256210455,1.4452556362232503,0.06792284865813486,2.1173210828929903,0.061657199879518725,0.5311386855253313,12.0,0.9409917532002513,1.967078234998017,15.17399129335935,3.363564569206201,1.164776681894318,-0.0033706931613619417,3.15957355970773,0.00047146061547178605,0.6813740518677353,13.0,0.5139658142353404,1.4175360812550721,19.435735192593548,72.08028900442011,111.10819526884877,74.76533336021323,46.3768115942029,0.3056062320827422,71.0,73.44990841599022,124.26611147560546,88.26989102017905,50.0,1.8701039424512138,72.0,0.026287930470411676,0.02628793028432111,0.01841766400086387,0.6499416569428238,240.0,24.0,1.915404284780669,0.7058335675539411,0.3118794784427536,36.51239559979398,-0.001244255623172314,0.043714008337933964,34.643003331246625,0.0005611197124816404,0.011108483586044226,1.0178002327012996,0.015715024252955033,1.0361642756740905,171.0,0.9508339418041106,0.028906343508067815,0.9049207615817491,68.0
S14,baseline,2.645240459663414,1.2634746222113886,-0.027489488207760735,2.598586863523951,-0.028143935823305544,0.5363599289891124,15.0,0.7756746769437836,1.8921740826595883,15.307861017510303,4.149037531500575,0.7899467630578888,0.03833941775636621,4.000056439453801,0.035400119365213166,0.41274703931968887,16.0,0.44069078651888616,1.4175360812550721,13.901966417393728,70.21400945153164,100.6135698114422,77.35361717174118,53.73134328358209,0.806166145751591,69.0,70.86882540071386,112.00232033770288,94.75942473109282,44.11764705882353,1.3223146732699838,70.0,0.03348716387080504,0.033487163290233386,0.022080466300834278,0.646441073512252,221.0,24.0,1.9914615563961113,0.7060490526335174,0.3106648763642701,36.47789649213724,-0.001017696850177015,0.05027206838122979,34.67269448620309,0.0012238282444308195,0.022429028756626265,1.017521710414046,0.02129489928332828,1.035803903899413,169.0,0.949668069174861,0.026574092476125518,0.9025756240012383,65.0
S14,baseline,1.6662253912350613,0.9121962539584154,-0.014787306474596222,1.5644613202229776,-0.010933897970033484,0.5762943796905599,14.0,0.6425857482295261,1.8493616075744583,17.139942117629673,4.413978151676369,0.534705877154661,-0.02034962060932212,4.252314441928216,-0.01548697909426599,0.47848259220557593,13.0,0.4901752519591123,1.1365076917629997,14.653217378644811,76.6475667827252,65.56146967774848,85.02781738778096,62.16216216216216,0.19781684954768836,76.0,75.18040939195934,88.01968604550065,106.50905164441086,49.31506849315068,2.4796406413756324,75.0,0.036630697539969816,0.03663069702628653,0.026883632023235193,0.6437739623270545,212.0,21.0,1.9976470163200128,0.706407026309281,0.4032179931501073,36.433483648619365,-0.0024580654081048686,0.05640089747306112,34.706428532200746,0.0008565932263208799,0.015467101559461537,1.0176358077851413,0.022321821073682184,1.0360809009825624,172.0,0.9482325593967943,0.021448008783038902,0.8996050037809524,55.0
S14,stress,4.615225769890276,1.4168054667505317,0.06937035491874981,4.458439776571697,0.06370084490335222,0.5197488918486283,16.0,0.6243770192449272,1.6046770404549862,17.803495722732908,6.265060584715635,1.3055104242125306,0.031031894860699384,6.083511161148686,0.03132310866556098,0.5001216290925697,17.0,0.4871967878011958,1.1609060653205505,17.194748101536206,90.31240184471753,87.49903577579968,118.71893718573898,67.44186046511628,0.17589714498839862,88.0,93.55822060957274,103.62334898591234,143.3395152889057,69.66292134831461,0.23089776717373245,91.0,0.04347301384605132,0.04347301363245457,0.028164833266927987,0.6461076846141024,202.0,22.0,1.4654809209510433,0.5655844411440254,0.8871703341602778,37.0001576473367,0.0005996897400559003,0.032017899797455666,34.4505301813605,-0.00021850634694661126,0.010276640494911947,1.0186504981864752,0.04058831014764751,1.0392962483761958,328.0,0.9491729412544555,0.04586967895232473,0.9030332998568237,128.0
S14,stress,4.141352481485788,1.8329654031569464,-0.08078608699248699,4.001036066847242,-0.07437616803219566,0.6537718069273378,13.0,0.7624711121275601,2.50129133637917,19.55250746951372,5.59910628583201,1.5309747219376928,-0.056887719238782435,5.321063138851074,-0.05318891991207444,0.8189603536675961,16.0,0.4665246515390603,1.292389030481849,22.921789928091737,93.50125244009529,105.81834898842156,150.30272482862466,71.5909090909091,0.19977352807349824,90.0,94.22511890610197,118.839700040571,157.1705835375865,72.72727272727273,0.16210034867054648,90.0,0.054910816532087674,0.054910816409372454,0.041046372340498315,0.6354392398733122,217.0,18.0,1.5673756136192019,0.5644537046434043,0.8883420270894683,37.02900650590534,0.0014551735545420992,0.03849554632309949,34.44723597541788,6.631134835459514e-05,0.007735425440527624,1.0190747612504545,0.040014001461507645,1.0401144893306318,342.0,0.950627207825491,0.050484458909325756,0.9062407688494567,133.0
S14,stress,3.0569587015869737,1.3591503163832697,0.0233565112640627,2.850031733731647,0.021511013844994036,0.8089385305326092,11.0,0.9433161984524777,2.3143873897830165,25.295258480837393,5.360933914412686,1.217141279523346,0.06103240790165873,5.143551658265619,0.05552190893619308,0.6488357035785391,12.0,0.6170677176830285,1.3055224486745773,19.954370531554275,85.53862299397612,110.3254342384656,128.76050750398187,67.07317073170732,1.086365033659083,84.0,86.40391094694426,120.91627182971355,158.6890426946406,79.26829268292683,0.6575104040915717,84.0,0.04309409910554661,0.04309409900824462,0.03102895353820893,0.6394399066511085,207.0,20.0,1.5972508659371565,0.5629776716690651,0.33778486490434817,37.06708212025479,0.001457395112929187,0.036385554531599314,34.44275333911386,-0.0003435233452839107,0.009011994633395328,1.01958263354613,0.04477678106614936,1.0415537067515077,359.0,0.9511795502990531,0.04084674854039332,0.906410993773431,95.0
S14,stress,4.9605222269119755,1.8261176789281113,0.09553573660410027,4.774740734885595,0.08673094810603088,0.6532819614209259,14.0,0.6759567643133738,1.9954223338617594,19.581018678742602,6.5827929433340495,0.6180468675845348,0.019895819179723707,6.31875250670288,0.019648404851788093,0.7691753179833719,11.0,0.6622460642789342,1.6954074670230055,23.089941598870972,73.6070159363638,95.29133320855303,100.79263331006547,66.19718309859155,0.8037770820366322,73.0,74.86159312112697,123.00154335326451,130.84479862847053,69.44444444444444,0.6934488725928617,74.0,0.027765734080462956,0.027765734003920926,0.018942115127821665,0.6482747124520754,216.0,21.0,1.5976824750466618,0.5665081265971891,0.2799191847658892,37.161708519012315,0.0044900445716123975,0.08484242376804178,34.422190097870434,-0.0009768916702458475,0.01925708003955687,1.0189386088519525,0.03436758397800675,1.0394170194376375,282.0,0.9492835987948356,0.03418508031050489,0.90230797065671,90.0
S14,stress,5.5030994200780565,1.3002263333610056,-0.04942682198409475,5.321632919633859,-0.043275142528840696,0.6379729975825437,13.0,0.6890655328930163,1.89095383693554,20.085198742769762,6.186648982944665,0.9152250812472162,-0.040940673041876596,5.971324132087481,-0.036100609123311755,0.5940846323902714,11.0,0.6716548628451235,1.3291207755153502,18.842897988955134,73.69904080122943,94.86791740487786,97.17125871947415,69.01408450704226,0.14186739429047004,73.0,73.58551990455632,116.92637321954211,113.38318997037058,52.857142857142854,1.0728713888573436,72.0,0.029791551218535394,0.029791550980390796,0.01650937634150372,0.6394399066511085,143.0,20.0,1.5492242780313605,0.5663939773802388,0.6327384094053735,37.274587881171115,0.0023527229164956713,0.046203139016637675,34.39469455808255,-0.0007837191593502161,0.015997136277365657,1.019964057951574,0.044834006798120274,1.0423367676786162,367.0,0.947851402537348,0.028544294424546184,0.899237058036213,82.0
S14,stress,4.571674320482904,0.9277004264750193,0.0036469720551992875,4.373143441832692,0.004500199431818334,0.7568885638077884,12.0,0.7005790675417151,1.89095383693554,23.030453902419914,5.357423971110454,0.6528256475799159,-0.01796704696053482,5.124392227170666,-0.012524359197968885,0.7678924674043617,11.0,0.6074697789522298,1.551633131762391,21.96704350162952,78.72193989793506,67.17266393844918,81.17557319914977,53.94736842105263,0.30874761605491413,78.0,79.26800596890658,74.54692963956275,79.22741926767392,39.473684210526315,0.5036778615904123,78.0,0.03895659905667282,0.03895659897671935,0.025161923033207207,0.6391065177529588,206.0,15.0,1.5805108900190703,0.5598901458903595,1.1206485002999333,37.29836689289463,0.00044417958091235197,0.04038084360777256,34.38398441222132,-7.83159625354682e-05,0.009165151641849362,1.0210197234339415,0.062052434944715545,1.0463317803236905,469.0,0.948809347911416,0.03260048394523853,0.9013019702375503,87.0
S14,stress,4.845446604103167,0.6671239984982161,0.021634538183697385,4.662156081054774,0.019556036972653165,0.611842726349697,16.0,0.622418602902258,1.7841322335519627,20.378558724269023,5.133570923847845,0.6465309399648694,-0.0006833435196225935,4.913708599645592,-0.0007503517236247364,0.6362622500239739,14.0,0.551578892330339,1.3106270083915978,19.33641508781397,79.02368872019518,52.762056313852696,52.515661824279405,36.8421052631579,0.40830666804617505,78.0,78.72625623981155,56.89354470639215,63.30648496766377,36.36363636363637,1.3774334714913548,79.0,0.04535492201972808,0.04535492201684398,0.033469139178450916,0.6467744624104017,258.0,11.0,1.4417104801746647,0.5285191681520878,1.471421421619245,37.283687281438375,-0.0004006919979581728,0.0439640504556493,34.37135947379618,-0.0007942120251917388,0.01588516979795537,1.0204259437975693,0.06252317661612936,1.0451782543893318,447.0,0.9493552015078122,0.03939135584875699,0.9028269775455421,96.0
S14,stress,4.123899327450031,1.3889828936886084,-0.045166570834447355,3.9257081718259528,-0.04597672258745826,0.7279065485499234,14.0,0.6362523477436562,1.4261841699194395,20.924152473619788,5.785732046992918,1.0085933632332738,0.039169989505915416,5.586172490024304,0.03756288436836891,0.5915223719070555,17.0,0.5538682337438064,1.7560391558290958,18.974008685725583,76.06168229135966,52.261642523741095,47.10540222648523,36.486486486486484,0.12792654948551854,76.0,75.70784472754254,50.83389862186017,52.143943044546184,30.136986301369863,0.3310481069650074,75.0,0.04124731917897255,0.041247319177418515,0.030693675007418156,0.6402733788964827,229.0,13.0,1.4483713127273936,0.536105749546429,1.8099929020732528,37.22331218392055,-0.004140964983077504,0.07588512887187872,34.341050614135305,-0.001154831552790736,0.02168569016614446,1.019112643081829,0.04190400997391662,1.040346525341125,365.0,0.9496393930664346,0.03940906473458347,0.903368051246841,109.0
S14,stress,4.319400626464989,1.527037502703688,0.05987516747087625,4.105405790402155,0.057234685296165724,0.6914947868666917,15.0,0.5787889833746057,1.688091519387759,21.179589672227504,5.474190101070744,1.275814766167713,-0.06604799917200649,5.251642161289404,-0.05951451605876123,0.6804959291530345,13.0,0.5160528004863725,1.3519058775977184,21.317502888661977,72.67209505154877,74.37330387968436,47.01063709417264,32.857142857142854,0.9093665841514378,72.0,72.52331747839371,75.26453494223175,50.2851800270929,28.571428571428573,0.9075425704927648,72.0,0.040598551064115446,0.04059855091863162,0.029300654774635955,0.6384397399566595,122.0,20.0,1.5808843476762795,0.5640833483325531,0.5954946266890344,37.15613585512065,-0.0010222488404154208,0.05010355387325183,34.325775820289536,-8.345902496099965e-05,0.014706132076112568,1.0180163477179043,0.024229699204253954,1.0369443625444295,207.0,0.9484289329745884,0.03678769692074232,0.9008707755480486,89.0
S14,stress,5.28261684257966,0.688425395276611,-0.007952936587784107,5.059984972010066,-0.009511493633494275,0.7864065566356279,10.0,0.9640651158730446,2.6543006248047885,23.4049762900072,4.066193512062605,0.6871561606923698,-0.019675473931355585,3.877110027094854,-0.017383158245849104,0.6092473167430404,12.0,0.4641581506675015,1.218144493869552,19.01663975862427,70.69423421566434,76.43930109517059,47.20107177247752,33.8235294117647,1.6829533519228048,70.0,70.56217557449834,77.90757254850573,61.544861611744835,36.76470588235294,1.3470744244201303,70.0,0.044167475704144345,0.04416747556939645,0.0274120816549805,0.6492748791465244,162.0,21.0,1.5751939282054765,0.5630737542250772,0.5092700658786063,37.167337852328764,0.0017106839004102684,0.037181404339355614,34.32786755075005,-7.682117176007035e-06,0.01184544829788209,1.0190941107475655,0.03647815029331219,1.039883462009193,256.0,0.9483573993681772,0.027471164053833975,0.9001364217908449,63.0
S14,stress,5.920392318238868,1.5096835412393816,0.05962513467981998,5.630381192265164,0.05515236737067057,0.9062147815739144,10.0,0.9561596009858395,2.2836041735413324,28.765340367924296,3.6957392569225798,0.5047327161977316,0.0039501330281244825,3.530264998070089,0.0019791738428165217,0.5545202036179183,14.0,0.48419722346513466,1.1477247400879058,15.370912866348853,74.76782740566074,69.4824857753966,59.69831562857475,37.5,0.9574516644526051,74.0,74.6673361243106,70.04062209895908,70.09821611973456,46.478873239436616,0.1013554109140839,73.0,0.03901566138791645,0.03901566128463796,0.01991633706578672,0.6451075179196533,125.0,19.0,1.5997935049166798,0.5661047513369878,0.3579726867296505,37.240054319115714,0.003100507782901793,0.05814420147918854,34.32133927188463,-0.00043093497142697283,0.01297098481285747,1.0194061812868225,0.03380814756498109,1.0403319532875575,263.0,0.9502295436650322,0.03247294482539865,0.9039906777994889,80.0
S14,amusement,6.440165120703827,0.8194388537481859,0.018471872485295006,6.20066282520723,0.014191637750608223,0.7452705233775052,13.0,0.7953098568107423,2.1058950898577145,23.868537273213644,5.2098767295906665,1.3332415925077605,0.03899368058625405,5.007480589521117,0.033682430359234905,0.7266898915637986,12.0,0.6577635365674716,1.9333746550250486,20.975102134821576,82.5161791063874,82.03493775616684,106.98988476971915,72.15189873417721,0.19547101157754468,81.0,82.52727292005224,111.84329883530408,128.71506607914822,55.69620253164557,0.3988290090006233,81.0,0.008200401422174186,0.008200399917441634,0.004606717219338448,0.644274045674279,143.0,17.0,1.832666855968348,0.6678787010751025,1.5925608308632988,36.896458510521796,-0.0010457276799313347,0.02565849282838336,34.452800904622656,-6.374373619096494e-05,0.006603511380167548,1.0179753411146821,0.02545520036242221,1.0369217623430445,201.0,0.9488672331859626,0.05119210937226475,0.9029696582759658,135.0
S14,amusement,7.391632960416146,1.1245518666691021,0.0453765287638024,7.063808761624504,0.04205128889832449,1.0555420746611823,10.0,1.0396289425300833,2.0007044633436415,30.91446093580055,6.070199980317906,0.7333881607919748,0.014232036349281003,5.800448582955768,0.017023481458338804,0.7859370072100369,12.0,0.5560494446677354,1.411657984800085,22.68459950617581,87.70340357766051,114.83300004864523,136.752348496387,81.92771084337349,0.2313880324702419,85.0,87.13286104564062,158.80192202542113,200.66921217777625,79.01234567901234,0.5131250270132499,83.0,0.007212559312865649,0.00721255659222446,0.004539750748095277,0.6407734622437072,206.0,13.0,1.8345738355487708,0.6703489079699789,1.1765093733394374,36.86558993846171,-0.0007475198449762139,0.027262344211907413,34.45536521983008,0.00014530945218601743,0.005075668180811025,1.0189823160278615,0.03427860700824551,1.0394999832759304,226.0,0.9514380806709742,0.05994145922289509,0.9088273998846373,148.0
S14,amusement,7.6911976363494885,0.9523845954299452,-0.017481899245138592,7.398820635563584,-0.017937022140681172,0.9098304617015759,11.0,0.9376172500763906,2.1563531325121836,27.636662727192633,6.535932077247705,0.4735553217891047,0.00869366400400057,6.241583995269212,0.007356270536250631,0.8318046069693829,12.0,0.47387105740007224,0.9732608391474118,23.266247529431432,94.08449282617399,110.52050272730479,145.76030809424958,73.03370786516854,0.5842600356922633,91.0,95.50867614643131,141.24773252436313,178.12161193308478,74.15730337078652,0.38082710913423723,91.0,0.012534357052676071,0.012534357048505725,0.00856587724687468,0.6459409901650275,236.0,16.0,1.8246367454334929,0.6836149160410234,0.6694076983921432,36.87218630806773,0.0012809994131549665,0.03269992187939323,34.462054229703355,0.0003425321591892148,0.009235279299211014,1.0188877108198628,0.03709381363145818,1.0395081182694657,234.0,0.9520588374716947,0.06050202135328413,0.9100765245957878,137.0
S14,amusement,7.718757368255052,0.7853309232071078,0.018358319316127948,7.358098719801316,0.017253276336246237,1.1050705216499463,11.0,0.8212931026848143,1.4287803068750229,31.439921656969545,6.999605802687317,0.8174965422006107,0.014981799202607735,6.7488578885793915,0.015962673421138062,0.6947617133532897,13.0,0.5499379345217318,1.1663137160158712,21.338115814246137,84.148554571002,166.94536905218845,156.7948193806648,69.23076923076923,1.0855471349162507,80.0,85.91863406612127,165.03058004947462,157.2914510898081,68.75,2.012597676712918,82.0,0.02423898908452185,0.024238988742878078,0.015615605008222403,0.6482747124520754,147.0,18.0,1.935168638822508,0.6832376412194096,0.7184050962743382,36.92639516207903,0.002103531981273456,0.04932652279486679,34.46777585263976,0.0002024697634702474,0.008322135410297821,1.0182407232739694,0.038837627388871844,1.0383225318346934,263.0,0.9495467655871662,0.04176341387967156,0.9033832427759332,113.0
S14,amusement,8.300894378908687,0.5894791343173369,-0.0021677020776603145,7.969447877988738,-0.00019266095411978477,0.9297222963740529,13.0,0.7101436782842,1.386935600045808,27.359593743474605,6.2264541424744175,1.3655498144256843,-0.07299844288796087,5.964090972086906,-0.0659056222867721,0.7832337586337131,11.0,0.6504482643387616,1.2108849298625284,21.70610812061538,70.98751609423232,142.76178147913924,169.05796939193812,79.1044776119403,0.4309741385143103,69.0,72.40417486362776,161.23688853922323,212.17637283481457,77.94117647058823,0.2638157732940087,70.0,0.03479628541990901,0.03479628536449836,0.02533123231580813,0.6467744624104017,186.0,20.0,1.9332733315399764,0.6853755300317619,0.24262187444914948,37.005317355465564,0.002947414614530184,0.06535817308206349,34.47449723910271,0.00026953859669296505,0.007553950775341589,1.0192062460942382,0.04533444539543237,1.04083658401682,341.0,0.9496100817295879,0.03232705689910266,0.9028043459302324,73.0
S14,amusement,7.749357284834776,0.9665338346657787,-0.03660591248098249,7.426185692437828,-0.032221344034852974,0.9248227781149968,12.0,0.8722012308095195,1.6032188350833882,28.24269349098412,4.523332179166657,0.8791081891097076,-0.04317791126885755,4.337259694352796,-0.03622346332862209,0.5986545315626164,14.0,0.4654139267048825,0.991746631128704,15.918676266942693,72.41683533523664,132.4336118648779,158.0068874150371,75.0,0.40182206909785567,70.0,72.35777672851306,156.65143179182095,211.16715439572565,80.88235294117646,0.4339955255138147,70.0,0.03728215643812288,0.037282155971704874,0.028858441362925986,0.6417736289381564,217.0,20.0,1.813590240878786,0.6879538673883295,0.17115705314740984,37.031037933035805,-0.0010892839020672136,0.03690322319861899,34.48321753990974,4.804577309177291e-05,0.010466514685124995,1.0194339963689232,0.04883474207410995,1.0416305049861585,417.0,0.9518635072448257,0.04852866945371368,0.9083991681833683,129.0
S14,amusement,5.6646934536555955,1.690963345969867,-0.07617965283986469,5.443682350642994,-0.07027652891738968,0.7706672012315409,12.0,0.8706765710960275,2.0469115913845792,23.523836484665516,3.605170214483828,0.7909526081060598,-0.030731735535816405,3.4629129201865765,-0.024442149327047084,0.4737342018305379,18.0,0.37291944884131717,1.4264994382901728,13.182941084136079,73.67222943308018,137.0608406667109,158.13646909281414,68.57142857142857,0.3978728797411236,72.0,74.76869150605967,137.320038968696,169.77203728193032,78.57142857142857,0.21481225749813765,72.0,0.04002160875615317,0.04002160856345496,0.030955078784231906,0.6401066844474079,226.0,20.0,1.8489116512962105,0.6844032246761463,0.19291035335650852,37.057477470425,0.003450372362135123,0.06897361066350025,34.473300056507775,-0.0008057770162610288,0.016566272628992268,1.01857862215453,0.04040526211845407,1.039134994717082,348.0,0.9516395954122943,0.060242070927375754,0.9092470266660941,164.0
S15,baseline,1.0163815026259069,0.7423021921245122,0.00880361344528867,0.9242698372307004,0.007805324640454815,0.4049974717673021,12.0,0.40690390643115276,1.236399481628824,10.435357773878659,2.1580090087589094,0.7157029208768426,0.005895096134742424,2.0482928343796813,0.00641413029221533,0.3893418684158506,12.0,0.43509227669962525,1.3019930521583016,12.75426528177652,67.1184084300764,118.24802811821488,111.76146473628535,64.0625,0.5700469958965839,66.0,68.79704487397363,127.74899165789748,164.6766207543649,75.38461538461539,0.6210690156168491,67.0,0.01357373341331864,0.013573733341867124,0.007384637184112084,0.6392732122020337,149.0,12.0,1.6066779203448398,0.519246578376122,4.82632622119438,36.6163754414181,-0.00011111049534094198,0.022333132110243313,34.36315718323699,0.0015015447489338024,0.02862937076011582,0.9271064528476696,0.010360509256727345,0.8596337150638469,170.0,0.9666388440431215,0.030104480735688305,0.9352969345733874,66.0
S15,baseline,3.405416326167582,2.4541700716603345,0.13338365371807426,3.2747329321762804,0.12110487428772063,0.5752869426573771,12.0,0.6288318741120671,1.5300679013275045,14.373121966286735,3.4309097047364605,1.2701839786532951,0.06586310018724297,3.286645789345618,0.05942566497573675,0.47480074018439206,16.0,0.33506798327232823,1.094756686705903,12.998906512428231,65.5439059524719,106.80051126445616,134.68953129798132,71.42857142857143,0.9860821208373826,65.0,67.47657892305432,128.20092218786772,175.74869490202659,85.9375,0.2987217561855116,66.0,0.019511230167759703,0.01951123015397362,0.013198398101106382,0.6429404900816803,191.0,4.0,0.5230445498791833,0.1995959008411911,4.6673618529814735,36.608826795232176,0.0004791630248892004,0.029458932347554142,34.40264821505334,0.0011829074681064928,0.02426856887299788,0.9270519510890117,0.007663821527064135,0.8594840541783421,164.0,0.9668829273417388,0.03237849235271203,0.9359109619519645,73.0
S15,baseline,6.327352438164321,1.1757324251516441,0.05205859665206836,6.086196916338667,0.041464331395116946,0.8514631936604972,12.0,0.7926174649517493,1.541946073273909,22.71478906093465,4.728071673322016,0.8943486420011616,0.012413698342110951,4.587190915644796,0.010756142812291295,0.36367450107926036,19.0,0.2559482702001921,1.13659012174163,12.224141475980696,70.8901673222304,110.0710122767785,132.87857772383887,65.67164179104478,0.557871416241974,69.0,71.16736437003658,134.59838068468758,158.11618758996522,76.11940298507463,1.0993524460365343,69.0,0.01547220535253618,0.01547220522638628,0.009937917111669237,0.6451075179196533,222.0,6.0,1.0762646140282175,0.38933229480670645,3.3808484142297774,36.665239301372594,0.0027210250827227403,0.06379588767472971,34.426009999540796,0.0004518948157845595,0.010502615966126286,0.9269967971785263,0.010924107032256042,0.8594423980936982,169.0,0.968264894759782,0.03885048105448912,0.9390462663023368,83.0
S15,baseline,5.562859491032184,2.0331082784814347,-0.08895893536938657,5.375041904395748,-0.08064939537125715,0.7756777193749194,11.0,1.0826906026636542,2.082391491911432,23.18096056351048,4.363158204871467,0.9872416092455913,-0.03839853241798972,4.140035678027749,-0.0364187164750213,0.7722946396983937,11.0,0.5464743870676766,1.514972967852442,22.355612204921243,71.95646766282856,100.39631611695269,99.05349162396344,57.971014492753625,0.6542933599215114,71.0,72.01391749125162,108.16068371433677,106.14071532298698,59.42028985507246,0.6446104559735296,71.0,0.012217861339630737,0.01221786133274385,0.007254947094892439,0.6422737122853809,169.0,7.0,1.5573014399602134,0.5211033149439478,3.8778118830082513,36.724553187975154,0.0007037747293959085,0.044560740157397326,34.444972612568684,0.0007824414582826585,0.014478505424563245,0.9269132427366767,0.01495759341132152,0.85939188916128,164.0,0.9684823164166722,0.036755853532644975,0.9393089899807163,82.0
S15,baseline,2.7840350575675568,2.0246574931062904,-0.10116607458606443,2.5961091127031013,-0.08645271749391778,0.8989647888784659,12.0,0.9892524628061796,2.082391491911432,22.06355290321283,3.939711432175434,0.865437145948328,-0.000540807190349736,3.817492343354867,0.0028556797308527133,0.5371827714309186,10.0,0.7873716019017762,1.6913042065702792,17.21913865026827,65.28305610911738,109.86632841342995,76.89407267597709,53.96825396825397,0.33305898363301695,65.0,65.24082216706111,105.47420391174902,76.74879141802158,52.38095238095238,1.0563609256526247,65.0,0.01641969962530004,0.016419699619574023,0.009964121904708023,0.6409401566927821,146.0,12.0,1.8003027570714079,0.6316279523467138,1.552603784742487,36.81593159164954,0.0051471530897930695,0.09584515952219642,34.47556133053274,0.001104487004446249,0.02071793253635006,0.9265466225887543,0.01645532003140341,0.8587594213879635,169.0,0.9675421538647283,0.026653252484085132,0.9368482153731779,77.0
S15,baseline,0.8823380180033226,0.9055960561390005,-0.03699516620067428,0.8089660112507157,-0.03134408797571438,0.4007060194334499,10.0,0.6707180200034495,1.2527374523400105,9.415898190017094,2.5646884753359838,1.7872450568618934,-0.09912417123676874,2.44437946630279,-0.08680250247947488,0.6308159243686974,11.0,0.5029560354426029,1.3345860494809667,14.942747656067581,54.89743610696343,124.54882291223932,87.42029336662969,57.69230769230769,1.1032533103405697,54.0,54.947513729176706,129.8292134299253,91.72492321316786,53.84615384615385,1.2632816721312727,54.0,0.01345001682925482,0.013450016759307234,0.007986151776611876,0.6427737956326054,114.0,12.0,1.7105019911990624,0.6255506619232191,2.6913949192881836,36.91941944036698,0.00048788598188824543,0.03254095095931344,34.504614777468426,0.0008055766566809538,0.015891430279908667,0.9265302057958918,0.012602581356470433,0.8586170473090242,170.0,0.9669512258843983,0.015511887276141894,0.9352352918862081,53.0
S15,baseline,0.31083366567284715,0.06655643346940851,-0.0001967964896482871,0.2977557959589731,-0.0001257917111372899,0.07284985659608227,6.0,0.1358693507451997,0.6909883191355257,1.3341962015855353,0.6809031184785361,0.6268697870258187,-0.025245115846942924,0.6373861667965244,-0.022021028505363905,0.24162227546704323,21.0,0.18408137647764977,0.9353240972129284,5.874306168235101,51.286430670147794,96.07734979097368,98.64386572361107,73.46938775510205,1.8128480002420102,51.0,51.20782768715701,95.91671357942552,103.0176853501279,67.34693877551021,1.004873687259306,51.0,0.015814495644730846,0.01581449493510039,0.010551126816340609,0.6449408234705785,194.0,13.0,1.814923749233036,0.6220279120242939,2.5579944129467265,36.94309283050749,0.00018189632522002433,0.031990412444562896,34.52754815491917,0.0009779577086563634,0.018144719657119456,0.9270552988497317,0.012816194835275716,0.8595957819754212,169.0,0.9673492295313001,0.020914230588765067,0.9362019369159202,53.0
S15,baseline,0.3083092719117875,0.019364368124911005,0.00015375230305968686,0.2957961445140839,0.00015552384705670646,0.03548800416249536,6.0,0.03669479434298598,0.09083029057141456,0.960554028894229,1.2612289927288962,1.0617737574988173,0.051714292541521094,1.201988133616655,0.04719062088589743,0.3520347276917563,15.0,0.36081402678026464,1.2653399954624147,8.728388767387598,53.144227920142725,98.25168530441779,117.16420520104282,68.62745098039215,0.623719615860603,53.0,53.43265797166916,96.42595594164953,125.2486803284554,74.50980392156863,0.5882472110072154,53.0,0.017692358815832965,0.017692358771908084,0.011733088412748397,0.650775129188198,212.0,16.0,1.921970625023123,0.7081207133285569,0.3939283634819351,36.96016737325081,0.0010635416829581574,0.026411533344096745,34.5527701192897,0.0009272553793934909,0.017200501613873792,0.9270144978453576,0.0164251654496,0.8596256652755273,170.0,0.9685678370686468,0.028023371897310956,0.9389089643763318,60.0
S15,baseline,0.31302827976962083,0.026195157504650346,-0.0003991136396631159,0.29912753749480114,-0.0002624623796923594,0.04337515751038942,9.0,0.059276026390072185,0.27912892784466947,1.066766577136945,2.128180066626368,0.6344628466451779,0.003975234266611215,2.0680344473230146,0.0024968628491507014,0.39943707556040625,12.0,0.8087478980124816,1.7310325455106617,11.690667046647064,55.28102214507784,131.56394307545563,122.31736778372289,65.38461538461539,0.7986517839578882,54.0,55.4278244201127,132.22591746257902,135.6283786356902,67.3076923076923,0.9331952860638449,54.0,0.014868810077167942,0.014868809334755215,0.009522825888052412,0.6482747124520754,214.0,13.0,1.9201684457538186,0.691133276798421,1.047712786661179,36.971810455405695,-0.00025057278004853473,0.03890553550510694,34.57124450975542,0.00036484192973389065,0.00933730098895235,0.9268669289954833,0.012382436307519635,0.8592356287944282,168.0,0.9682467702816665,0.02622261842791683,0.9381894338780944,59.0
S15,baseline,0.3103020560986744,0.02386163038017208,5.962275599555022e-05,0.29778354063251095,6.289005814421429e-05,0.039235943355998844,10.0,0.05567550108680215,0.27912892784466947,1.0266253073917282,1.8614917281426802,0.673801014600668,-0.016606865409390076,1.7663153985273292,-0.01718054605649975,0.5140156976922565,12.0,0.6604053329980207,1.6466139670229243,15.025440241713307,60.26024366467239,144.89623297487262,116.00816668166993,66.66666666666667,0.4777725057968959,59.0,59.63751721174077,149.9771153015897,146.29762401237645,71.9298245614035,0.4732724766174105,59.0,0.01587121239237214,0.01587121227747105,0.010644485348747382,0.6426071011835306,213.0,13.0,1.9603298792373338,0.6860089715331987,0.9055212587233942,36.92377985130059,-0.003295270895605047,0.062135140285613226,34.59022750146292,0.0009275315511679967,0.019163141757481437,0.9268058320519632,0.013951145216755086,0.859163684778391,165.0,0.9669856175546349,0.023425999860000876,0.9356099620269595,56.0
S15,baseline,0.30728164233431166,0.026614027784505584,-0.000173307137156897,0.29399611585425434,-0.00024907262976546095,0.04474686237434705,9.0,0.03392796407645274,0.08454932977301888,0.9759252054867588,2.1454811201221213,1.1093733139631583,0.008949080301743207,2.049838802603674,0.011023241362774184,0.49639255765628065,13.0,0.5586318722467218,1.6343955858380208,14.781120232008961,61.5310226520471,110.3891421828448,121.39025175169002,64.40677966101696,0.8199574089726327,61.0,61.931591239611855,113.22910900652901,132.45762034115168,66.10169491525424,0.855049667559325,61.0,0.013392245667994539,0.013392245578476167,0.00827913758667692,0.6476079346557759,223.0,16.0,2.0015614495896257,0.704693333235013,0.5612684047959784,36.87569677878949,9.05419028754532e-05,0.02520625175920599,34.624161318668335,0.001318455147419418,0.02427344652504102,0.9268352592701535,0.019097786941541565,0.8593883232924372,170.0,0.9672385437804607,0.029903918940792626,0.9364446449425637,60.0
S15,baseline,0.9606830564013232,1.0106577378945663,0.04633395938233414,0.8831041180847671,0.039447602250717036,0.4606196745429129,8.0,0.45498914831016435,1.4151430275641792,9.209648410995548,2.564813819421292,1.0514412226918617,-0.006503491649998839,2.4441112911909633,-0.0055996778196925395,0.4551826437497342,12.0,0.7263743092765848,1.8518897495092443,14.652005119686207,63.87586853135913,98.86732933660811,99.8359309805548,59.01639344262295,0.18327849212990185,63.0,63.938846193596355,92.68667261072117,94.43058969683395,52.459016393442624,0.2754782506714591,63.0,0.014764778530563665,0.014764778508290754,0.00932517751822895,0.6561093515585931,228.0,17.0,1.9528081404210753,0.7072941906208562,0.43633013232528417,36.851679594067456,-0.0010195028143820638,0.03850645413460934,34.655883608608015,0.0007057466738453018,0.01324465043579112,0.927143688862403,0.02126711939970467,0.8600477101649455,168.0,0.9685395112777608,0.02925281830399978,0.9389245122848904,62.0
S15,baseline,1.4137069095371295,1.183187146062606,-0.012402782467152568,1.394162423805858,-0.011643721986361003,0.3468286022269567,15.0,0.5025465645558959,2.0774466925883983,7.9405675194819585,2.01758295922721,0.8986103621482509,-0.016805720783760362,1.9746370456252966,-0.014634634921539342,0.3968637084665025,14.0,0.6478739223476261,1.6687662956613107,10.679378709984796,67.5131408037861,59.20786346061731,65.38642531431616,49.23076923076923,0.6687524100373062,67.0,66.9014024737064,72.20662448866184,76.71810130150311,43.07692307692308,0.6637407697082166,67.0,0.02660389916729594,0.02660389810779601,0.019304980519334422,0.645440906817803,226.0,15.0,1.8397850500753266,0.6892258600614067,1.1677968529654112,36.838727733857404,0.000800294267506838,0.02879545852233308,34.668925313289044,0.00016316446933147753,0.007506343639162123,0.9271109073105933,0.018395917188473148,0.8598730442234768,168.0,0.9681314113485207,0.01923047447756258,0.9376482407883105,57.0
S15,baseline,0.75464949386819,0.9880061586722604,-0.03829677403817197,0.6698850459260124,-0.030640461486715013,0.42686638831207296,3.0,0.6891974146615437,1.1237888219377177,7.12895531531469,1.5730668786007842,0.5884626041524901,0.0009358965061594346,1.509253489963469,0.0017472205249608598,0.30938667179091833,13.0,0.6026395760768045,1.5958411199314906,9.26369702428002,65.40803390534899,83.87310308218598,90.52755434252228,61.904761904761905,0.6696708491058301,65.0,65.90847918442732,76.75939899148283,97.63671679648428,56.25,0.8988060486363316,66.0,0.032849041104015014,0.032849041074578395,0.025865407437528555,0.6437739623270545,220.0,10.0,1.9237964535302727,0.6578322838228052,1.211096839875142,36.83295907167293,-0.0013944722522755146,0.040503237408778314,34.67588494792846,0.00035684895602464714,0.01086486972302991,0.9272488671911305,0.014903096452983162,0.8600125639911218,165.0,0.9667659595863172,0.010740248287516059,0.9347517735481301,54.0
S15,baseline,0.3068924342154854,0.027576929378994596,0.0003558975152516836,0.2941261456713967,0.00032435597906092664,0.04309656459536409,7.0,0.0689823910697686,0.19107692082669342,0.9233048590926601,1.4700560220234455,0.5510462071434762,0.001656510526446166,1.404090407817191,-0.0007678472405942262,0.3223429517651825,16.0,0.474959589521869,0.9942588796031646,9.51559710574655,65.3136661448514,100.72701990867452,115.86801467789437,74.60317460317461,0.4540235353516781,65.0,63.82431201397839,102.22470398314732,149.90978759235037,73.77049180327869,0.19084953844207164,63.0,0.03046825145382595,0.030468249757431586,0.023853044795914925,0.6494415735955993,225.0,9.0,1.741938139248238,0.5934834772988277,1.9734170871865886,36.77731274896468,-0.002385220686956718,0.05108642930381218,34.691271831005345,0.0006907760761834742,0.01464938164220863,0.9272753805888266,0.014947454147760046,0.8600630578316526,169.0,0.9666919050803228,0.011824430449058395,0.9346330565032684,54.0
S15,stress,2.0159793736009006,1.1036630608021876,-0.00022579059397414482,1.871875475565245,0.006101118923085503,0.7193745513848251,11.0,0.714537755773519,1.7016241262098593,18.64808430289556,3.041025695677085,1.0463515510809018,0.053340079826642524,2.9261035426238378,0.04954445946336897,0.36589959054654514,17.0,0.415711954612312,1.124322673860124,11.712626643127386,77.20010932542867,48.47661273214102,44.44857338178197,28.37837837837838,0.7461302376883042,76.0,77.28803536852858,54.052152062095175,62.02947887899752,45.333333333333336,0.38210893195091117,77.0,0.034823449544858213,0.034823449507803216,0.012831664631131005,0.6559426571095183,153.0,12.0,1.4392018619337132,0.5307537726180912,1.83796060174143,36.63166566337835,0.0005200299149510009,0.022388596203617123,34.36580509911781,0.0006269219571607573,0.015333696030765278,0.931391244677864,0.05726901578443709,0.8707693908314986,487.0,0.9697907817244015,0.052899996842688965,0.9432925699835822,142.0
S15,stress,2.6046642983547907,0.5097420016342314,0.012729572360303712,2.4973922654426777,0.010695095298446238,0.476554316762836,13.0,0.7214432088827178,1.4868477994515223,15.06440669298428,4.40635966424947,1.0510896460298427,0.03941676072347515,4.194017263536756,0.032695708465304604,0.6369308233145485,13.0,0.504260810022809,1.2223143145231723,18.283309395937973,77.69310466066565,53.14792333088757,63.192826597115804,32.0,0.36573547211223584,77.0,77.5154777325384,65.64816581512655,70.36456405748564,46.666666666666664,1.093115434803405,77.0,0.04061846206278936,0.0406184620587354,0.01913951281165625,0.6601100183363894,174.0,13.0,1.5632015226638374,0.5501601657508899,1.2483553068827091,36.637500417730294,-0.0005113762510127484,0.021658917325309394,34.361264035389,-0.0009309758563223066,0.016988010408279044,0.9308044687870768,0.053338160400043785,0.869241918468853,532.0,0.970839361203104,0.06340064477412646,0.9465487070190259,175.0
S15,stress,3.2215984452072317,0.6633542080054268,0.00998896142018104,3.115360222886954,0.01026199089598792,0.4261968034286721,17.0,0.5485262828358668,1.8555807761180168,13.909620189006693,5.486557686128807,1.173284151703337,0.04897432697977754,5.289680984445903,0.043490005858528684,0.6318635906314855,11.0,0.5938919175483588,1.2022859235631573,18.316887868085743,74.77922397156003,64.63937497177676,71.26066370572822,41.0958904109589,0.28315365520443925,75.0,75.38456067086027,80.05246805737477,77.95357905839666,45.205479452054796,0.49176874296146794,75.0,0.03396847215544782,0.03396847214042899,0.016806983995457606,0.6541090181696949,93.0,10.0,1.373787390972465,0.5085710158749202,2.0340806155649984,36.58831612619167,-0.0031891865393391277,0.06156492699529167,34.32814911809558,-0.0011732730391081265,0.02131617020251865,0.9298985597743401,0.056426028647839195,0.8678952281793587,525.0,0.968440180873705,0.06057321685694275,0.9415454985310928,154.0
S15,stress,3.1009364783446776,0.8763654065083,-0.03554298870429928,3.002037253943622,-0.029396035921848963,0.4839301311081821,13.0,0.7049850186994054,1.5963108461959408,14.230755191847207,5.959268355362213,0.4909154436235389,-0.014115021504933451,5.714445345919933,-0.010060000981607267,0.7573672567376858,11.0,0.6900946676195502,1.4072167153137016,22.544185814505887,72.80639854630175,63.101875054294396,68.93556901960268,46.478873239436616,0.15293424676871867,73.0,73.52194536029566,78.87574534504449,91.24062391536343,47.88732394366197,0.34985626572957956,73.0,0.02796298752725868,0.027962987520788324,0.015385851204639235,0.6456076012668778,88.0,11.0,1.4736380220326333,0.5237061306832216,1.852134174405299,36.510044187187695,-0.0022967593379294134,0.0552822197379704,34.30952287147035,5.325615383246472e-05,0.011291066768716922,0.9308780098983904,0.0657320193618844,0.870854567681779,559.0,0.9681726494787388,0.05585390672693481,0.9404779380953421,137.0
S15,stress,2.8969539613990705,0.8871547871690205,0.0018523324482790388,2.792001315176293,0.002293323164391159,0.5788378452689669,12.0,0.7768539615986795,1.9902977870365024,16.7410939983191,4.436167353971277,1.4653052290553163,-0.07811649343617702,4.272351794175116,-0.06892005601634522,0.6262683420477213,12.0,0.5311642942174789,1.5808425043018612,15.833559474406457,70.93760106010824,61.7626151556186,68.27711700037119,45.588235294117645,0.586670134048819,70.0,71.01288010153995,69.59283773104154,90.95085938862486,57.35294117647059,0.43364380063202346,70.0,0.031189819024117042,0.031189818961607996,0.016214231316722692,0.6484414069011502,92.0,12.0,1.583200375591092,0.5617215725547644,0.9223819326895264,36.46482801648193,-0.0005273175480269918,0.026395813514289525,34.320097582047126,0.0005104200670110226,0.01686546760810429,0.9294812505003713,0.05390836423817768,0.8668415067665702,486.0,0.9715693373815096,0.06056335426785681,0.9476148972201195,167.0
S15,stress,2.835408265128728,1.0132784523568579,-0.033182476663871065,2.767662148655327,-0.028128403643979182,0.46961243249824486,13.0,0.8609262419444002,1.7469073714415337,13.738261107999419,2.6766521626408273,0.7345176981684198,-0.03251536569340439,2.5413047638060156,-0.026790660816993203,0.5475424486689817,12.0,0.5848044601097535,1.2381193531120605,14.555500109601134,67.93089168568659,67.12980155199539,68.69105865002773,49.23076923076923,0.3684818251869719,67.0,68.11401411420134,76.17840031296551,81.67418855993047,55.38461538461539,1.0508425120755929,67.0,0.026006541425902075,0.026006541261073424,0.01641206966343336,0.650775129188198,140.0,14.0,1.4928592223249506,0.5642999424082146,0.861211476410174,36.450187236695704,-0.00020804589467894022,0.028302276250887777,34.32595594638166,-0.00027031195860327436,0.012867519574528363,0.9275547344440765,0.02938816359895416,0.8612214495493401,259.0,0.9743337580261084,0.07420649004112842,0.9548328751935031,181.0
S15,stress,3.1136558019512948,1.745608611264249,0.04398297050295621,2.916884669614855,0.037012237679986106,0.7726170677923402,11.0,0.8298816836051297,1.7328165190541744,21.31535113357094,1.5261536249789807,0.8770518526904193,-0.033301557386176295,1.4453230686743714,-0.03166858459367943,0.3524142948902967,14.0,0.4126092840944437,1.330928018760468,10.866511448501832,71.26141946237313,83.83904524293173,80.60459943002827,56.52173913043478,0.7469901286977237,71.0,71.44465957176148,91.45885874130458,85.16720819334913,50.72463768115942,0.3963872643377776,71.0,0.03298149081516099,0.032981490785812646,0.021118300281429348,0.6471078513085514,147.0,17.0,1.596535041991381,0.566105441862825,0.6354612006251837,36.4902504040816,0.002291142423429464,0.05055037833288351,34.309090869279,-0.0006090172015791376,0.01609600144366039,0.9293152375400665,0.042565369680716225,0.865438621420206,433.0,0.9741728474673325,0.07755815237233032,0.95502800374202,182.0
S15,stress,3.506548973053663,2.0897335163269886,-0.0076242856463575575,3.4562774398113363,-0.011454019700662418,0.5130097270269114,16.0,0.7019583650804999,1.7854832218346195,14.495120315343973,0.9891867450984958,0.5427242837417021,0.008501498725529457,0.9571577771444139,0.0105651709500298,0.2841969363218199,15.0,0.3404183839183776,0.9914692558561577,7.111266766832966,74.96951076585943,69.7883827264185,75.24389567012355,50.68493150684932,0.475322759324125,75.0,75.18373217151309,66.54337206454922,75.06864010850154,43.83561643835616,0.2762697715202485,75.0,0.038795491449998665,0.03879549125531012,0.019376901515156354,0.646441073512252,184.0,17.0,1.5732904465647313,0.5632222520556293,0.5637316377275627,36.531539312621064,2.3969335778583863e-05,0.015051366995140385,34.2805779880985,-0.001020408977492984,0.019019715341302597,0.9304814614027799,0.062412621931730625,0.869691085390646,480.0,0.97291478198895,0.0634749393104551,0.9505922409330719,177.0
S15,stress,3.211215301540542,1.6167972042075502,-0.017828772877596384,2.987252166335306,-0.010616158883826046,0.8647075201521996,14.0,0.837628271143612,1.9823393034672723,25.289242434098313,1.0095299603468455,0.4705725939591675,-0.013755630259238935,0.9732575732049467,-0.01120199786818614,0.30137380265977715,12.0,0.46683556966222345,0.9348714691087868,8.422579789642452,72.53333710350937,71.71568052384352,69.58037490146614,41.42857142857143,1.454478665690597,72.0,72.88103579362163,68.0276899475323,75.92895675046698,45.714285714285715,0.9505100517550352,72.0,0.0328730218344831,0.03287302182644853,0.01291114767802869,0.644274045674279,136.0,12.0,1.5288660418637878,0.5360385260723397,1.5054073334713838,36.48407587907845,-0.0028327271978070964,0.057280933880539696,34.25237600168739,-0.0008758070074750455,0.016826315280239243,0.9321672287298699,0.07264375735295382,0.8742128578002802,597.0,0.9702821418488554,0.043743260825869885,0.9433609076584822,101.0
S15,stress,3.757088674427943,1.13384211074373,0.03863054002760739,3.6148237646748966,0.031097820757109984,0.742268818962298,13.0,0.8419510255365344,2.247312862761955,20.44601563864868,1.4030230260665175,1.0243730266512072,0.04252164652463627,1.3239574468493258,0.03601927739167025,0.3823464240305578,12.0,0.5400565968251626,0.9583211448704836,10.686791233523724,69.19225421488768,66.89704653358244,75.68875662070172,51.515151515151516,0.2850448694358314,68.0,68.32965034982495,73.69792103668122,87.39932655459634,57.57575757575758,0.2805742270441301,68.0,0.03181645542838691,0.03181645541325249,0.013431831607987593,0.6444407401233538,106.0,9.0,1.4844157647067595,0.5213197709955606,1.6362261266402027,36.36664402674303,-0.005089474375058888,0.09013618799194524,34.22185393028902,-0.001159683407392173,0.021527577994991186,0.935443756925239,0.08073449384491582,0.8815730808668001,611.0,0.9678905364963605,0.041020625946936666,0.938494782392291,124.0
S15,stress,4.365484373795042,0.878734309244579,-0.014859332312412458,4.193854884347122,-0.013468759889526059,0.6613204445102274,13.0,0.7498870785531039,2.2577370283046156,20.615380992310374,1.5709525740634425,1.0844805067211127,-0.01565039261575251,1.5529584243531527,-0.014486783168042756,0.26845043189212153,17.0,0.41275030769893617,1.3641453670849868,6.753964974108116,66.5760415732782,70.56196131497045,79.70649283464893,53.125,2.041651492522267,66.0,66.05709965613877,65.82305421846235,78.70875656097611,54.6875,0.6419419262895114,66.0,0.039084536614184796,0.03908453661109708,0.024321218155046315,0.649774962493749,149.0,13.0,1.4716569437613916,0.5470097245044627,1.1006361796706485,36.25077876573658,-0.0031772795894528232,0.06225546485305583,34.19996042412822,-0.00018167559175357126,0.005175783702905559,0.9336548549754571,0.07467630653150684,0.8772879389764291,582.0,0.9696033993736974,0.04788872316011086,0.9424240818829354,113.0
S15,amusement,7.229935691448578,1.2997576471562808,-0.05732526030155288,6.9475158530027326,-0.05252998565218676,0.9117137306155614,14.0,0.7392368767291906,1.5497635178388727,26.143154946181394,4.477199958597291,0.7680528590659681,0.03438752366057405,4.261757609562903,0.031287568563955336,0.7209734444791672,14.0,0.5242575626363138,1.3970213489523657,20.412891544139423,78.57047146177321,100.69989309065063,103.67568976692968,68.91891891891892,2.2027947008802657,76.0,77.44670936733354,93.93074681577072,120.62661916011739,72.0,0.455041178539797,77.0,0.034955363418512374,0.034955362526560084,0.025907994508086857,0.6481080180030006,223.0,17.0,1.8483742061932196,0.6825519297062782,0.9302477828514293,36.597269453001715,-2.569273209018015e-05,0.02106587515758415,34.32272309457592,0.0001808321064706957,0.011630794499199234,0.9304114478995725,0.050736270491372734,0.8682396315259526,533.0,0.9702092886757895,0.05432035031167303,0.9442567642907641,139.0
S15,amusement,4.620477390491829,1.6881668699652688,-0.08557662506789482,4.41106221654344,-0.07481093295722571,0.8104718951872416,13.0,0.7115822929559917,1.981061129745826,22.712483203197795,4.718333030857356,0.8551030438370149,-0.018920136758796967,4.53941968457961,-0.01804360831472717,0.5489034004659707,14.0,0.47831379858290884,1.3045891258182798,17.869439220523418,78.02488429412436,89.28595889690776,95.22604685693872,57.333333333333336,0.3945269597823966,77.0,77.43374099391829,87.58492098534433,117.44762795603835,58.108108108108105,0.8094280159494932,76.0,0.026405667930902314,0.026405667640271194,0.019369461440406476,0.6452742123687282,204.0,19.0,1.9362075845474263,0.685554484707464,0.3586828613994937,36.61541369461547,0.00080118711104308,0.021268020318957234,34.34798526055798,0.0014121451226672566,0.025002131765992225,0.9282035791869387,0.03304924392969947,0.8626541369397686,265.0,0.9696712026386727,0.04841869416078119,0.9426066111709651,128.0
S15,amusement,2.8248312976916945,1.026864760352414,-0.0012669743439878648,2.6573389658863475,-0.000616187533862397,0.7356517663029227,14.0,0.7595990032048806,2.0290812090572143,21.47120656334936,3.9781743395496787,0.8612297129879215,-0.035034633675663895,3.7928934169201844,-0.0269437279347003,0.6387816938334089,11.0,0.4516290554821369,0.913283802379036,16.745729319401974,69.76288338189934,76.01599418904573,90.29363862681944,57.35294117647059,0.6528937288796447,70.0,69.7529499394585,85.20764932253952,81.54813985497137,47.76119402985075,1.2908947682526535,69.0,0.03851584963499737,0.03851584950281676,0.027690634690543326,0.6397732955492582,214.0,17.0,1.862113534164631,0.6848870211824285,0.7617555279582814,36.61848993024873,-0.0007121039240206535,0.025059612817469445,34.383806987603045,0.0009171231685134355,0.016856749134547405,0.9294449895542126,0.04747025913879467,0.8661214141101349,412.0,0.9690995172874433,0.045304576083547314,0.9412063790208656,106.0
S15,amusement,3.7229109976620665,1.4975389053518722,0.06549461307645764,3.602995423123705,0.059904195522697004,0.6370256924714568,12.0,1.0815702657517139,2.249132328249961,18.383384172856093,3.401700407961672,0.6326175553554025,-0.009454036659102395,3.228329478532886,-0.008023842507945259,0.5493566641758583,13.0,0.4574888003796576,1.0669856509806532,16.749684036758318,76.15076985096088,115.02564071244728,77.45966692414912,56.94444444444444,0.5829500707180005,74.0,75.11046948800833,116.1707541296818,70.8888416084177,37.5,0.7064958251749347,74.0,0.03852194926453786,0.03852194921734918,0.028174339329344936,0.6462743790631772,215.0,18.0,1.878650963262925,0.6816621642823034,0.8385425649410966,36.60411505450986,-0.00025549843056204836,0.026533958798646663,34.398267069191235,8.36005718943558e-05,0.0056932015039037895,0.9329097941870259,0.06287108717860378,0.8742734576930986,592.0,0.9717585173405449,0.05260659405069761,0.947082069761509,128.0
S15,amusement,4.119151202393213,0.9420076056235376,-0.045299057533269294,3.9375312662556947,-0.040717664045062524,0.6769738083961997,14.0,0.934979084606946,1.8361319827042912,20.572307475588296,4.078824569771181,1.0173239867989436,0.05214650113179085,3.8972281009399405,0.04903152364623101,0.5756721006460385,11.0,0.5434058348089849,1.0669856509806532,16.663831481569726,76.49420552226084,117.9919830622872,85.81310441237346,54.166666666666664,1.088398195784146,74.0,75.60541663066675,107.92959031125137,66.06068173940533,34.72222222222222,1.8504716531183272,74.0,0.03392709574312533,0.03392709440562184,0.025620297610171514,0.6439406567761293,232.0,18.0,1.9123975510043512,0.6736339021523531,1.116596410191523,36.63298272057335,0.0026076964847457224,0.053803896576859245,34.404312807938915,0.00033854520512823524,0.009389833373933508,0.9322970246936375,0.056293555754781094,0.8723467066721254,514.0,0.9715849718079383,0.050832164899710944,0.9465612664314238,125.0
S15,amusement,3.088289093105647,0.9634546869915199,-0.032048829217018765,2.982600919317314,-0.025377454140474785,0.5632136323357356,13.0,0.8119055111348832,2.0792760569972524,15.694501100570179,5.14859695522824,0.5839574377509908,0.008476636160586581,4.965932652648636,0.010022763255080488,0.5218544983385,11.0,0.5008670754815442,1.1256599562269018,16.016840886402136,68.28484005948295,78.35341890551835,90.31929892097183,50.0,0.3447828468279851,68.0,68.33853155299242,64.73130735168738,78.90238233095373,48.484848484848484,0.8884042777109156,68.0,0.040686920399108754,0.04068692027394754,0.0316934995473571,0.6414402400400067,233.0,16.0,1.8169057772721762,0.6727711520621658,1.1262969807687886,36.702878150994174,0.0025956667319778923,0.05446010164101732,34.41784349907942,0.000586111262771831,0.012606633348997066,0.9292695321411827,0.045110355461827886,0.8655768075357849,419.0,0.9711030415452321,0.052838229681491725,0.9458329958142748,131.0
S15,amusement,2.374343253656388,0.9998441291695643,-0.04137913793952579,2.2589484978403616,-0.03654461078478978,0.47405837175837856,15.0,0.6206834531905128,1.2953679484357843,14.421551201931916,4.431747812670651,1.0663828410130098,-0.053493324583092854,4.259133633256522,-0.0481400570702924,0.4941218032033037,13.0,0.3986372310034051,1.1070143107597268,14.774541506180093,75.37681120919079,93.27716438936066,76.79362131044896,50.68493150684932,0.3634071797333221,75.0,75.1256222674487,89.89168965354376,82.00024215538431,50.0,0.8950198611186265,74.0,0.03601840889480493,0.036018407528774096,0.026198580752910358,0.6484414069011502,241.0,15.0,1.8069578628756777,0.6745869124335672,1.0558573264781332,36.741425903816264,-0.00034098240667016346,0.024990305697043264,34.414123626022864,-0.0005962082180605966,0.01554025313203488,0.9303881465443968,0.059885597964239444,0.8692083880738525,523.0,0.9717958165927972,0.06772679708763164,0.9489740281910106,193.0
S16,baseline,2.3080646169894465,1.0451099045877037,0.03636353352879202,2.2342231320129056,0.029920767894206772,0.4892914426262597,14.0,0.7180841600378367,1.8098162676876297,13.621009809636062,3.5089871662849097,0.6975309017768272,-0.026299859749513373,3.34429333426704,-0.02276166760649377,0.5353484500676796,12.0,0.5127730668592568,1.389787542348115,15.997224346355686,88.91512779017626,118.82866841938716,150.08832740788378,71.08433734939759,0.9673037871899854,85.0,88.89444696617443,134.70436226283192,173.04333194005386,79.51807228915662,0.29212483781649007,85.0,0.0290332358636081,0.029033235850704445,0.02291136921808978,0.6451075179196533,225.0,16.0,1.8327819174157456,0.7098644145654828,0.9282255473033839,36.33600651993681,0.0002824312894304566,0.03953318272248292,34.21411725748171,0.00018277569252087814,0.008335235136261497,1.0511364894265156,0.020243378869084182,1.105297713791937,167.0,1.0011072310869058,0.029249892039120234,1.003071244318792,77.0
S16,baseline,2.71794478744805,0.7241937081664543,-0.010841390642197303,2.6042251789003785,-0.009203995990930058,0.5693442042879201,12.0,0.9970082213809057,2.342014495959126,16.87222674258304,2.926829601217769,0.41574500040822143,-0.00468033057479132,2.8130083801933825,-0.004152985478815055,0.41455951194945845,11.0,0.5267841490678099,1.260359310525636,12.971101121540647,85.47106607213503,113.80239200257141,152.4115097119734,67.07317073170732,0.4863111588439224,84.0,86.01133352826443,121.5884055603187,158.19583149816262,71.60493827160494,0.430309853670112,83.0,0.0257549216381719,0.0257549215826877,0.019277961849807894,0.6419403233872312,239.0,12.0,1.90497092600079,0.7027360143935993,0.6472995397919545,36.2848929227909,-0.004610007362944536,0.08616820466058744,34.216593675444216,-5.106285189945857e-05,0.007787000722215132,1.0504892200476974,0.012647615927286606,1.1036875636250638,168.0,1.0020407413679058,0.03431753376827297,1.0052633404850786,76.0
S16,baseline,2.357010816436073,0.9228328731036484,-0.015823966958318263,2.241174902428753,-0.011554509822157647,0.5961360942366869,14.0,0.8631967363187262,1.8597559601328864,18.01220035466218,2.9889768877883207,0.5522031088763578,0.016446000862738605,2.866957896185904,0.014984739896365873,0.392801614613821,14.0,0.4495219351056367,1.018602840372853,12.174511331031086,80.63867676882772,101.87396639134576,138.3811788118265,63.63636363636363,0.5420512625946161,79.0,80.02581800313983,118.72724637659417,146.96945451082863,68.42105263157895,0.848500160880488,78.0,0.024564197232972443,0.024564196382750533,0.01835244565919564,0.6504417402900483,235.0,15.0,1.8996193419009912,0.7012697635272837,0.8860681896641444,36.15974622159914,-0.004136296424788706,0.08444028839147445,34.20737115311041,-0.0004177577904888603,0.011334500783270505,1.0505382386994147,0.0070672775617352124,1.1036805373818026,169.0,1.0013173199045236,0.024969509193481627,1.0032598515301414,55.0
S16,baseline,1.242210729390855,1.0801874879987519,-0.03504443802448615,1.200740043254809,-0.032107089362940586,0.4112396777880956,12.0,0.6335778806480337,1.7056508762897917,9.976707705467692,3.4882426661560118,0.7325330687046743,0.030094105608078545,3.3253957138070627,0.02490452488332706,0.5540389074585095,15.0,0.3958457065674436,1.1789783564468586,15.358148310114988,78.36604814798643,93.05497337689951,117.48475078352428,68.0,0.47548532740843413,77.0,76.4657690454565,107.51441317463443,132.06439687873944,67.12328767123287,1.0749983623971515,75.0,0.02448410313833504,0.024484103134395984,0.017175364451599357,0.6474412402067011,207.0,16.0,1.998131535160561,0.7089328353368161,0.5736572728264383,36.08182558639619,-0.000607214160241848,0.02419091281739421,34.19936967674453,0.0001365108640258195,0.00866325967195838,1.0506248397688696,0.011087986957215728,1.1039354973941264,169.0,1.0000128976886695,0.01902693035715153,1.0003878196225056,55.0
S16,baseline,0.37665988101879194,0.22628572599579053,-0.004705924312541209,0.34552904325848643,-0.002751236521397754,0.20549808615933893,8.0,0.1563096357530911,0.40301694333233246,3.455784081203045,4.128658076365365,0.7279619737796943,0.024602867646182486,3.9695400293941865,0.02143261594080137,0.4702480495761118,16.0,0.29248350052727473,1.035572143498857,13.68194948695676,79.24275661078616,89.94837013925967,103.3214628009332,70.12987012987013,0.7214534256330192,79.0,79.16545292182428,102.60442237455023,109.87316064863636,59.21052631578947,0.34383712299077845,78.0,0.022712100190772237,0.02271209998392796,0.01580757767946359,0.6471078513085514,211.0,15.0,1.989615041864593,0.701374846510914,0.8351796213988941,36.10758030199793,0.002731123348789341,0.05648476264978386,34.198329267636005,-9.529851589562291e-05,0.00926817683525609,1.0507310039546571,0.013366326303783788,1.104214301350421,170.0,1.0002632295346952,0.018523769921961697,1.0008696584113004,52.0
S16,baseline,0.31806162286649936,0.03131381374685808,0.00039504867303698243,0.30431992375860417,0.0003413852667674845,0.04046818395085452,5.0,0.06726435984699604,0.1377251242433331,1.1433074988163328,4.320716327071751,0.5895752653513071,-0.015956288133698676,4.128452058517797,-0.011559423535380295,0.6350186611272112,13.0,0.4085063727002367,1.1788031260786407,17.971197353579047,74.58266597286303,108.98584637688109,115.49647881956524,69.01408450704226,0.2530648370526826,73.0,75.66669040680587,98.14843228873686,109.35971028160559,56.16438356164384,0.3201939727172148,75.0,0.02394446793781391,0.023944467821107512,0.01866673639771404,0.6461076846141024,231.0,17.0,1.910120318732801,0.7007008461324203,0.7948405402186026,36.17193514498505,0.0014705011114111285,0.05363671964652132,34.185176601774394,-0.0007246854758819392,0.013955699499358896,1.0506996573041942,0.011286213013166686,1.1040971484633297,170.0,1.0009628229970833,0.017435636922463724,1.0022305744571822,54.0
S16,baseline,0.3256308293864422,0.035547965163619154,0.0007747837101640221,0.31289846304472885,0.0007653562317812798,0.04140099999136697,6.0,0.06829394406835866,0.145631282453492,1.2342157832130913,3.558655634956291,0.7887026177826516,-0.03548068506240124,3.383473564314869,-0.031052367420084968,0.6251021175026307,11.0,0.6006295290678137,1.5573581639775913,18.331426666400514,74.40987168428573,131.04194729822294,139.98979554647096,67.14285714285714,0.23917086147708355,72.0,72.4429108472617,108.57860383932794,138.2524290873427,66.66666666666667,0.26627383743321364,71.0,0.024164182066148152,0.024164181655399103,0.01853842275931146,0.6402733788964827,229.0,15.0,1.9861475150773613,0.6975973823553583,1.0554397477944868,36.15898023567448,-0.002109618185387152,0.049686629039147376,34.1620292045469,-0.0006614477966458955,0.014694978163541305,1.0505966872455663,0.00872700227924074,1.1038295598201402,167.0,1.0001289226407093,0.017633788114975874,1.00056881238575,54.0
S16,baseline,0.32927411516978405,0.03595588333261918,-0.0003103078044211233,0.31541659501444147,-0.0003698142210461845,0.048793872943093244,5.0,0.08400328695433452,0.14944381384516814,1.4183250709973987,2.434557613619546,0.7255885861043968,-0.03012500596369388,2.339602559729243,-0.026192263800662672,0.43731865533150793,16.0,0.403797758992561,1.3555992174614468,11.977881476297707,84.18468460994264,118.94962104050225,131.8284870579963,76.25,0.5357985517488105,82.0,81.71942276258446,127.72232389445406,142.35052467412967,68.83116883116882,0.2702587862128963,79.0,0.02949038089426881,0.029490380592856386,0.022608833496701123,0.6381063510585098,234.0,14.0,1.921352090100214,0.6953363309083417,0.8729999966110197,36.16974651603063,0.0030631556141678218,0.05717892159573312,34.14939620901769,-0.00012516723239998264,0.008876317613218847,1.0507853105675657,0.011611678069450949,1.1042845999721642,168.0,0.9994634314221974,0.014748731022821962,0.999144675817017,53.0
S16,baseline,0.765216615904425,1.0842630033941603,0.038097410447647286,0.6774500636551604,0.03044053973264825,0.41630752818466044,5.0,0.15282944248256658,0.307078160796745,8.21787717757122,1.9134403954204555,0.5854411643661142,0.00046982241701801084,1.8000278351646244,0.0016955338606281462,0.5352345954202332,9.0,0.6273584552003284,1.3606561976543607,14.900634470422371,85.69378053007468,87.01856345030315,117.60309436778428,69.51219512195122,0.2525586728709483,84.0,87.27823679232642,78.69756921967434,116.75266547635361,59.523809523809526,0.2575360047263859,86.0,0.03285411986152936,0.03285411986130334,0.02581019319000461,0.6439406567761293,214.0,16.0,1.9900573267967552,0.703468583435032,0.5229760988802453,36.239574994574276,0.001699046920648583,0.03764565481273997,34.145167924259326,-9.582586404421812e-05,0.012235602223090572,1.0509641666629448,0.0165404873581903,1.104799267331584,169.0,1.0002630042875262,0.01765643193131716,1.000837827334853,59.0
S16,baseline,2.271586208682907,1.4904062530809115,0.06689460182278947,2.199793588272975,0.06074875379446886,0.42115351624134995,10.0,0.569131174682077,1.5155337278072176,10.871908149233732,1.7277611288733474,0.6616781595020227,-0.014454813599544654,1.6825517781099244,-0.011611133262130428,0.3614340927341539,13.0,0.5559395448349591,1.490756375329113,9.749064048372563,79.73916614968815,94.96410805236776,107.66663950898547,64.47368421052632,0.31140140026163626,78.0,80.92281397129854,102.74819624502366,110.37058480528107,61.03896103896104,2.7079020298279977,79.0,0.028041686603050203,0.028041686262658152,0.0207961754803673,0.6506084347391232,216.0,21.0,1.989819086285252,0.704146058021088,0.7345847466426186,36.2716168855563,0.000701300093539158,0.02348992468265412,34.15914858994233,0.0011008482857520054,0.020476618234994217,1.0514481632157435,0.024379174706426164,1.1061375840891272,173.0,1.0002101885291288,0.02099992093530477,1.0008614179167643,57.0
S16,baseline,2.9243559667153245,0.826144691950557,-0.016823934916662592,2.775688494249921,-0.015765369759125913,0.6092243315099719,14.0,0.6425771281966457,1.8093385270776836,18.616405903156487,0.9262314990913119,0.7805666851686847,-0.03967963267253961,0.8700704779793301,-0.03475405224826531,0.289802163694097,17.0,0.2419592303787577,0.9149130452426846,6.686488439466856,72.10493133110077,103.2475767841616,120.07847675462274,72.46376811594203,0.7277915783616685,71.0,71.99010360997032,107.65008902303177,145.76457359336345,65.21739130434783,0.21397188351819252,71.0,0.02395389770466762,0.023953897354864584,0.01720089859240503,0.6386064344057343,214.0,24.0,1.928620976927162,0.7064740645384653,0.43851441940972224,36.2928289946648,0.0008049788124203593,0.02469213801390222,34.17920502284656,0.00019551190909655023,0.005793216777799195,1.0513637801173379,0.025771373358730892,1.1060299618274134,175.0,0.9994031114668096,0.017844396749411434,0.9991250017048905,53.0
S16,baseline,2.0670475524267014,1.0444565128439856,-0.02183513274193672,1.9650776670532644,-0.018388019672266106,0.6949175883018748,12.0,0.996915949450385,2.3154699867216895,19.66417280987095,0.4904410564829708,0.3960430646721307,0.014068565755264805,0.44685986361625196,0.01099504698678889,0.2368464770607553,19.0,0.18883532893181357,0.83168929606992,5.137016424694101,65.21930040139641,109.28655721222826,126.23359550817197,73.01587301587301,0.3843268089431188,65.0,67.19862598089752,119.6643301408272,158.03424628240194,67.1875,0.5023257895878106,66.0,0.01914452683810306,0.019144526825527506,0.0111935676694856,0.6372728788131355,257.0,16.0,1.9887449485779196,0.7008990433817113,0.905179171950688,36.35231264491675,0.003200761914996873,0.05799897377940866,34.182803255535156,7.687023948523502e-05,0.004725028704078569,1.0506423585981652,0.01825998440479439,1.1041827927111787,166.0,0.9994979152943287,0.013989045631922716,0.9991917760754012,54.0
S16,baseline,1.6057721207021927,0.9660007605575972,0.004519934155476354,1.480291321665932,0.008305591352594066,0.6674910333694288,11.0,0.9552429776006246,1.8677418732861062,19.342480397671384,1.8231592741498466,1.3046205446880341,0.07123871831719551,1.7191773111851414,0.06221639575645783,0.48589200385052506,14.0,0.4741711538747423,1.0938217563359531,11.35057322317504,59.614412086174674,109.4445084208086,131.03501607813277,70.17543859649123,1.3214022195361599,59.0,60.36503524122473,132.89101603383898,163.37903272248045,71.9298245614035,1.4355784118746016,59.0,0.008704310753112454,0.008704310752429167,0.0037943440772228703,0.6462743790631772,38.0,12.0,1.8484787182098037,0.6745787914397112,1.0720190265981429,36.40713699369191,0.0004731718719056796,0.03168204865244584,34.18601282228134,0.00020864660972275367,0.006941668304831694,1.0507614055130698,0.016306318967427978,1.1043654273540693,169.0,0.999517192976113,0.010185247767663136,0.9991383583269372,54.0
S16,baseline,2.8494203721128044,1.5626557722187262,0.08102174803767105,2.749285084325594,0.07300797354012774,0.5772545377447932,12.0,0.8364382472314597,1.7024774310511006,16.10287406877337,3.3318732140928433,0.9313133156520317,0.013566608303298706,3.2415492416409375,0.014163457761667294,0.37078958385726507,19.0,0.3764274931227394,1.2352618319199424,11.113226818701099,56.6841037212313,158.63895253265133,185.32480411123524,79.24528301886792,2.562083009498688,55.0,55.94385998106856,157.3034022792366,188.21111221028892,75.47169811320755,0.29340214409291593,55.0,0.015447921712039937,0.015447921518350708,0.009153757870813474,0.6461076846141024,207.0,12.0,1.7706819043562672,0.6701087069896199,1.134719537926472,36.40185306222021,-0.0005646206500843795,0.027059208837726653,34.1927179437725,0.00026114600112814816,0.008721146861493738,1.0511985069887735,0.019046735738642375,1.1053810792377243,166.0,0.9995916727633213,0.013783116181261212,0.9993734865494409,53.0
S16,baseline,5.616634158976141,1.7798628094741846,0.09251961457050994,5.412316973411926,0.0819967100265175,0.6787160042713605,18.0,0.7165454226313676,2.5977934911286775,20.12764889540448,2.6348341278987593,1.3945671647509508,-0.07397439429885906,2.529056616546031,-0.06562733265706429,0.5364528518648229,12.0,0.7089916593469633,1.4266722339639817,14.597263820145468,61.265801288398066,200.0650982984509,230.51810447604367,87.71929824561404,0.2578388269253536,59.0,60.38313360540067,187.05540181627046,194.8596724332397,78.94736842105263,0.6916759273679324,59.0,0.03326425796218405,0.033264257079148506,0.024014608537065774,0.6456076012668778,224.0,13.0,1.8587276330270224,0.6879701629966933,1.2610114987580405,36.4170767977852,0.0015526171833163337,0.033438577768042085,34.18633401719498,-0.0005843899211054972,0.012998668412930426,1.0509997914817877,0.01605198459237494,1.1048582279041148,174.0,0.999718925243608,0.023007972846764983,0.999967296304752,54.0
S16,stress,5.8337364038067,1.2527160797648367,0.022506933778565146,5.57638815812849,0.016125595790461,0.9675496496299116,12.0,0.8582267417046087,1.8629360976151084,25.57791152169557,4.510402255347229,0.7175948385387071,0.02242570054519178,4.30174321926366,0.02229361337694858,0.6751091822304787,14.0,0.5713059561738004,1.1740862377241075,19.19537935490991,88.4092977478542,102.9164356023217,138.1036532739778,70.23809523809524,0.2974293352009163,86.0,90.70651287452205,121.79131965361815,170.04008643740315,75.5813953488372,0.5363040864807969,88.0,0.05513550161454883,0.05513550135042391,0.03871853596238355,0.6434405734289048,226.0,23.0,1.5301770403533583,0.563819627890343,0.15328361872227259,36.279165103848094,-0.0007662796089730113,0.0346494863742633,34.186906447197586,-0.0006968685199359033,0.015331669402491848,1.052172048769994,0.04190701033337208,1.1088222177279279,320.0,1.0031034144775246,0.05896270254835273,1.0096930604282741,159.0
S16,stress,4.999800306780112,1.306752633658511,-0.04058644955577545,4.805192151786363,-0.03484011196182433,0.7731816947150515,12.0,0.8537260766987034,2.04855527748992,21.987018330120144,4.884825651783345,0.3350608404780428,-0.0055653515188527625,4.669420353979754,-0.004941792598539822,0.6583210286058131,14.0,0.47961346037879177,1.2287501867433006,19.248078428139106,88.18206304102202,92.40079532527967,125.78225817096938,67.05882352941177,0.12309903768867168,87.0,87.68062027816192,105.40070629428939,131.30063925577784,67.46987951807229,0.22462528862519918,85.0,0.06706950479581235,0.06706950469083864,0.05166933400667678,0.649774962493749,220.0,24.0,1.5688481315559553,0.5635616231776829,0.336425668794488,36.26256477492461,-0.0006443499134351555,0.030363139985803665,34.17235974125311,-0.00048448376922066987,0.014263280217967344,1.0511043582994013,0.03805894069745332,1.1062688550030082,292.0,1.0008981704631,0.03335252304857976,1.0029095384300868,77.0
S16,stress,4.675311243177637,1.1530056920179859,0.018727334993790645,4.423073841406631,0.02333004188575676,0.896966534014938,12.0,0.7324611651365688,1.5477522563147237,24.501859953448083,4.445944840513495,0.608926688874662,-0.01941347494006922,4.272757417620771,-0.014302337118428274,0.6170387289854151,14.0,0.5283659445448713,1.5150863022362215,18.506012833363457,92.6416134833224,81.70323266074594,91.47357941141846,56.17977528089887,0.31196196627528855,91.0,93.03298241443348,95.86793057305218,91.75367476491157,50.561797752808985,0.3637703013785938,91.0,0.061607190097766634,0.061607189664141124,0.04747097730792971,0.6511085180863477,219.0,25.0,1.5889748281952039,0.5624386177273363,0.3129826827832848,36.214508250449015,-0.0030456003553426545,0.056879669544930865,34.15712448149052,-0.00043588840676085026,0.013443134678292197,1.0517903469708798,0.04368719562100351,1.1081715050423515,346.0,0.9997786339846487,0.04483914184171935,1.0015678656133118,109.0
S16,stress,4.899635992877388,1.0281101376170727,0.011044161915958384,4.683975808702966,0.006140665936199121,0.695208407237413,16.0,0.6187558813014447,1.4930473960829325,20.935359055943962,4.1368245144901366,0.6410233252526265,0.003349883498996201,3.9652910151580394,0.00537348416783025,0.584756911667887,13.0,0.6078852200397401,1.4840015610380561,17.70387827886409,93.82091551094473,69.56817792447504,74.16198487095721,43.333333333333336,0.6894935297249636,92.0,96.01680649052837,73.12676874286888,67.14641059031408,42.391304347826086,0.46959418071922315,94.0,0.062380382853477113,0.06238038284447297,0.04641574454726887,0.645440906817803,212.0,24.0,1.5391425517424706,0.5652233920392726,0.34902023275642047,36.13148382952305,-0.002334092353248314,0.04358631699184931,34.14685130772079,6.670789596165687e-05,0.0079071489417002,1.052115030687655,0.04578939676451027,1.1090427066549429,374.0,1.0022401497694504,0.0593761955923396,1.0080108504129102,141.0
S16,stress,5.212614149213852,1.1488582776215273,0.03260188803863951,5.0200227696605575,0.0316269232293113,0.716749988957891,11.0,0.8349317018152999,1.8034570499021765,22.194634220397866,3.73703273675973,0.69053007475552,-0.017076003055091226,3.61333547769309,-0.015629085031482654,0.3848900978898746,17.0,0.4038695532417269,1.1792501490320038,12.833216379739572,93.73155948099892,72.6217557892906,104.59445491994236,55.55555555555556,0.17142179123708606,92.0,94.54065679204894,76.4952974954957,92.6272050055644,56.043956043956044,0.6445075637237684,93.0,0.049176153887600646,0.04917615340128753,0.03300434839407034,0.6444407401233538,191.0,23.0,1.5339091361546566,0.565187939970874,0.512956106252912,36.08659136514726,-0.0003621682438914692,0.03467763099114194,34.14151729109437,-0.0002889808030903584,0.009820630533753755,1.0516321472155266,0.04654590008961416,1.108096693872291,366.0,1.009171222666393,0.08083946828260402,1.0249615762901965,195.0
S16,stress,6.0834989022542505,0.9206625158207056,0.019790701283885208,5.809435279536825,0.01620750413621482,0.8864884719669185,11.0,0.848623809482849,1.8034570499021765,26.774522902362442,2.599712360302925,0.9693232180398769,-0.04639805125042776,2.504787852237103,-0.04028820093360974,0.42224162661872694,18.0,0.4209215380126264,1.2040229593338059,11.586110867544441,96.40451647171297,72.49713281583877,98.83900513547376,57.4468085106383,0.18436893742274835,96.0,94.61429994264242,79.36681070700193,101.13045646858062,57.608695652173914,0.7974324853782383,94.0,0.04005689565564973,0.040056895580192355,0.025982112312094085,0.6446074345724288,93.0,19.0,1.5906647049716152,0.5636662643750157,0.9724439429716359,36.10360421689106,0.00184731669287303,0.04200339210146322,34.13269544369907,-0.0004067783831738953,0.01003921060542121,1.0521153444201563,0.04400726664534233,1.1088833374819382,310.0,1.0093712482607275,0.08319792829595522,1.0257522120881584,184.0
S16,stress,6.021571716863159,0.8082366468492593,-0.011957158185555141,5.782264969505091,-0.014212717384647319,0.8388370623130057,11.0,0.8785794698080497,2.112621280752892,25.302133301387986,1.4816153517849708,0.7783113358907153,-0.031081588901414593,1.404707101459671,-0.02597360995314597,0.4284290594591777,17.0,0.4931044408981492,1.5304296726749618,12.206534889342628,103.37803781602472,68.18669769518273,77.56287771866097,53.0,0.3825042984362749,102.0,101.75045332969118,77.86010802798475,84.2615450365039,47.95918367346939,0.2469711386788121,100.0,0.042673567557052816,0.04267356656433812,0.027956665531456114,0.6481080180030006,100.0,21.0,1.5961070948710852,0.5657397815213102,0.8138544095844169,36.11372672183297,-0.0008002294671162074,0.02507667850761157,34.11749686234455,-0.0007075160595307964,0.013453259288875129,1.0525885694044874,0.038356644476741336,1.1094139286165001,325.0,1.0039684045428199,0.06393503197007806,1.0120402456332698,151.0
S16,stress,6.546859673848218,1.17387718596464,0.054036284164021516,6.2714677866772846,0.04994660150580791,0.8528254639959277,10.0,0.9673619207894439,2.2570625935542026,26.612152904358094,0.7422920032646048,0.4479855593138449,-0.015907814551203853,0.7148737384152833,-0.015027162004759472,0.27534243169024225,18.0,0.3207031715556556,1.1339007665441139,7.069559480102505,111.76745640470963,56.05292145283709,73.72370843348314,50.0,0.284999141245283,110.0,112.1788215192499,61.548042972284215,83.14322934339361,47.22222222222222,0.6217210354625397,110.0,0.04193990117359632,0.04193990061687518,0.029216887130963647,0.6434405734289048,168.0,23.0,1.576338323298729,0.5621817599254514,0.5381996695442322,36.09469563383025,-0.0006341587821189242,0.03338295063103576,34.10061209105632,-0.0003733875572555276,0.00841709233352678,1.0533277808276038,0.05271250971296813,1.112278022543444,439.0,1.0021883961586595,0.05251168033062857,1.0071390579662123,120.0
S16,stress,7.0903629687549135,0.812502176289171,-0.008870173581887476,6.804919496290575,-0.011285223367164591,0.8694068952100495,11.0,0.929890712979404,1.8164139327316864,26.797682327526026,0.41920675976976723,0.08860069313416541,2.7481392043672726e-05,0.40436253514454745,0.00021011870113618448,0.0765445663513905,21.0,0.12019604219807688,0.33427593189137167,2.3351006897922106,114.46032009337372,62.204913547494286,89.74205459892428,53.63636363636363,0.3414212026922036,112.0,114.8691254629321,68.52618717877992,95.87264787981235,59.45945945945946,0.32617305176421807,113.0,0.04644210426737749,0.04644210382670725,0.032871053420623214,0.6361060176696116,182.0,20.0,1.5879070920262066,0.5641294740493711,0.4418783879024758,36.09997650534938,-0.00017366481706048353,0.03627473375672966,34.08146368250997,-0.0008892990122828166,0.018378700127317314,1.052358130757408,0.0470076830221355,1.1096673576343352,412.0,1.0013151832053038,0.05031544922299935,1.005163740547983,117.0
S16,stress,7.006758349293239,0.8153060966211885,0.024715595392771916,6.725070918315968,0.025539423961937393,0.8020631094437837,14.0,0.6495673744353896,1.9979418323132716,25.12697022697562,0.3937930108707359,0.0960673130788358,-0.002696276659461848,0.37744279716417956,-0.0021919551672434285,0.07182232653518285,24.0,0.08261448279522386,0.2867455473788639,2.111408150536551,111.85174117896304,77.10793543534656,100.47572030281886,61.111111111111114,0.2822096923935916,110.0,111.747339179603,86.18825812820708,106.72481865005838,65.42056074766356,0.5609431676037774,109.0,0.037767081296365565,0.037767081240844186,0.026240203079072558,0.6382730455075846,173.0,24.0,1.5605005059044113,0.5659657122264385,0.4058587944822696,36.07775088759553,-0.0016485123884471579,0.03891831512678783,34.072139869486406,9.68343563846043e-05,0.013575740976715786,1.0519072362015118,0.03422222685879055,1.1076799943842779,243.0,1.0004152723153374,0.04279742597380608,1.0026623367517542,105.0
S16,stress,5.95669325250739,1.5791744510089698,-0.06971684159187766,5.718409229398279,-0.06383364711284806,0.8490117581110347,15.0,0.8164621221335124,1.9432311257173875,24.42650868687398,0.847972470902475,0.6695886478043841,0.029513169718697448,0.806148387531611,0.026717434518284566,0.35825407019097105,12.0,0.481455320925372,1.8589284302241522,7.996478775833358,97.71040370884273,115.91913337142906,88.18967827834925,52.68817204301075,1.0229083622239812,95.0,97.33981264821614,121.95387759547029,93.0750658956711,54.94505494505494,0.48849111777813503,93.0,0.02768655652831241,0.027686556388299245,0.01543548443704271,0.6481080180030006,144.0,27.0,1.5905374437707602,0.5618936155574578,0.11381236504822234,36.01048958131995,-0.0023699189652800164,0.05152499041333746,34.08073086025372,0.0002582693130076629,0.00801829893269532,1.0517164495020364,0.03394201936172374,1.1072595508315208,252.0,1.0005395468208271,0.043859794297407176,1.003003066308237,107.0
S16,amusement,5.095920501789528,1.8418918368941664,0.07633071140523497,4.867918813653725,0.07004359156197565,0.8455075926229104,11.0,0.9988514869062776,2.200000883940043,24.379014383997763,1.2667307200759343,0.5026361221238878,-0.0036673298519387314,1.204370525075539,-0.00030423009529517947,0.3155271423265574,19.0,0.4055722583278843,1.0684936663448423,8.86209254113826,100.56145301936287,85.83992234410043,130.8306793786018,61.458333333333336,0.6786637017146873,98.0,98.84668072452921,97.50220855256991,135.90393944466416,65.26315789473684,0.3430817722546399,97.0,0.029054116952808132,0.029054116555870518,0.021997356722767994,0.6474412402067011,241.0,21.0,1.8708229939567418,0.6836973515114568,0.5628008084571308,36.397785225229335,0.0032823796728252415,0.061188036641704885,34.22256184488222,3.946724566157652e-06,0.007822809383134548,1.051231498193757,0.024591374381088743,1.105692398488642,182.0,1.0010445385431987,0.03235345643332475,1.0031369142903488,84.0
S16,amusement,7.332198850218379,1.2168212773615779,0.036366878119035724,7.002975130131029,0.03477324198101537,0.9404812693341811,15.0,0.530004937948701,1.4612081870577063,28.646449621371367,1.2160709330456319,0.443598721639105,-6.569385887271818e-06,1.155296478422493,-0.0005144668618410734,0.2957038294219544,15.0,0.4839729344009053,1.174854423555721,9.066363192877212,96.98104091984797,68.15058091998361,102.11070337962035,56.38297872340426,0.2589109096724455,96.0,97.8038522798831,87.06699773200492,113.83160286071889,59.57446808510638,1.063752104667578,96.0,0.03957123194664861,0.039571231291665794,0.029734734108628022,0.6414402400400067,232.0,26.0,1.8856179666662762,0.6820015324181472,0.28439578055941683,36.4421427635027,-0.00046283693530683214,0.0360720995390433,34.222977783171004,2.602615015645874e-05,0.005176181587076314,1.0509296554152574,0.0168751856164408,1.1047379125208205,181.0,0.9997412937296215,0.021953686582108424,0.9999646187427227,59.0
S16,amusement,7.058090434459438,1.3763645097287738,-0.04818922393520909,6.84126446609526,-0.04417647412740858,0.5926798676907256,14.0,0.5815454116228675,1.4769844324818466,18.220642889270856,2.006388630395821,1.0518646941385719,0.05249740153748908,1.9365655912975697,0.04965789835810012,0.2950385376272835,16.0,0.39392674447831316,1.107745280055456,9.467653168740235,94.42550180080406,84.07741069402088,110.67971810589444,62.22222222222222,0.8298015404112224,92.0,92.41530604296719,98.56976649474419,127.74420269046549,71.5909090909091,0.32437936091502095,90.0,0.04087788850961306,0.040877887427590416,0.03024870135799419,0.6409401566927821,256.0,24.0,1.9020579609323829,0.6801106805487896,0.45752105945931193,36.4186801741064,-0.0011423367919831627,0.03851893068995371,34.22146453277692,-7.500770660067178e-05,0.006131910008881198,1.050743854086479,0.016103841388147844,1.1043219806079623,175.0,1.000068022887903,0.02804651843438284,1.0009226575992096,67.0
S16,amusement,4.378951495381327,2.1262338407154315,-0.11406261761234428,4.194228306511758,-0.10080525215449687,0.7992182159427046,15.0,0.5360150669781376,1.4613527730642089,19.255467135641542,3.1721484723806586,0.6508130493628824,0.015813339927759882,3.078281128458539,0.015465528920731733,0.3523955924902874,15.0,0.47532127007125585,1.5302935969922071,11.846956505889299,92.37600430289497,110.60759393716084,147.33233922604347,77.27272727272727,0.2588968108143807,90.0,90.77700188504595,112.66942286576264,136.2781000999811,76.74418604651163,0.5395475240626443,88.0,0.027757284970311692,0.0277572838809627,0.01944211455862292,0.6474412402067011,223.0,18.0,1.9303205431176265,0.6841470150291645,0.4849735126359763,36.36824882097177,-0.0015657974222510521,0.046207687278929106,34.22683260241057,0.0005878468647689592,0.011872492649491332,1.052258596744956,0.041240100632248616,1.108948900323822,324.0,1.0004952796709916,0.023282366214315262,1.001532873220473,62.0
S16,amusement,3.4634883234206955,1.617608850946463,0.035501110260726464,3.237730796602534,0.0334341197767871,0.7563267019275005,12.0,0.753364551431552,1.7385744303168025,22.3482520218384,2.625477889694951,1.077724070767708,-0.03308079082657786,2.502216953275025,-0.03385039985797411,0.471088626192301,14.0,0.5522514194091904,1.5133346962873153,14.921323473046973,97.09279603963044,122.08903880790317,165.1506139096221,75.82417582417582,0.4062474328597356,93.0,99.74213683528792,131.88006851780275,166.16713615241966,78.49462365591398,0.3059015405826707,95.0,0.014344713720049628,0.014344711383570274,0.009779774514828372,0.6447741290215036,206.0,16.0,1.870349847694585,0.6851155305457184,0.615721437736976,36.29120633167859,-0.0022060250501063166,0.047285342902073806,34.226121364392995,-0.0005762507812499136,0.01753161696056714,1.0539183417252491,0.05191079751223639,1.1134386019232556,345.0,0.9996357790053012,0.01932406703694387,0.9996451102343838,65.0
S16,amusement,5.491527316137873,1.6166201561042048,0.07597413138421627,5.324021715304641,0.06598399997192715,0.5886437363146244,15.0,0.6683431110647834,1.6062644131658286,17.889774437764867,3.010796979467019,1.3962341682118502,0.06438504002399252,2.891375612001259,0.059724809106121816,0.4524261213326663,15.0,0.5466863427957234,1.2792473116096135,13.379524099739703,94.09438539541526,113.91396758074724,134.22268935272734,65.1685393258427,0.9318663747679493,91.0,97.87470398711174,139.12045770659836,179.3157136775896,74.72527472527473,0.3232312242599257,93.0,0.0097809057404047,0.009780905680637749,0.006355528489752897,0.6424404067344558,223.0,16.0,1.9357861316574292,0.6845475747577469,0.642515888260101,36.25453278889256,0.0002426343146910825,0.025699781620747503,34.203534494765925,-0.0010689439226156683,0.020854944885370617,1.0525534178943088,0.041255389562772436,1.1095707046889673,280.0,1.000634148185586,0.029994628191933187,1.0021683762354658,73.0
S16,amusement,7.000061100866731,0.7547197410105793,0.014858296153795525,6.7165360264950165,0.011573717292142688,0.7979012261082459,14.0,0.5638195199850323,1.6263555378158365,24.283938140993232,3.7431320048363594,0.6897683339664331,-0.023986612277737906,3.5891731866209327,-0.023163189040848253,0.4786068658535547,15.0,0.4924737763985345,1.4022860262574723,15.130365224410827,81.01401607739913,85.85896816757345,107.91140715824167,66.66666666666667,0.542233260614373,80.0,82.44941534887825,106.34376471050224,144.19654374903257,65.38461538461539,0.40690675170437907,80.0,0.016707095737499168,0.016707095729104712,0.010003442105300625,0.6472745457576262,222.0,17.0,1.9242744261187947,0.6824100831322577,0.3737061011008517,36.302668647245845,0.002527959035103245,0.04874076689078025,34.18267803520611,-0.0005459075875916614,0.01177857039268718,1.0511081269576459,0.027655561987719474,1.1055931246652673,196.0,1.0011799395982754,0.03253097234039564,1.0034195356154176,74.0
S17,baseline,8.68164123701635,1.7102119480333446,-0.060645566051056955,8.334067510556565,-0.06282952997153776,1.0617866088450543,16.0,0.5944486890224489,1.7832480606450432,29.379692868048213,3.643100143760902,1.3456272038980832,0.06520692863413616,3.5138133909262637,0.05844130131412313,0.4447807577910013,13.0,0.5324429524448464,1.5153210287044194,13.554069473260318,81.21603341813525,102.0398836834792,117.12464223288838,67.53246753246754,0.6137265471866077,79.0,81.17335253714779,112.27809890219127,145.11894052586882,68.83116883116882,0.5606745023074321,79.0,0.021321136304908464,0.0213211353532353,0.013592027137422693,0.6356059343223871,254.0,17.0,1.9336025164749686,0.7031390572824109,0.9182864476839457,37.234745207959065,0.0009405034170316864,0.05098005364239026,33.15196219772169,0.0002858582223370182,0.00876308491283301,0.9797262846054275,0.020352624007273126,0.9602778220507368,168.0,0.9180739705059954,0.007648120924093975,0.8429183090743131,54.0
S17,baseline,8.863128331101603,1.8351774735135227,0.07233317161468594,8.48498279968383,0.07251406322334059,1.1593325973968098,11.0,0.8562518821377936,1.8393243049555519,33.54580052918343,4.050904305075064,0.8294694816920496,-0.01677831473516549,3.911352156327831,-0.014112954864577342,0.49331739816848885,14.0,0.5671699803457094,1.5302433149026924,15.210182858012757,75.55477814948136,82.88977349568854,105.78473878071414,65.75342465753425,1.8344310281905187,75.0,75.83331564880581,88.8994654019125,131.53151886056483,64.38356164383562,0.32563300746819135,75.0,0.026472849994131332,0.02647284997505805,0.01865935025616996,0.6407734622437072,244.0,19.0,1.9985420158117337,0.7072956495469783,0.360709178024501,37.20138200671116,-0.0026463030346885355,0.07434860213883521,33.15416305673008,1.480491791311728e-05,0.011109690396922752,0.9802514080059406,0.0245373377323995,0.961494903840623,183.0,0.9179945909977969,0.01699743485963697,0.8430029818930201,60.0
S17,baseline,9.794750576405248,1.1690480905740053,-0.04325207959239217,9.389508409657472,-0.04233209293840375,1.1813526805641206,12.0,0.710821453901005,1.8707228493347685,33.90189508253334,3.7219939035748912,0.6270754685263127,-0.0026102360129905966,3.548927417885514,0.0007232254098686174,0.611181135502834,15.0,0.44143524310153404,1.4253619476911328,17.55314848964907,78.83052150483792,82.50996749994547,102.63630218551165,69.73684210526316,1.8110290237248874,78.0,79.32704765735586,79.58206363899905,112.01581662578774,63.1578947368421,0.6506694818405409,78.0,0.03038022345563876,0.030380223184293134,0.02413320054040414,0.6521086847807968,224.0,18.0,1.9384836554647409,0.7074449660001509,0.2759607313722653,37.13482642859415,-0.0005751540603969734,0.04986129933580741,33.1692796286122,0.0011646909811243184,0.021345441187106916,0.9804107690954006,0.022251157358264422,0.9617003901620172,184.0,0.9183350707967952,0.02228943273849957,0.843836121067159,60.0
S17,baseline,8.074060569091804,2.012727288098221,-0.08870855346286148,7.775846604199931,-0.0802596532112724,0.8988497442741046,15.0,0.8098898403990007,2.0587940945916925,27.44432682051872,4.526841677986362,1.2501775603223881,0.05656882068777192,4.304521986128052,0.048627612942147166,0.6733227731637457,14.0,0.46068235441919686,1.209690268273392,18.61426025038438,84.78751403593883,79.31013159274733,88.73776109358666,57.31707317073171,0.4546923510859005,84.0,85.3014405225999,72.23618508024289,89.37651904729897,45.1219512195122,0.22470175648830248,84.0,0.023694068762917502,0.02369406873069961,0.016728621190883586,0.6469411568594766,261.0,21.0,1.9246513818051936,0.7066589842987918,0.49040187601598745,37.0600512518637,-0.003977509119641714,0.07304795212825094,33.200710726736965,0.0009381386045966336,0.01709082201959048,0.9801214106623315,0.015144210300905707,0.9608673267443567,169.0,0.9182845158758073,0.01650251787226962,0.8435187851933903,56.0
S17,baseline,7.533536883252611,1.957602381935899,0.019420370455096446,7.115662513719443,0.019663717234053343,1.2495176162714379,11.0,0.920301365171002,2.5245085310790465,35.73992462992649,5.505262500177433,1.0877674953121135,0.02535173180267647,5.30997239420721,0.02165740083032065,0.5691160089164412,14.0,0.49510268758867587,1.0995983706846468,16.980528843791863,82.89151419795427,93.36871022662106,82.79492738084873,51.25,0.8075340719804218,82.0,83.33646867649259,80.9854429839625,75.4826591737301,36.25,1.0026765705035532,82.0,0.014435238721264497,0.014435238640043457,0.009942692441857644,0.6471078513085514,223.0,25.0,1.9107291993019553,0.7051781568680061,0.19356846334049357,36.997308528077596,-0.00036191925820173873,0.031128910175240575,33.237249160557276,0.0014187735718549277,0.02600905173716738,0.9803337252017161,0.015982362848444207,0.9613096486900932,172.0,0.9184034500647925,0.012752855104994812,0.8436275324042429,53.0
S17,baseline,9.791004136497621,2.1250911084017785,0.10920701906423975,9.415371360822974,0.09274993822629317,1.2501684617277578,12.0,0.8205166724202395,2.457187568301044,33.79317462275485,4.537801525899937,1.3800139602609212,-0.06707356172978803,4.305025023502886,-0.05901837559273797,0.8752470408995553,9.0,0.8384385469414957,1.8374165798452573,23.057956485214326,75.62701593231836,86.15528028717974,105.89475260907456,63.013698630136986,0.9694578462885529,75.0,76.90988576893938,86.28653016063494,101.29414911667045,55.4054054054054,1.4592780816193454,76.0,0.017045984065316433,0.017045983876365092,0.01266903633265169,0.6534422403733956,208.0,23.0,1.9911034533523893,0.7058421833530861,0.38761961630205033,37.05704115479055,0.0038495550326843432,0.07235419684630716,33.269010476625404,0.0006043982623629889,0.01286143331774123,0.9804380357503922,0.015437853672046566,0.9614970692720867,168.0,0.9180562528171715,0.014137618025448512,0.8430271555801397,53.0
S17,baseline,10.741249023445436,1.7445450779835643,-0.06223081223310298,10.338131782472724,-0.05456093164700019,1.175075382435719,14.0,0.8069391327929356,2.2474227761573555,34.81107372611817,3.7955661204877544,0.8453730022988831,0.012442440944532852,3.6243732765395644,0.013842269965579964,0.6304534896356617,10.0,0.6261080866411447,1.521644786922403,17.77025907665145,71.41900122120218,99.8227329074647,105.12597485034415,66.17647058823529,1.4005872990452852,70.0,71.85208659104103,107.62660914170628,97.95809330258659,57.971014492753625,0.7167666134741013,71.0,0.01549545049257314,0.015495450138546094,0.010606960949637806,0.6471078513085514,218.0,23.0,1.9680556162353848,0.7030104734866447,0.38237216304848887,37.09278988491538,-0.0007780529075672078,0.045732046086393065,33.28492678811304,0.000448875890369217,0.009164944815714875,0.9806640254484319,0.0200376495708948,0.9621034382090483,173.0,0.9182160207458068,0.018004771527248404,0.8434448325520125,54.0
S17,baseline,9.125827540519504,1.927059480757829,-0.08269133060258332,8.728532067504585,-0.06674283170627891,1.1820624973547622,15.0,0.6654377124125431,1.6780296602143672,31.978345172310327,3.9841230626788358,0.6704046347594768,-0.023686604952864346,3.8175904576062987,-0.02001083882084655,0.5307500790337292,15.0,0.475471997322888,1.4635727438674624,15.898953368117738,66.70588928449655,100.04638347363613,80.58380730643105,45.3125,0.9861492007161835,66.0,66.61356021734395,101.39035271344555,97.4191069086194,63.492063492063494,1.4374246249159346,65.0,0.008584140325967259,0.008584140024255733,0.005867645158484579,0.641106851141857,238.0,23.0,1.982886490214096,0.7042773102620596,0.39286718888089084,37.04084288861472,-0.0012616833137455545,0.033951108826165526,33.28936376387178,-0.00022159097438518855,0.00838784535460943,0.980870237118948,0.022696730015879685,0.9626215636191953,175.0,0.9184755654773724,0.017812330284443068,0.843914643489141,54.0
S17,baseline,7.168463713377393,1.5065943128217656,-0.0639175047371427,6.855877391320512,-0.06141986924609917,0.8886287960118738,11.0,0.7534975891765932,1.5264042555844437,26.510736238719392,3.310753164734278,0.6404710210120367,-0.02814380006485121,3.159249873611065,-0.023749636362154162,0.5380198151735233,16.0,0.3922353545718015,1.086208148388466,15.180242830457978,78.94686612439497,136.2895698388061,69.46708339692674,45.945945945945944,0.4251571794255233,76.0,80.51578433117814,142.70879587746617,92.00332852066592,55.26315789473684,0.30041154309479606,78.0,0.010455151233098738,0.010455151221943498,0.007474973594293516,0.6459409901650275,241.0,24.0,1.9844542600217245,0.7030832524301519,0.4804692098623063,36.98674679536591,-0.001497202333485607,0.03981996182824305,33.29500072754364,0.0005382168860788332,0.016147044342953908,0.9804350472485851,0.021655439856892594,0.9617218399487308,171.0,0.9186178022047343,0.020048012064493928,0.8442605893151943,61.0
S17,baseline,7.037987193150958,1.2914253965025524,0.05767979181215575,6.750787165067453,0.05393190369136204,0.9296869266995422,12.0,0.9383237778596776,2.4115747787002606,28.237796139900443,2.681837365136452,0.6403104077527049,-0.011149828690201273,2.556611464252242,-0.011187713348321672,0.4560217853772792,18.0,0.37132548572334123,1.4427054705187237,14.13061086259643,87.84694570044218,67.91773006701236,66.60683589719113,47.05882352941177,1.238164405008317,87.0,88.17325468555246,74.13151030861434,75.98822057199177,50.0,0.5422556965412082,88.0,0.009828996393278352,0.00982899639286303,0.00697994113285623,0.6482747124520754,224.0,27.0,1.9390180316191026,0.700532610648287,0.26089428587526947,36.9855337803773,0.001269443972928632,0.03934993258128407,33.318681099462395,0.001108938075012,0.02052028506710342,0.9804570870666901,0.019853414247695357,0.9616902576365898,173.0,0.9189179762057897,0.024450528063818595,0.8450080753167438,63.0
S17,baseline,7.11875862695001,1.3926560890332975,-0.05148483285762448,6.864942245126862,-0.04765685246543575,0.9460307630519201,11.0,1.2619029417807772,2.5480909951817496,29.308156299315364,2.774269874630664,0.7101818100401169,0.026394744787392864,2.6469390884919743,0.022950493775357527,0.5106768281643306,13.0,0.5921564901418802,1.474225110754335,16.14121337748297,85.98924456881346,70.58267044931577,73.23012086846227,51.80722891566265,0.48248079701817975,85.0,85.2634170703339,72.11541404830731,82.80566872422355,52.4390243902439,0.3230037374272241,84.0,0.019365215645455503,0.019365215418334192,0.01255706507616755,0.6486081013502251,247.0,22.0,1.9694347037590396,0.7021555925838542,0.5672122223783789,37.05087035940567,0.002148066420456889,0.044652638808942616,33.34342338295763,0.0007093847710907598,0.013977169017840586,0.9805524050436252,0.019890842213072007,0.9618786646407829,166.0,0.9183093044077253,0.017339997173687595,0.8435926540637839,59.0
S17,baseline,4.66323302754786,1.9205224399340008,-0.0991722695737438,4.448304010372327,-0.09029657375907925,0.8431226281689325,11.0,0.8672914226015778,2.564365623104771,25.242973905498637,2.4803006190978047,0.9890290175151893,-0.030736978692270663,2.3837332856650515,-0.028035757028966313,0.4049887741973128,17.0,0.43847810124605796,1.2051462833870235,12.41057652937034,81.4632283361354,68.23219849449661,84.01325995401702,54.43037974683544,0.1698839108694919,81.0,80.16088648118654,78.04457023710238,99.33320713115549,54.54545454545455,0.1261947816223844,79.0,0.026561309229123642,0.026561309215107264,0.02066689977933795,0.6499416569428238,231.0,18.0,1.8673461383169945,0.7070263374517745,0.7078809940449764,37.083665278553035,-0.0006181238871180155,0.021479114587870607,33.33994110112241,-0.0005968348632458188,0.015833354602674182,0.9803499213160085,0.023896237480921498,0.9616569983900484,173.0,0.9174696550332693,0.015405121879115346,0.8419878856869764,53.0
S17,baseline,4.843276824302291,2.125448530631866,0.08495649591035241,4.628799428216177,0.08422458474338712,0.779421890755012,9.0,1.0170101847261945,2.033095359958552,25.026577678343102,2.1953138953945484,0.7767857244507409,0.00820531155189563,2.066438342262834,0.010756555088045003,0.5273911800572805,16.0,0.4270779792176175,1.452500502587798,14.768435359736415,74.31598654660536,111.45212731175705,86.0805387699768,54.929577464788736,0.2617197832992263,73.0,73.0784166682077,108.49780413538237,100.91154964348371,56.52173913043478,0.4975309246302931,71.0,0.02743101982256391,0.02743101937981594,0.02022316645512822,0.6451075179196533,216.0,18.0,1.99959804271354,0.7113169222050929,0.6813806460232684,37.070704565016435,-0.0003470932932664099,0.031751541764776174,33.33191113950427,0.0002659274682314892,0.009800373997685824,0.9806519732639944,0.025382985076081638,0.962322588597939,171.0,0.9174372612716017,0.016832674393430728,0.8419744672967724,54.0
S17,baseline,5.657496427304781,1.5052206315814456,-0.034531605915794364,5.47759956031674,-0.034945354416637035,0.6043464012275013,13.0,0.7818061130625599,2.142550691213594,19.67008746148196,3.691574160168788,1.3588346941406495,0.062044519676982955,3.5568811538979634,0.058689276014884675,0.4447107019042902,15.0,0.4976514232772417,1.1895718366295636,14.20101218967907,60.57769617885037,169.3998516524348,105.03967504392499,66.66666666666667,0.8267596158402005,59.0,60.8200416160078,164.4683434553328,112.92029797682717,59.64912280701754,0.6738457698342563,59.0,0.030532547151442744,0.030532547130451334,0.022570453517049165,0.6379396566094349,246.0,23.0,1.9295899026847672,0.7088288792866956,0.39896897081028937,37.08126831723071,0.0005692818584013632,0.04618303087005193,33.359904149276595,0.0015751345507600647,0.02958215063169276,0.9805651119083268,0.02191426982368033,0.9619881739136943,167.0,0.9180056113262505,0.009500306163777195,0.8428245582436883,54.0
S17,baseline,5.038295909307108,0.8914149025419554,0.02749138875422452,4.811310555823933,0.023742371475248734,0.8123273684845845,11.0,0.7009637937989484,1.8974495747385518,21.671876696452486,4.8779838263758695,0.6882514431335581,0.00653701175062969,4.708944117421712,0.005411512483571936,0.4559728733745473,13.0,0.4940850326093403,1.0574678702418057,15.204165274874324,55.514587259508296,122.50016044142997,119.2191576348777,75.47169811320755,2.332086565862559,55.0,56.11059665382794,121.03887951206156,136.4808611599552,66.66666666666667,0.8053395412079999,56.0,0.03594840845554744,0.0359484082428345,0.0282332839519647,0.6377729621603601,223.0,22.0,1.9852205807311494,0.705898150082318,0.3871003901033175,37.0840596977693,-0.0007081341534480397,0.04711405684952855,33.40113038333851,0.0014089165017318053,0.026455155219252194,0.9800170600183963,0.015022759242521715,0.9606591212223597,170.0,0.9180619665150822,0.005307614313793755,0.8428659451312438,54.0
S17,stress,8.494096525844414,1.248463445076115,-0.057721399115935816,8.15350574927461,-0.05057044400140157,1.062647647768296,13.0,0.8692080964073724,2.323188461092432,32.584355374465524,4.683206493296115,1.2931322635857498,0.06634679843636387,4.443454876049227,0.059517818444252184,0.8079090138434907,13.0,0.5944564947109761,1.303079540430672,21.75094761220862,69.93158781193056,81.70094184375239,93.71280356620748,68.65671641791045,0.8875922546436712,69.0,70.04427993383074,98.20842302426885,98.83961194746453,62.6865671641791,0.2395288103323037,69.0,0.023902766840104152,0.023902766781952335,0.013227783380419742,0.6491081846974496,48.0,19.0,1.547617594790027,0.5655127278969683,0.7626304786156793,37.1155402990056,7.940214391732688e-05,0.025265431082145663,33.14073622593912,-0.00015119330769672155,0.00813588466272962,0.9836765627496685,0.05221094077939748,0.9703455624400723,400.0,0.9190708236018388,0.04347501157474701,0.8465812554275868,116.0
S17,stress,5.797372372342047,2.4296181244119763,-0.1291369765730728,5.591167520982984,-0.11519441488093483,0.8657788593352596,11.0,0.9075752513492538,2.2396136055401037,25.441550159092817,6.305817746418571,1.2043730290173154,0.03305279943624994,6.079879507330931,0.029210879136420977,0.6828735843127811,13.0,0.5177317484228516,1.1478114552859457,19.22369209042663,70.50181966922648,89.80892855815488,105.57266803152166,73.52941176470588,0.4528646797341019,70.0,71.0059276809753,102.21286821329663,118.83039557959462,64.70588235294117,0.9191085470780958,70.0,0.0227657303823707,0.022765729813069818,0.01161763051088623,0.6539423237206201,51.0,13.0,1.4836804946793838,0.5444024164147725,1.1303465545280056,37.123771369492694,0.0003501258868792308,0.02938049711526029,33.12275052295843,-0.0007726359372351608,0.016551179990118025,0.9830623484151535,0.05097878961366576,0.9690104178619913,368.0,0.9206241445171534,0.0566448939880467,0.8507574594828575,168.0
S17,stress,5.703471116142153,2.998765063311734,0.10346981119996224,5.341136989457034,0.09267265879838803,1.0730743884893688,9.0,0.7543141818227109,1.4030013193401372,31.538355057485546,6.47687474824725,0.9715754498321317,-0.04177928957253386,6.19080117529205,-0.03497213231822627,0.8161802725735312,13.0,0.507595707106971,1.3209463918846014,22.585741493323887,74.53126788805575,109.78852912194674,120.60294533109544,71.83098591549296,0.40592710400652066,73.0,73.7145141356343,103.23083143084227,113.81215895680238,63.38028169014085,0.9324849927230404,73.0,0.012123351561720707,0.01212335152245648,0.008724183029711638,0.6459409901650275,235.0,13.0,1.4957124356617855,0.541545847431774,1.2276838513594979,37.159628961650355,0.0011995529519677611,0.035961119400493714,33.08825602140328,-0.0013699810666230438,0.024712439755650843,0.981902231503697,0.04333999535806463,0.9660103474295768,363.0,0.9220913183598699,0.06322438372036747,0.8542497220914632,173.0
S17,stress,8.371735105711952,2.2655715371362595,0.08015922141363957,8.128947145638396,0.06560495591678613,0.8281969396595665,13.0,0.7099648748416475,2.0910546722600873,23.82824468984587,5.732611566556551,0.6846596928553105,-0.024444566472616162,5.502677807908325,-0.018318190447186158,0.6464708860594527,12.0,0.5530711930498322,0.9587893744941969,19.1207182595885,79.94224349926743,95.50885412713389,126.92206477329286,63.1578947368421,0.4414861817263389,78.0,80.71882660157257,93.60875869801137,127.62314606181077,59.74025974025974,0.4581144598813165,79.0,0.014646964124287844,0.014646963821460612,0.008979010289084554,0.6439406567761293,82.0,14.0,1.5656300080250456,0.550297436886716,1.2167801141347792,37.191064635643066,0.0004100424028401577,0.022132283233672223,33.048008651807756,-0.0012013164254547218,0.02150554309931004,0.9805831846564167,0.022714828561476715,0.9620593454674973,231.0,0.9209437713919575,0.045699859189915745,0.8502259071956201,126.0
S17,stress,8.771950628833164,0.8853148794194925,-0.02839611337457093,8.382491353341386,-0.02245029817258353,1.2167571136555997,11.0,1.0291045535579573,2.1837629237464,36.44082164200738,4.846758603529238,0.8404550233528467,-0.0238180756357678,4.629064453065243,-0.021996086391216467,0.702185852778112,13.0,0.4914252764118198,1.383603995439767,19.641274488473634,77.47631270761732,86.3821386275766,106.92887254518192,56.75675675675676,0.40492378270807344,76.0,79.0332517686251,97.59220174120209,121.87710861873595,59.21052631578947,0.4635566820484521,78.0,0.01705485130180622,0.017054851192235303,0.010404892251758927,0.6444407401233538,64.0,13.0,1.543383226064048,0.5369720684655083,1.7078078460087038,37.15081859056719,-0.00306242553610876,0.06006561219878221,33.015586190093536,-0.0010261599676430273,0.01901610275087185,0.9806125371814457,0.0170024685435802,0.9618900320140076,192.0,0.9196162625016324,0.029682984735499407,0.8465751498402792,71.0
S17,stress,8.459753983980207,0.9691539674773427,0.021286763764452904,8.072544972729794,0.01941612907850755,1.1697960903923357,10.0,1.0853174716837264,2.1094964303970096,34.871309075778484,5.138210215779783,1.111928048732432,0.05483867058482494,4.901775889602444,0.04854172380407022,0.7634109667150293,12.0,0.661643633681974,1.4503286585701782,22.12596493087981,71.93565286560406,86.55124500792773,104.49325614464357,63.768115942028984,0.2917540053080248,71.0,72.42836907703455,87.11418564493219,90.07359737370646,53.6231884057971,0.4922803895456299,71.0,0.018360306078775288,0.018360306014437146,0.012696690535851806,0.6439406567761293,185.0,15.0,1.5619237656417544,0.5515061790069993,0.7550753442605606,37.11122615004525,0.00026724911169641953,0.05209646235342252,32.98459252367663,-0.0011768963677560292,0.02134495984576862,0.9810071973826497,0.022771633643373146,0.962893668615349,211.0,0.9190803106876226,0.039125277706528745,0.8462394048492697,113.0
S17,stress,9.655080486025758,1.5173326746525209,0.07491057612358167,9.241576873194786,0.06752967030904568,1.319163288484267,13.0,0.8141804159425537,2.2323480221485053,36.260887727202224,5.714257915756578,0.9479382268624674,-0.025056909017149506,5.494079498595576,-0.01960614483435256,0.667168287122563,16.0,0.4465797617986835,1.062928775576614,18.550249032763077,74.26817293360217,87.13366453141255,90.64583093924753,48.611111111111114,0.5067586553838168,74.0,74.8632877271607,89.5001879002496,84.06256453942173,45.833333333333336,0.6140120877898643,74.0,0.01989028248447005,0.01989028216095925,0.015239419052001333,0.6407734622437072,247.0,16.0,1.5982753472531344,0.5674568341679437,0.6453650129965213,37.136930171492814,0.0011490618662268275,0.05203649166152366,32.9520191126642,-0.0009350733595081845,0.01765024971017026,0.9809764565509065,0.0266419678775398,0.9630246027595604,246.0,0.9203079582680396,0.04761671638579234,0.8492340897308523,116.0
S17,stress,11.595383218915375,1.2689912006043347,0.047423786383642724,11.14008502894771,0.04185261991847481,1.3356802621306165,15.0,0.7412086123377942,1.7226038806906345,36.56439435649464,4.750026371136062,1.0431848015841558,-0.04780580770216906,4.513619217258537,-0.039730986379765645,0.7781390307678445,17.0,0.42565528623415316,1.2606135498754005,20.87084981978034,87.22267114293666,81.4865389031157,46.329564766234036,29.761904761904763,0.09482597577931903,86.0,86.80370934363854,79.0266596087774,58.95843849898075,29.761904761904763,0.1516067709772925,86.0,0.015093882814883773,0.015093882592703743,0.01048798334363998,0.6332722120353392,250.0,14.0,1.5935493969371919,0.5622594331404376,0.7616161576526808,37.14244454717733,-0.001248822520190883,0.03636992847423668,32.91641062277392,-0.001214696456685065,0.02259746550836965,0.9815392880578083,0.030932954664824035,0.9643762216853253,257.0,0.920684420857315,0.04543609812876774,0.8497242418225365,108.0
S17,stress,11.75862374271661,1.1986402460470928,-0.05264910447429983,11.28723091660265,-0.046058764837181264,1.2894707565139496,13.0,0.8057389848780129,2.035341783776822,38.38299523028155,4.382515710892599,0.6005513922213421,0.016968335278590024,4.199854846692787,0.01910275885131353,0.6000988472965998,16.0,0.5074054229587601,1.2606135498754005,17.973904058314687,88.94285386716027,80.0743105820034,44.02694735072252,26.74418604651163,0.5241511825908556,88.0,88.7685243475475,76.80637354533387,55.54087326412123,27.058823529411764,0.6372590162968405,87.0,0.009037211932838357,0.009037211399831437,0.006173043546759198,0.6376062677112853,250.0,14.0,1.5761559932322913,0.5562189018740433,0.8475862002557056,37.133771513982815,0.0009375013098454154,0.03870840689603924,32.87846997186296,-0.0011281618865580537,0.020962690842119786,0.9811461241058123,0.03130194833489279,0.9636275288174186,210.0,0.9193633523290986,0.04540167159276495,0.8472902853892156,112.0
S17,stress,9.645840786358974,1.7317996224988568,-0.0894186258763024,9.268383273624755,-0.07625867819716707,1.1314205496498269,13.0,0.819446284741377,2.105044718001313,32.62762928913739,3.654961839395144,1.2541750806293537,-0.043936450232479045,3.498678645401235,-0.04368334211302497,0.47031272676329267,14.0,0.42465635555842324,1.0030342523893663,15.404683875716465,78.73435274373087,83.63740377967723,57.47997362926554,40.78947368421053,0.5156424482320845,78.0,78.78396877693439,99.97122631577534,80.03423660912412,42.10526315789474,0.4046460963046708,78.0,0.01917360499760883,0.01917360469176161,0.008043468856171026,0.6439406567761293,25.0,15.0,1.5970039694971594,0.562014178274658,0.9287065835705844,37.15723470601033,0.0012762854140286781,0.04728776589514064,32.85193312471042,-0.0006565716442253929,0.013422649260401483,0.9807413739417218,0.036711558067999854,0.9632013810568764,267.0,0.9195652452013486,0.04160419115312337,0.847331148903722,119.0
S17,stress,7.899572354009447,1.2718598491855202,-0.015207300880824762,7.503174812961638,-0.0159037092674946,1.1770179026443162,13.0,0.8312762671532501,2.188528294385957,32.37830547212618,3.3389319564039313,1.2448792026412006,0.05422384947895027,3.154930275567746,0.049410559343194826,0.6093229575850503,13.0,0.4875390357698593,1.3797885676687205,17.50903153112913,82.38518663131637,89.61512290436555,67.03484829606107,41.77215189873418,0.5812357664561397,81.0,81.49307879939047,101.83005432230223,85.78256721584535,55.12820512820513,0.3227153717453018,80.0,0.02015047308438493,0.020150473058016802,0.009407793485038032,0.6472745457576262,32.0,16.0,1.4917496996552102,0.5565708438718516,0.9754647895006542,37.12139408432088,-0.0036688434211796603,0.06770626140453044,32.82820965408048,-0.000980138572272618,0.017555976599882478,0.9806035230585414,0.030284123508641597,0.9625003975715098,274.0,0.9210606002763927,0.04194051527830662,0.8501116362033188,117.0
S17,amusement,13.481984477952254,0.8004476180717199,-0.008731056552995277,12.936835486875824,-0.0067142413282907645,1.554776790921419,13.0,0.9917119599299992,3.1500647394025574,41.07625189149962,4.566837517239967,1.0792119076171642,0.05105595603153683,4.363068862868984,0.047446556436981424,0.6009069650115306,14.0,0.48609483471196624,1.18477488738358,18.256102040193483,75.27711310058959,67.91048589406739,68.15016100086929,54.166666666666664,0.38846290642215797,74.0,75.70127226937271,75.52144839144913,87.88821370149066,55.55555555555556,0.32071640713311644,74.0,0.02258370045584712,0.02258369939931884,0.015405426874249447,0.6484414069011502,242.0,16.0,1.8486039420406968,0.6467368327298155,1.2704427924502892,37.15335667707005,-8.896691046212437e-05,0.02712101611433547,33.14891418071437,5.7262754332614915e-05,0.007949157313143301,0.9801717932530497,0.01944245047625328,0.9611147531694213,174.0,0.9189056530838463,0.027906923418854448,0.8451663956441557,75.0
S17,amusement,12.550535280335938,1.130670965996753,-0.03094926728170113,11.997139760774076,-0.029458028329127226,1.5305565471427973,12.0,0.7679082449065399,1.8578358742647474,41.39103229309993,5.320715774540923,0.6925536223745089,-0.007381166121440149,5.1455084679891625,-0.007863187668151425,0.4609039005773426,14.0,0.45446418164285846,1.2538009653666213,15.228332102278745,76.86989080548538,61.73818594357655,77.59040063223253,59.45945945945946,0.3009448677789593,76.0,77.16491249711167,64.45775584772896,91.94441821919733,57.333333333333336,0.24259980877548137,77.0,0.02976047433870511,0.029760474293304202,0.022503270787505476,0.6452742123687282,232.0,21.0,1.901011151852435,0.682039503473899,0.4497652165296912,37.1699646338218,0.001139184548142245,0.031079080492570715,33.14685852925841,7.290016119012173e-05,0.006651435809023986,0.9805591462893699,0.02620442217704144,0.9621829111133704,205.0,0.9188956283344739,0.03557158321573234,0.8456345133046814,96.0
S17,amusement,11.25670605378615,1.0560527461025098,-0.0232272606845376,10.793644740216669,-0.019488834096222943,1.3751517775086473,12.0,0.7043141097846414,1.5160612527438087,36.536841996953164,4.813157754746272,0.6486947662509691,-0.027511488677763506,4.606538978040168,-0.021852756896960125,0.6383750401262274,15.0,0.4434850441151198,1.2185433173570441,18.58129249509974,74.26453598003735,59.290259363603596,76.70288999335943,56.94444444444444,0.36191149089536107,74.0,74.48787195518541,63.805541386578035,91.29452157790679,55.55555555555556,0.35106919957978067,74.0,0.025361367320443435,0.025361366792593643,0.018965876099884194,0.6467744624104017,209.0,23.0,1.8918678827812405,0.6843674059786674,0.3919734452972316,37.19553460086669,0.0008887279367835817,0.031026290299961935,33.147400945604744,0.00015425414857776876,0.007056256584775254,0.9818313569466488,0.040479146267155264,0.9656313747662152,324.0,0.9187016845055813,0.028495328327727436,0.8448247688498978,89.0
S17,amusement,10.65207516526379,0.849850480550393,-0.0013987178148476972,10.206102967785922,0.0035349368258542485,1.1889253731832248,12.0,0.6842498221931296,1.60764773790347,34.345170312202775,4.34009824815459,0.5554658940886222,-0.008744744637074371,4.157448923463312,-0.006944429562122766,0.5862317838353533,14.0,0.4673063252231853,1.3682213344344367,18.173092265257942,75.62458856102542,64.09929011280543,71.86364561893504,52.054794520547944,0.27064717720667375,75.0,75.09867789769213,66.04063921640015,84.60536325387088,56.94444444444444,0.1056597675795028,74.0,0.018297220646976538,0.01829722031173449,0.014015554999104654,0.6479413235539256,237.0,20.0,1.789297837759376,0.6875107465625818,0.8314543544238041,37.189619742541645,-0.00045905602837399624,0.031105557606014307,33.15636452359048,0.0004204627744443169,0.010437373262986549,0.9815742353557458,0.039549110557239864,0.9650521116600859,325.0,0.918462913297531,0.01418030966799929,0.8437752042852684,53.0
S17,amusement,10.401643946263519,1.2329194438937854,0.013169867879832485,9.929398139357499,0.00759540256489205,1.4463257770993923,10.0,0.9723941712276206,1.776434757542427,37.55913603755785,4.485700176914391,0.9230796958339933,0.002813679835524077,4.348790117414387,0.005674706006813264,0.4795762486088204,12.0,0.5856103411382937,1.6370480843885176,15.039250395016278,71.57481847435156,100.90025292370777,81.41216847910758,60.294117647058826,0.30621305744403005,70.0,71.18679015395992,106.99031552507526,102.56504616511874,66.17647058823529,0.30561091414384445,70.0,0.024570090357017023,0.02457009023359398,0.01837736911243733,0.6422737122853809,258.0,19.0,1.8809913761665076,0.6864546631455046,0.8093817179996708,37.159523698193595,-0.0013576248473458608,0.03392600078537416,33.16364173643839,-6.851950894840536e-06,0.006114773375446201,0.9803571780876003,0.03042715491070844,0.962026008383843,256.0,0.9181762248115494,0.01189060343708212,0.8431889662592867,55.0
S17,amusement,11.822263246257515,1.9640833931657968,0.10462197539486634,11.331588919846421,0.09228296253626997,1.485580180741358,9.0,1.078313430976658,2.059606754742294,39.055497635766166,4.182583294785556,1.0467424492309887,-0.03624298750956909,4.001161774218556,-0.032847618701846555,0.562230822710953,12.0,0.5246586434425746,1.371395535442304,16.997820818386153,61.69274211202892,99.87053766644783,102.74206637687443,62.71186440677966,0.532250652538609,61.0,61.72884142121307,121.09310927933282,129.0235646835262,67.79661016949153,1.2848971593510172,61.0,0.02759700815432166,0.027597006756839078,0.021711597320029082,0.6401066844474079,244.0,21.0,1.9111766987662488,0.6825974839722905,0.5829742704442452,37.10207643261559,-0.0027635366295560198,0.05184234290650543,33.16037982043351,-0.00015570017972732137,0.006776636204368161,0.9808025119542141,0.03327791627304897,0.9630809871671727,249.0,0.9187199207685527,0.029226102340622936,0.8449004578750003,105.0
S17,amusement,14.104628744592247,0.8598223790014158,0.03298648625239825,13.529760300486256,0.029068579442969714,1.5173782542097787,12.0,0.826589345388537,1.751643476581492,41.335495863455456,3.8527453113111862,0.6098928285902028,0.016243992705363218,3.7182584353231296,0.015349258930411044,0.48520776325441595,12.0,0.5852624573855844,1.5492471576416462,14.773649485456126,63.641528378234575,124.07425575557929,111.8693617500366,70.49180327868852,0.39014496273817867,63.0,62.589259268998774,126.72246476921838,136.43944684822642,73.33333333333333,0.22133652551777655,62.0,0.02115126522997822,0.02115126522701785,0.01548470887638017,0.6466077679613269,209.0,16.0,1.808257763546934,0.6590536989694946,1.531536048112047,37.07682975644142,0.0006068557319167441,0.026545909438803618,33.15194361887928,-0.000451938507667519,0.009701625374783135,0.982495851278831,0.039448532488023366,0.9668542844955739,290.0,0.9214459171349502,0.04675574287343111,0.8512486776963158,128.0
