subject_id,label,eda_chest_mean,eda_chest_std,eda_chest_slope,eda_chest_tonic_mean,eda_chest_tonic_slope,eda_chest_phasic_std,eda_chest_scr_count,eda_chest_scr_amp_mean,eda_chest_scr_amp_max,eda_chest_phasic_auc,eda_wrist_mean,eda_wrist_std,eda_wrist_slope,eda_wrist_tonic_mean,eda_wrist_tonic_slope,eda_wrist_phasic_std,eda_wrist_scr_count,eda_wrist_scr_amp_mean,eda_wrist_scr_amp_max,eda_wrist_phasic_auc,hrv_ecg_mean_hr,hrv_ecg_sdnn,hrv_ecg_rmssd,hrv_ecg_pnn50,hrv_ecg_lf_hf,hrv_ecg_n_beats,hrv_bvp_mean_hr,hrv_bvp_sdnn,hrv_bvp_rmssd,hrv_bvp_pnn50,hrv_bvp_lf_hf,hrv_bvp_n_beats,emg_rms,emg_std,emg_mav,emg_zcr,emg_burst_count,resp_rate_bpm,resp_amplitude,resp_std,resp_rate_var,temp_chest_mean,temp_chest_slope,temp_chest_std,temp_wrist_mean,temp_wrist_slope,temp_wrist_std,acc_chest_mag_mean,acc_chest_mag_std,acc_chest_energy,acc_chest_activity_counts,acc_wrist_mag_mean,acc_wrist_mag_std,acc_wrist_energy,acc_wrist_activity_counts
S2,baseline,0.5671560370193242,-0.38487570794719117,-0.5531951874799532,0.5254145408219086,-0.512303311280423,1.4314195008210715,0.0722090901492754,-1.193400005858175,-1.4324096909715582,0.5254213700349325,-2.075098157575714,-0.5370100464767474,-0.29251204188435903,-2.06726162299947,-0.37072021075811834,-1.6855060390174463,1.237972438132513,-1.7909091907791435,-0.16536259603203302,-1.9479866277838958,1.3886292293185054,2.474656697864497,2.769925556690533,2.0390107553454553,-0.6024088589025601,1.1507443671055697,0.2906436159880113,2.150022881501299,2.284633570405442,1.458874328965993,-0.8055376644334042,0.10564241035802387,-0.5620780611254971,-0.5620780538040587,-0.5632185500943413,0.7969813516955901,0.732895212591638,0.8546163892236812,0.6058074602104764,0.6786609278804379,-0.7384725855049947,1.1132291686861622,0.14663832642789704,-0.38843293289779557,-1.1006389529140448,0.5138069392095189,0.2929384602663667,-0.01585345756889621,0.4479688003651535,0.09717615915224706,0.6924030982256947,-0.08965672724561458,-0.5651841097210354,-0.19958079233745915,-0.30808319369496384
S2,baseline,0.17721806921646635,-0.9457764395096608,0.13016935419710113,0.17847438344541008,0.16922110100692328,-0.412618299834354,1.1553454423884104,-1.3105656717423395,-0.8786026182867299,-0.5181293850893588,-1.1803346230607985,2.6739538073071296,2.1941383512205763,-1.19980041890029,2.1761547850974257,-0.2689002727015813,-0.40052049468993006,-1.328481908354143,-0.5152132225782815,-0.8664782219781869,-0.24492057447460525,1.9053780280254813,0.5382120719461337,0.8758237994664173,0.3007694096853263,-0.3340870743209711,-0.349109330270862,1.887377912479261,1.8153864476201043,0.7214992245813873,-0.8015069352630191,-0.42256964143210046,-0.698022087199355,-0.6980220808440958,-0.6603863528385254,1.889290818486551,0.0029492765094229234,0.2719233965711713,0.2299057831495158,0.7854695651145942,-0.9563961723593011,1.0285070985462543,-0.6741998930853168,-0.09441981332697329,-0.8712584654141231,0.19755443096896727,0.21596706477712024,0.025614948749414813,0.5105235895980273,0.1489588130857123,0.6924030982256947,-0.05440600472918758,0.3871798161202144,0.011472938813115625,-0.5648191884407664
S2,baseline,0.23313106202860637,-0.9423832281403182,-0.03520615744245269,0.22989158704871615,-0.05576768835952131,-0.36551891977242873,0.6137772662688429,-0.5054617272759991,1.1719244125879276,0.21814285855809687,0.6701274881996044,0.8194610342887386,1.2225449923162293,0.687214485479982,1.2001895598822463,-0.22306239909908865,0.6918081271916987,-0.6887668326103322,-0.7155725168294992,-0.18309228685805637,-1.477409465635377,0.4516546566087522,-0.10199436631524697,0.7277909470141668,0.37062757037939936,-1.4477106553908767,-1.2839795836030763,0.34179420335368316,-0.21015687163966912,-0.38011591744696027,-0.7062736226182096,-1.3029230610823077,-0.9694462188448564,-0.969446221312112,-0.952623320998968,0.3115104775662788,-0.39520305226269437,0.8546163892236812,0.395916688191125,0.8161178063788542,-0.875283049371037,0.7763095900719336,0.2104857127596119,-0.8824086807482062,-0.5375334027715304,0.6142344832549647,0.2765572245999042,1.41331992846273,1.408844504958499,1.5070953809420837,2.3950336676331423,1.6668001329404072,0.9327164491873924,1.6164879952543043,0.20538879579664135
S2,baseline,-0.628585881380898,0.08887623505797138,-0.6980157240853238,-0.627800260086389,-0.7519500869115107,-0.7254006728514109,0.0722090901492754,-0.23034252036452768,1.1719244125879276,-0.19823034102295167,1.126969235313405,-0.7094677955567457,-0.08669610134755758,1.099120469031131,-0.11953184869492359,1.662169496714508,-0.40052049468993006,-0.2156509949069031,1.5536729095271806,1.6722335054486186,-1.617838302494409,-1.0909220401902724,-0.6652099322731788,0.15903534639183406,2.4993732956101846,-1.6333145855691942,-1.4998777933647258,-0.06275563772321396,-0.13177111466305566,-0.7984673820982022,1.7366004237565345,-1.4789937450123491,-0.8016067823131906,-0.8016067807178631,-0.8897764172483686,-1.751740737483345,-0.6163987904694262,1.1459628855499362,1.1089888687647198,0.6878229441917776,-0.9454781980071583,1.1002835925158403,0.2837032655779465,-0.9906818664052812,-0.49641876522106476,-1.4961251983495623,-0.2898016271333168,1.0893817356353137,0.5848904093862036,0.9560056383121642,0.6924030982256947,2.097611143489394,1.0204670014783008,2.008814788770377,0.9755967800340491
S2,baseline,-1.0527236714963213,-0.5505451177453443,0.7576788815431599,-1.084158935765153,0.7878265549232136,0.13259752936630614,-1.0109272620898595,-0.2892494432930501,-1.402195749561047,-0.3984568354665182,1.5344119114384218,0.27709198199644647,0.9647905818045636,1.5333734101987753,1.0255066581917107,1.4114939426099042,-1.4928491165715587,1.5063547095582173,1.5536729095271806,1.5293433809024812,-0.6054877984510991,-0.07652154141615966,-1.1348134868783186,-1.5894732507468472,-0.7267337476952603,-0.7052949346776063,-0.7799164719899627,0.32549800562856795,-0.7078680252941064,-0.8534661737872665,0.17693075454912324,-0.7747110092921834,1.3675658472782148,1.3675658417851444,1.184577051753767,-0.7201151299585331,0.24626458853682795,0.5632698928974262,0.24804963990482495,0.6579807055550797,-0.526788454303065,1.3045753844634607,-0.14606352680585166,-0.9721396949219412,-0.8725751247120507,-1.1433388471746628,-0.8971134138131994,-1.2954496529070176,-0.4339575225491622,-1.1116622809724233,-1.0102274711817527,-0.8483005144194795,0.3075421992782168,-0.6893425066282309,-0.30808319369496384
S2,baseline,0.4021102266244212,0.602339266216644,1.4870733055011578,0.4170919857588689,1.528326291992204,-0.6862471452041365,-1.0109272620898595,0.015048933708233143,-1.03247008569565,-0.6915005915096859,1.3764478320637408,0.2923348218570852,-1.1749456065839048,1.3615767853685419,-1.217657305959494,1.38734475126928,-1.4928491165715587,1.3845563259971305,-0.8819924421132097,1.4565553317956739,-0.01981061189857988,-1.0002922638506988,-0.8743686907840679,-1.5574639400440795,0.21805644867995533,0.037120786035664044,-0.07263085774387348,-1.4726910243275262,-0.912954630925696,0.029749716278291403,0.02160213502930029,-0.07042827357201759,1.9366096502320307,1.93660966019301,2.144870224866625,-0.6594312706923843,0.3126233099988475,-0.8934625887338483,-1.5920719468169584,-0.8898432729488734,0.9977898033209799,1.0336917810623036,-0.8354133734969982,-0.07630505912170062,-1.1269218593458814,-1.0425315513047264,-0.8811322274162942,0.13483565940036432,0.1149388719652109,0.09925741750148054,-0.6697013573002634,-1.1852332423046565,0.8371824146667645,-0.8646220321980155,0.7188607852882465
S2,baseline,1.045088239750875,-0.6717810100306795,-0.38610386745048,1.0607171696622377,-0.3928278939266794,0.09380952917766087,-1.0109272620898595,1.3188388271491183,1.6495609563052755,0.4428436711200943,0.4528630842566481,-0.6481457283644726,-0.5949395704250632,0.4612380386622369,-0.5077431037787472,0.6844713877194064,0.1456438162508843,-0.02602890552295066,-0.24751463282852393,0.11927692231029632,-0.806977919864326,-1.0504615949531764,-1.0685794843511964,-1.2739529023909943,0.2629623106342814,-0.7052949346776063,-0.6039747150198889,-1.3500376835214167,-1.16415253392174,-1.2723031258809083,0.003170919594248517,-0.598640325362142,0.4348540922056802,0.4348540910401429,0.34281062436118326,-0.7807989892247222,0.6001777696675988,-1.7675020777126131,-1.6123367115875862,-1.964399088146313,1.5490672902326,-0.3429204821885756,-2.0713847862989723,1.7683062981049253,-1.207041560475111,0.015235762432322341,-0.3824068277611704,1.4939798745933903,1.094176860083668,1.4407205438277593,-0.15891218647802907,0.7544208552779393,1.4794106462076182,0.9625283481950744,2.0025407590172595
S2,baseline,0.12546020558819312,-0.3347089008904705,-0.4025145357121581,0.11285511503509271,-0.45518220932179343,-0.3487790781970367,-1.0109272620898595,0.40980659211906195,0.38570856507235535,0.49519265522580913,-0.16724524099101443,0.03906010986823598,-1.1036530578370543,-0.17555445648000773,-1.1058639873453697,0.3047955991798572,0.6918081271916987,-0.5051276952938315,-0.3892724704760162,0.08685369113666896,-0.5427653116382034,-0.3131340284421893,-0.9561304297374221,-0.7265729041069778,-0.5175935297565899,-0.5196910044992887,-0.536516651233123,-0.7454003169225922,-0.680071853104109,-1.1984585943823047,-0.6119370391955854,-0.42256964143210046,-1.1343909970991994,-1.1343910175779364,-0.9829272466391803,0.3721943368324276,-0.5721596428280799,-1.1848090850601032,-1.0066570429884696,-0.4000863128634643,0.6236357736721876,-1.1821069738443188,0.2474932747410565,-0.5143360152659427,-0.6406775644899214,1.809279556747956,2.2218385859252807,1.0695350217630961,1.1124680561021132,1.1360228429660746,1.2031922690479289,1.0939285364313216,1.1933006512362054,1.1841438711596894,1.4890687695256544
S2,baseline,-0.5991203270469871,-0.8701118414714412,-0.08908466702540688,-0.580249264192486,-0.026189322242489342,-1.1982527016824454,-0.4693590859702921,-0.7434526933085854,-0.5832327876649396,-1.1858298433763674,-0.7576796415827,-1.1224604125311632,-0.5403714313617793,-0.7493370294184513,-0.537995323281166,-1.0842260070125322,1.7841367490733273,-0.6711297279236926,-0.7095662966984979,-0.7597276185828769,0.22558200863893751,-0.32304893048711986,0.11432998702427581,0.42760326195663856,-0.47802019186111094,0.22272471621398163,0.4090573658480718,0.4050180042537728,0.3732272493380588,0.4781242897831716,-0.6895189337618561,0.4577837782181068,-0.6366920976683649,-0.636692089077132,-0.739928064561734,0.9790329294940768,-1.788736202965105,-0.019423099755083592,0.8085119292579861,0.5216193231506172,-0.13380577705784807,-0.8884065956193843,0.1404521061231876,-0.5415841553968698,0.27491751930719344,1.3286621850475644,1.1092560695925702,-0.3035734832968137,-0.5259059067290784,-0.40808835807267235,0.1816139274034604,-0.22006638651048002,-0.10206459905310888,-0.22885538426383054,-0.30808319369496384
S2,baseline,-1.5220336808862853,-0.29269679718169034,-0.7414878660903873,-1.4909185863201524,-0.7281440174083014,-1.6631708627014385,1.1553454423884104,0.4352914528530703,-0.6599403925820866,-1.6347984324848825,-0.961467307167317,-1.3786230168938056,-0.09520043930469631,-0.9744373762535126,-0.11634285933283713,-0.47110868315159793,-0.40052049468993006,0.8736554487573215,1.0172029718406121,-0.2183145415574131,0.7245893695555111,-0.15474778382351492,0.49601464972469184,0.4376369325256845,-1.014945599662383,0.7795365067489344,1.015133161534725,0.21897827270839867,0.01636638013376029,-0.10875280524074972,0.985205413546014,0.9859958300082311,0.35896032949694207,0.35896033913005443,0.3386587553793262,0.9183490702279281,0.6886560649502916,-0.31076959608133853,-0.13661500155809556,-0.7376258781229754,1.171366648605857,-0.5301429387297246,0.5814035036638013,-0.2524361893754849,0.6852749331146509,-0.4166177918390698,-0.5319580514776693,-1.0904937324539778,-1.119387892506147,-1.1299410776808898,-1.0102274711817527,-1.2132021422105812,-1.7158614385865285,-1.3358512066544275,-1.3350271726781742
S2,baseline,-1.4801091230532988,0.48988120687799197,1.1344987984384718,-1.4792073868849116,1.1627984396505227,-0.6011988035001945,0.0722090901492754,0.6457130294052644,0.7739607128291566,-0.40323823326869146,-0.569830968497979,-0.12471647988355092,0.9317228914284378,-0.5733747511684015,0.8955897623118229,-0.4299524976814899,-0.40052049468993006,1.112502886053909,1.0172029718406121,-0.07975410076557961,1.686897987772296,-0.23483700294081156,0.7855025920709895,0.40882228884021815,0.039921363775924555,1.7075561576405225,2.0074336195461866,-0.37035973890016805,0.2010346284188689,1.0934910520056018,0.4033180723560128,2.0424199335884796,0.19584847090794685,0.1958484528445987,0.2008861048341742,1.1004006480264148,0.6886560649502916,-1.4761555813863583,-1.7433849818636051,-1.9714571170481305,1.7432274565066679,-0.8521088193069531,-1.1326133248969603,0.3242809047328737,0.959543085345779,0.48310010000171494,0.5984766515276522,-1.0714591158075868,-0.44733714558687715,-0.9508488099489868,-0.8399644142410081,-0.39171614596662485,-0.4886193549323194,-0.446827383867189,0.7188607852882465
S2,baseline,0.31633819685836684,1.169950695994897,1.604245572158653,0.3517795662774033,1.5253740491059096,0.5963378274880905,1.6969136185079778,-0.713861458620641,0.5657491052283267,-0.39032730450756137,0.032944761855008386,-0.3896872915589428,0.18795117475630446,0.05837942805177525,0.2174740272952705,-0.7558907038981061,0.6918081271916987,-0.7938478475032741,-1.4707186952864657,-0.7108231337490304,1.4125331678847945,0.35905278875213087,0.4814834226263,0.22784200244562747,-0.6626779106862358,1.5219522274622048,1.7492308113128618,-0.018089185156406912,-0.03836210331246292,0.6230398492499153,-0.6926528639903368,1.690278565728397,0.39707062835495877,0.3970706351586953,0.22589430952609432,-0.17396039656307297,0.9540909507983698,-0.6021160924075935,0.1967416994969698,-0.4141676690485587,0.549454958500217,-1.2330728674360003,0.5978533173075229,0.12896656606684148,1.3040078834082582,0.00617029171315063,-0.5774729115662319,-1.2996778558932807,-1.2621549895074335,-1.3142045285044706,-0.8399644142410081,0.13711442294126988,0.16437457310844245,0.13094511129410752,-0.5648191884407664
S2,baseline,1.7298737414821743,-0.6495257100351638,0.6884224543187426,1.7069882610969282,0.6079415229083608,2.024536291894121,-1.552495438209427,2.506572835265067,0.8098825985684445,2.7048481195229352,0.2524142939424307,-0.5186899382817742,-0.0035604194160818023,0.22948727835955968,-2.1894065168277022e-05,0.4176482978377321,0.1456438162508843,-0.19860524694526938,-1.0492662643036745,0.3696894044169999,-0.23169510291887244,-0.24050577979912613,-0.5273974755526983,-0.7357123081368938,1.83815516911619,-0.14848314414265354,-0.15236523734779261,-0.6095973829318122,-1.379242528778957,-1.6784480491232276,2.3840361841637434,-0.07042827357201759,1.2186330099348543,1.2186329971206016,1.3967632964652152,-1.0235344262893982,0.8656126555156771,0.2719233965711713,0.9336252582642921,0.6871587718487162,-1.0300340629131346,-1.0217517057718277,-0.049686720952138386,0.07752450994258478,1.2817719368501115,-0.9683039478668817,-1.3582643784941486,0.6302981082471037,0.2966614338922811,0.5213572665532616,0.011350870462715672,-0.373071176994455,-1.0280266422869566,-0.5180737706257647,-0.30808319369496384
S2,baseline,1.488822504823195,0.5182422718570818,-0.7394204858655332,1.5104871879098094,-0.6693703071625905,0.8809695256756341,0.0722090901492754,0.35067201929648917,-0.1452833323691501,0.6683007352895065,0.4296563476948253,0.25998122596268836,-0.025097694310499498,0.4819274643932185,0.043011672423072196,-1.1877453694221556,0.6918081271916987,0.8193493199957784,-0.21872933247173915,-0.850291088547219,-0.4052220704866392,-0.4624881992274525,-0.12879267054135524,0.050276438435840766,-0.7142832175307406,-0.5196910044992887,-0.48382723799502747,-0.5442101286855672,0.11750753137604647,0.5147345363852972,-0.5774232804916494,-0.598640325362142,0.3654279528170276,0.36542795632752956,0.2546863572415548,-0.4773796928938976,0.6886560649502916,0.8546163892236812,0.517259749914572,0.7324247461103046,-0.6567842400127748,-0.9265124193846571,0.19330758535382697,-0.266267801033461,1.0500919517322476,-1.0226270511784916,-1.117556850326639,0.2888371448399653,0.44655321501906037,0.3204609985879716,-0.15891218647802907,-0.4181990749367177,-1.2090767494186607,-0.5835674334081608,-1.0782911779323716
S2,baseline,-0.8026255995278165,2.773115076947376,-2.1570598750055914,-0.8313653638072747,-2.1897531229738245,0.8415162793205707,1.1553454423884104,-0.6956101693329916,-0.39457610604825966,0.3657615569746525,-0.1641790158885652,1.0669177282668778,-1.584171629055116,-0.1725517043250861,-1.5820499319857233,0.23846849665332231,-1.4928491165715587,0.5221296594771903,1.2214567068823439,0.3825153838115233,0.5138953946920789,-0.24378300612034207,0.2718182563505483,0.5293335330039112,-0.8132025117863791,0.5939325765706168,0.2906993043384895,-0.15554818175627264,0.4164238543475101,1.3704990507099577,-0.8260135632409147,0.4577837782181068,-1.4727337369771922,-1.4727337302665768,-1.3002867720468285,-0.7807989892247222,-2.408084269943954,1.437309381876191,1.04625860766026,0.8103245479479116,-0.771499391309197,0.620426186935487,2.508024533581386,2.6799339296464297,1.2974583855864414,1.1215006383372355,1.3206722312997714,-1.0692951237610582,-2.2282822844915144,-1.3123100057489836,-1.1804905281224976,-0.9560236757607006,-1.2133408572845483,-1.047672543504473,-1.3350271726781742
S2,stress,-2.5110271219334055,1.4070156119344361,1.7371654874314002,-2.5282352720618473,1.7366042965963457,-1.3365491365282312,1.1553454423884104,-1.2139639275249547,-0.29388858336865253,-1.4917141960903582,-0.06053474866038659,-0.37273954607568044,-0.7936694310835659,-0.06955158817273428,-0.8325784130159883,0.6334471190129851,-0.9466848056307444,1.990937736996732,3.0600170285743045,0.9334679948637145,2.8794208384025626,-1.5986532002044669,-1.2413982566970103,-1.7008333736959704,1.6618680137541766,3.0067836688887457,2.81908478466011,-1.9970217385001796,-1.6592133465227528,-2.0468120492732385,-0.8043968993482812,3.0988440371687282,9.394920403499757,9.394920410227552,10.241410115874373,1.0397167887602257,0.2905037361781743,2.020002374528701,-2.418828784692616,-1.7860733676416314,-0.9123323412781444,-0.31952067780045934,-0.6598299743889079,-0.27158652339600164,-1.9464114480382477,-0.9239193997317803,-1.2187810147902123,45.693310726139586,17.70610813338219,50.92786653982447,89.3994557643537,9.925550631763043,9.103335917682113,12.043765775915706,29.216556202072336
S2,stress,-0.5864136374368024,0.99745954641014,1.464427069067863,-0.5385268818325935,1.4524729095483284,-1.8262088345661083,1.6969136185079778,-0.9185262445132086,0.13884240217483812,-2.2427198701399704,0.15168836445699646,-0.3014831048994645,0.5748684810223407,0.14242564945767044,0.5903787597872079,-0.2678558969380228,-0.40052049468993006,0.6261462531366844,0.46152601201126914,0.24085701360595546,1.5899363402850624,-2.5060762047978002,-1.5516101052429,-1.8810300283414951,-0.27045955771443597,1.89316008781884,1.5664178495908148,-3.204828558871878,-2.194295812677803,-2.9482935686276943,-0.7515167738189386,1.8663492496584384,6.336234472972952,6.33623440275676,6.652886004581429,0.9183490702279281,0.4453407529228866,1.1459628855499362,-2.884463006738749,-1.841742277378974,-0.7746188079329982,-1.2050029397944446,-1.4255440199205114,0.6766110609442165,-1.9183142932506525,-0.20813338842032128,-1.1558876353303982,39.81154498392356,15.972274598894675,43.83306216389174,80.03498763261275,7.635237511832725,6.228058529873534,8.587389793725043,22.027948349189863
S2,stress,0.5471099556698459,-0.4822137811806785,0.6745346629304612,0.49997771124222345,0.6306858218408748,1.405809315152877,0.0722090901492754,-0.465911393660154,-0.8725145168134385,1.2903993175898785,0.6100449918275468,-1.3971139428567414,-0.13381646035493536,0.6272504923101986,-0.10590127672890103,-0.934070466675861,1.237972438132513,-1.1868528196928108,-1.3799800964165103,-0.4283494942064212,1.3772156900000008,-2.509735664785462,-1.4428110718030236,-1.6946467001987975,-0.36962625983943787,1.7075561576405225,1.2192104790384257,-3.161395119440894,-1.8431158708826332,-2.0212976596524572,-0.7301291672744925,1.5142078817983555,4.7125430016480845,4.71254293437455,5.078784090413578,-1.084218285555547,0.1799058670748084,0.2719233965711713,-2.199595359636224,-1.8445613128616758,-0.7702419331326624,-0.8312703080746391,1.958059018903884,2.363550634263733,-2.145098374300013,-1.8409297430305267,0.47481165215438376,18.841779008462996,8.114903776004969,18.79056525173229,56.02789660396774,10.00084582795604,7.913753876912268,11.458191672019419,20.230796385969242
S2,stress,1.7559652016238028,0.730199520298882,1.476437907755059,1.7617924606433077,1.4938557828574053,0.5585459284293498,-0.4693590859702921,0.5716642748520333,0.6522088868028924,1.0187100689252104,0.24700853527287453,-0.9046748981369549,-0.6229942959143231,0.2391902371157055,-0.6509087214315489,0.4474133007009613,-0.40052049468993006,-0.11660792741630897,0.024848016051166256,0.26013503683768974,1.8827618376676465,-1.8017464115660207,-1.1304900030036527,-1.0373126411241054,-0.34096066826639176,2.0787640179971576,1.4102319116892041,-2.600245068816912,-1.4877899257119183,-1.6784480491232276,-0.8333796506801718,1.690278565728397,4.919768107735071,4.919767993030035,5.236161770442825,-0.7201151299585331,0.4453407529228866,1.728655878202446,-2.202225969312724,-1.8759800801477202,-0.677589747756992,0.47088596156086776,0.5865241054064733,1.1743753493785258,-2.868721736931752,-2.084523353793313,0.8457537074556406,16.792938905600817,7.414166555451441,16.655438802793128,58.24131634419742,10.2053608387985,11.25443216042627,13.612596887614215,35.121484081225795
S2,stress,2.1086344074928736,-0.3461853892730551,-0.6405232152606851,2.099555922435945,-0.6127849941806266,1.2485158644973111,0.0722090901492754,-1.1153710916004984,-0.7056811904910921,1.1740522630613017,-0.10047269812142176,-1.4742376128550805,-0.16529950228865886,-0.08187079168265117,-0.12838378088515573,-1.150459282967026,0.6918081271916987,-0.7218543678890176,0.9976098791883334,-0.8293971900038765,3.05089404494232,-1.1654530380730648,-1.1370416292067738,-1.2757873230209702,2.319692922818546,3.192387599067063,2.5209890457255697,-1.3006302450169998,-0.7753474041141686,-0.7984673820982022,-0.8245634170615653,2.7467026693086454,2.872554994990223,2.8725549162312762,2.851482117143734,0.736297492429401,-0.01917029731125026,2.020002374528701,-2.506854657029962,-1.9009501291361257,-0.7750001586358783,0.37276003220181303,-0.8247299278290822,-0.1926636583697751,-4.050691888934446,-4.071763268574186,4.959099196547476,11.877370725968849,6.704872762756917,12.439272226975136,50.579478781863905,6.754064182554012,11.219586936054668,10.600348276440542,34.608012091734196
S2,stress,1.0780557263593988,-0.6750185429746748,-0.3722184301674072,1.0374596022633167,-0.4001060355842746,1.3800786491806414,0.6137772662688429,-1.6086221735924249,-0.8912231560676446,1.3756389767418011,-0.6459044648453977,-0.08240116460507098,-1.1395088444893535,-0.6274669312013244,-1.0977190956634464,-0.7197722651229281,0.6918081271916987,-0.585392978519989,-0.6898608858479216,-1.147564744247283,3.864838373632748,-1.3657381383386236,-0.9493654681200107,-0.9809697217748461,-0.11751457559209214,4.120407249958651,3.54207896296208,-1.509770061198269,-0.318828543754857,-0.6699308801731991,-0.5524248640480076,3.627056088958853,0.7999394026530156,0.7999393964157274,0.8192180728078652,-2.479947048677332,0.4674603267435598,-0.6021160924075935,-3.385596659743968,-2.9873365359397344,1.3589946386051546,-0.5676632199480804,-1.1734715819069015,0.2640178884405159,-5.518357816794039,-3.3638446968235183,3.656202004277988,3.5488861719214464,5.94857577604967,5.720285987736337,49.72816349716018,6.2653120290388244,7.58651033728426,8.054664261748433,23.05489232817307
S2,stress,1.3201413828222592,-0.4949687855435298,0.988794096249164,1.294528274392877,1.0138778193792501,1.2438053063054455,-0.4693590859702921,-1.2094087835993361,-1.372771138123333,1.3022956530283933,-0.6115305104122828,1.3274891277610572,1.013942498863714,-0.6571169043257244,0.98023795826601,0.43689958707378196,-0.40052049468993006,0.2358204329609155,-0.38393190702066105,0.6481589447101084,2.6130685755354874,0.16679493864229286,-0.4754754454867314,0.13638504025986337,0.3554867230403709,2.6355758085321104,2.4707679978146104,-0.31492759832425127,-0.5533126569279011,-0.9787043861876646,-0.6148561186847193,2.570631985378604,2.9236090520432514,2.9236089429120193,2.6499727815473273,-2.6013147672096704,-0.01917029731125026,-0.8934625887338483,-3.0155184508947452,-2.9639709885981005,1.363003441087578,-1.2661205619736546,-0.27771297988362076,-0.6078879351353899,-6.035726299035027,-0.11238789025707485,-1.3080665534060254,11.816087514121547,9.520313100891096,14.97587842550275,62.49789276771604,7.413702047293077,5.982905224149017,8.285976716056744,18.17690842800282
S2,stress,1.5306409026879675,-0.6260839584261794,-0.4272338007957265,1.5364124251871667,-0.39531734994376994,0.5459856816728059,-0.4693590859702921,-0.7859482748464028,-0.7291631289508292,0.7842169906170267,0.6738273907362694,1.5754696303967148,1.4372146548062148,0.7096883849061371,1.415869435843603,-0.3770144396246422,-0.40052049468993006,1.2672230203047716,0.2584889452146822,-0.43471905530481975,1.1919310134900543,-1.940585711086534,-0.9396389624342396,-0.9023861763666682,-0.12951736865365998,1.3363482972838872,0.9457856922268679,-2.356985511460998,-1.3860629535247553,-2.1712372226572416,-0.6677982360786106,1.1620665139382726,4.01680833093264,4.01680795060122,4.37218362703497,-1.4483214411525203,0.1799058670748084,0.5632698928974262,-2.1934721744042847,-1.8740739555769363,-1.1574106008475245,-1.7167519897223527,-0.577633049938783,-0.41985564181134155,-5.926129920585227,-0.6636051773285532,-1.5729164402286007,14.924217103941382,9.171967276259526,16.913775494216733,47.34448069998975,2.237719012298454,2.565147220577027,2.5436164421874268,12.01524455410356
S2,stress,0.6097291462854976,-0.5124486258321497,-0.44354424452752955,0.5962045198636818,-0.4460842902213755,1.1409608900830592,0.0722090901492754,-0.31037558740464466,-0.01573284045511673,0.9470636574832786,0.5535601569638327,1.1925665492039526,-1.639962683892185,0.571790759334661,-1.6378960819847226,0.6491250296751294,-0.9466848056307444,1.716837314868717,2.399966895332965,0.5914203903311408,1.3231285386963245,-1.7266387806106458,-1.0759516429319251,-1.1038997276277756,-0.4915031468075935,1.5219522274622048,0.9562604216715663,-2.422689512510674,-1.4515475401165798,-2.0304403159332387,-0.6643089308308214,1.1620665139382726,4.023487876156784,4.023487887123191,4.308154190799257,-0.6594312706923843,-0.350963904621348,-0.019423099755083592,-2.2110446721565373,-1.8772010401811503,-0.4977596919182584,-2.272941395255672,-0.6367721837102459,-0.23922137494754855,-6.241102525361321,-1.745184465933423,-0.01213358221032801,12.846148157139437,7.463700985677091,13.789755566661142,46.833691529167524,0.9528095992573208,3.2860259804160274,1.6619974119015914,14.582604501561587
S2,stress,-0.27164846457299885,-0.6047237111961835,-0.4363076666039125,-0.24575351663997108,-0.4363392016784835,-1.0972777495248507,0.6137772662688429,-0.8650499402349346,-0.01573284045511673,-0.7243770999556152,-1.3272508577402846,1.7774150909331432,-1.9794974837295571,-1.3389048456190884,-1.9750996723869818,0.39468617185515664,-0.40052049468993006,1.2671301734004747,2.399966895332965,-0.15341686447358102,2.2488587290764546,-0.985132726772622,-1.154798780635267,-1.162366437728559,0.12863674531718175,2.449971878353793,2.103861688751516,-0.9441583467171866,-1.3859222426710913,-1.9360033663012837,-0.4201347369524519,2.3945613014485625,3.519925029824536,3.519924750714973,3.5963391433687715,1.5858715221557262,-0.350963904621348,-0.31076959608133853,-3.082609758065643,-1.9130824304339653,-0.6016562290016497,-3.913661533886887,-2.737333646675643,2.8506992700854648,-6.858029110117337,-2.0528555170787604,0.6509978738516219,9.003667843725909,5.26530105976893,9.234723070770713,41.0447475931822,3.857201383996304,5.800487582566297,5.130436405732849,21.00100437020665
S2,stress,-0.15542214319017816,-0.2260730024469607,0.7339985849297479,-0.18511681076553113,0.7458759331811682,0.3045420971601935,0.0722090901492754,0.3504781521519173,-0.7658572294150563,0.6957929827120758,-2.151061821085681,-0.9791987672141225,0.33297491822108005,-2.162105450806342,0.3443835258742037,-1.3990421596929248,0.6918081271916987,-0.1751694582727694,0.02808459914957637,-1.3808510029295316,3.0886483888595895,-2.0916594132839914,-1.5192178441643218,-1.8034468203215053,-0.8294654723762896,3.3779915292453806,3.0551808912689618,-2.273538537286868,-1.5944981535298703,-2.22464294589738,-0.7714642296354057,3.27491472109877,5.007602903382937,5.00760285222656,4.839899133859941,0.06877504050160294,-0.350963904621348,0.2719233965711713,-2.1904225466116864,-1.8480582657693998,-0.7365908295780231,-6.049038257367997,-1.6482070614392559,1.1075182354280364,-7.294481347212341,-1.103209043308168,-0.5749651030985636,8.16467754215461,3.5683014344585327,7.534477921380044,26.572387753218898,4.12415139812979,5.9748472577640745,5.437479609560879,21.00100437020665
S2,amusement,-0.9494252712731241,0.8451963912865356,-1.1473472840657901,-0.962881451355526,-1.1521755809623806,-0.6458676295645454,2.780049970747113,-1.2009804273137294,1.0372502916740045,-1.0993452216018775,0.7304413824909562,-1.3042178278552192,-0.1718139063627821,0.7357590647686009,-0.20015884023841327,0.13377455914608447,-0.9466848056307444,2.532199362508679,1.0869793541154205,0.9031702418378045,-0.09743283515406838,1.196427767178771,1.0455405468467582,0.6214891903055594,2.4212597747937394,-0.14848314414265354,0.11389462816480957,0.23390349995000104,0.5140671660898889,0.5843593803696945,-0.5762404210999058,0.2817130942880653,4.280139855460562,4.28013986575025,3.382375558968262,-2.844050204274346,0.33474288381952066,-1.4761555813863583,-4.132178756894047,-2.6686003619932164,1.8592020170003722,2.3639619947061874,1.0351326779152727,0.2409769651413963,-1.9937457215297054,-1.6236025322137613,0.08792344043534331,5.937866845815456,3.607112845416248,5.91877399595086,16.526867393714955,9.585283765950464,7.657404287312282,10.965459567102412,29.73002819156394
S2,amusement,-1.6079664836343488,-1.3314068593299615,0.5941271795526096,-1.5898229135365856,0.606962336693573,-2.4034962443430654,2.780049970747113,-1.8781950243782803,-0.4697723704986814,-2.2455243785402996,0.49479672315999923,-1.5773086446581177,-0.22276064212126054,0.49175812979595435,-0.1990948014614882,0.3182105354642531,0.1456438162508843,0.8991810117661836,1.4040097203626638,0.6264042703039562,1.1725666931836805,1.0315282195701048,0.35389734423101765,0.6717559124700956,-0.06504178821843748,1.1507443671055697,1.0405168733518209,-0.39986230875432954,0.09967623207908327,-0.4816743419691932,-0.6474100713735291,1.1620665139382726,4.201431813850913,4.201431664772138,3.852204812917437,-2.05516003381421,-0.2403660355179821,-0.019423099755083592,-0.5146854065046164,-1.0623037164094824,-0.4745944016081238,3.8963203513164375,1.6975907224288926,1.3401914394268566,-1.8764982618468133,1.0799095658449933,1.0065406066999725,5.9905172754149945,4.105059941060416,6.25416594033821,19.421339361707616,5.064974893197436,3.9385943111740978,5.437215945467179,15.8662844752906
S2,amusement,-1.5429134360223355,-0.8358776148976858,-0.2548346289841496,-1.5105195721504088,-0.3079077497523223,-1.82702764103539,0.0722090901492754,0.44202977726497833,0.004406243489651798,-1.6882356767757727,0.130353289118441,-1.2028226407698392,-0.5159162333744757,0.12737186230254466,-0.5312338759976951,0.20279995198440026,0.6918081271916987,0.6150935123467337,-1.189769523948236,0.32206787071867193,1.8601730632387898,0.5752115942697686,0.4622295628884361,0.7150234707889351,-0.060648152172136316,1.89316008781884,1.524593773736234,-0.8321027100292443,-0.3034276495866551,-0.7870390617472282,-0.18525356647785046,1.5142078817983555,3.4140933964075852,3.4140934048423976,3.369022008593982,-1.9944761745480208,0.04718842415076929,1.437309381876191,0.6411115003595608,0.35453387451211926,-1.0014350886315238,4.924303347663307,-0.02692854523017308,-0.6961660015087201,-1.6258361562311838,-0.8623456997701193,-0.596803134326816,4.4079273383539865,3.0698345622276255,4.494730975089874,17.03765656453719,1.8986992936759637,5.065747667379638,3.131263046887127,17.66343643851122
S2,amusement,-1.4006940934549634,-0.5633510491157095,0.428031449097798,-1.4105833790526392,0.4441561575910901,-0.7296063928293116,-0.4693590859702921,0.564669826652303,0.004406243489651798,-0.4410770872633285,0.3887836960573016,-0.29686482768629535,0.5644543991629004,0.37170252672530496,0.6022659496239754,0.7516948751733967,0.1456438162508843,-0.23560554610010262,0.49302756640207346,0.8949835442567173,1.3651031404044778,-0.39487467397985776,0.32882866477827116,0.22784200244562747,-0.04928299957679913,1.5219522274622048,1.3176580977863324,-0.6005383408561817,-0.02279235958273453,-0.28900489066266183,-0.3161043610103193,1.338137197868314,5.080778258350736,5.0807780112344565,5.182657241211288,-2.5406309079435214,0.2683841623575011,1.728655878202446,-0.0350833555261651,0.3721877868117415,-1.0739920355837802,4.478724527972131,-0.9144727270117926,-0.06274557051364732,-1.3017517728602963,1.6102785328504294,2.7174698666535244,9.968670034814187,5.2170695654136185,9.911209782205752,41.0447475931822,10.403106427772963,11.423380617344238,13.896351871549845,35.891692065463204
S2,amusement,-0.7443350001504014,-1.2968137184593698,0.3590689944036186,-0.7299093442780198,0.34546679196663155,-1.6246473547049405,1.1553454423884104,-0.6875789128192336,-0.5904450237033165,-1.3368649433090734,0.7127311153082461,-0.3623270464749413,-0.07753619151848275,0.6856212736670655,-0.21923915641655556,1.707776969895639,-2.5851777384531878,1.0081350477219764,1.2649868796065522,1.6460795891163584,1.5750961337606249,-1.1295152718512727,-0.1641494598337094,0.014421853395402593,-0.5877751673126922,1.7075561576405225,1.895308167169707,-0.33420883311590627,0.2822057681167568,0.16951135162932526,-0.36261915295660113,2.0424199335884796,5.695684404783557,5.695684396261729,6.131470187592861,-0.17396039656307297,0.6444169173089452,1.728655878202446,0.5507278598293865,0.319378190489664,-1.171035637643687,3.5978970034510103,-0.7367338616835098,-0.336830434990252,-0.1308197164034182,2.333389246406549,4.3329929582333095,21.980353261922446,7.724568316753466,20.75433448253121,44.27974567505635,22.871464787174727,15.077781906622468,27.46318652533937,38.97252400241284
S2,amusement,-0.5578717307049236,-1.4841870087150448,0.022644209738233684,-0.5536399565304022,0.018658617275904593,-0.8993490656326136,1.1553454423884104,-0.428703346379699,-0.30905208848389265,-0.5842853389374666,1.0359421002959017,0.8695313413311268,0.5424253517007311,1.0336092431569828,0.550456552608659,1.5290737096822096,-2.5851777384531878,0.7728037861079494,0.0700781249955632,1.382147014274667,2.4876972025116073,-0.8429312876164712,-0.058467496777541886,-0.1107092084525506,0.028025555875712087,2.6355758085321104,2.9968214224126233,-0.7474647055124232,-0.18219553607801747,-0.28261664625594607,-0.37124562366240527,3.27491472109877,6.850274543396109,6.8502744059873635,7.433065025832205,0.736297492429401,-0.12976816641461617,0.5632698928974262,0.4952650189393333,0.1873776364238654,-0.5083756419702118,3.1379121952215976,-0.2113933141904363,-0.7741187353389489,0.630923472423354,-0.2539493155160711,-0.685584471577787,19.09966150273137,7.623914902103037,18.539574951890252,43.428430390352624,17.090557659171886,11.594470518638271,19.820032292487948,36.918636044446416
S2,amusement,-1.28008159946092,-0.23825019624379887,-0.6929473968532198,-1.2395997569632233,-0.6407936494051291,-1.5880644413609386,1.1553454423884104,-0.28303560543621653,0.7504879048539405,-1.6347987156635708,1.7323893508012511,-0.1895744764401949,-0.11134776877038345,1.6988140313546551,-0.05202440506203924,2.0954171997661257,-2.0390134275123732,0.5480513885839591,-0.5410850076726534,2.124407739715198,2.2874662342312853,-0.7718796693227605,-0.3196452437413946,-0.7872050479151981,0.0023588880462125737,2.449971878353793,2.3420590322394887,-0.7783629338247631,-1.0357050314635021,-0.9787043861876646,-0.3267093757488469,2.570631985378604,5.456782651083482,5.456782626535452,4.842450504858418,0.4935620553647655,0.13566671943346204,-0.6021160924075935,0.2856344588988674,0.13991523414800264,-0.6564212281389645,2.851626294554289,-0.5278946811015889,-0.337362251639823,0.9800645987219628,0.656330907040023,-0.12936220101196805,11.841819363131663,7.710020436060897,13.26614850010747,49.72816349716018,4.850255397559448,4.307216027075505,5.386072570708179,20.487532380715045
S3,baseline,-0.05647754659590638,0.9714940358262069,-1.0733319074708263,-0.024535608629337843,-1.216712332734385,-0.7675091310213027,1.8483218987720336,-0.3049505894817433,-0.17102388883914263,-0.6399359728876332,0.8478930259774552,-0.319962342556014,-0.21924561005288654,0.8545413568823994,-0.26450535243321216,0.5034592223693839,-0.4273273869671516,-0.014686677505631908,-0.6063317295306586,0.584694565936009,-0.3712301255910911,-1.289560985792902,-1.0450431561004296,-0.45014575182530153,-0.7606767821773407,-0.36220609535500936,-0.3884041109748491,-1.605162772024173,-1.3275191602093392,-2.051981487841295,-0.8772900924617637,-0.3514877034168098,1.6394714338875427,1.6394714514576612,1.4621762595166343,-0.4690461717932965,0.386330377466669,1.1954361432836687,-0.7441627725213737,0.6676555964299032,-1.0319620066536903,-0.14424381115702234,-0.9779187793525501,-0.3987489564494221,-2.4087190408182746,-0.07201405410794726,-0.9788513759500624,0.7099842291604781,-0.472176756890548,0.49844678748534355,-0.679454929979625,1.7057673754926397,1.764734552623073,1.8901401128610478,0.46315123681968634
S3,baseline,-0.507036369376492,-0.32700285918939526,0.32672854220767805,-0.5078282586824718,0.4786046929481011,-0.20628874635322966,1.2584319310788314,-0.33176011062271626,-0.3226841367273943,-0.20722222446822192,0.3939752613804381,-0.3466135129105425,-0.4741500886706786,0.38108581817389003,-0.38019338900161687,0.8697980997465096,1.7093095478686076,-1.5112691527805548,-0.7214263729596387,0.20400634039589224,-0.5909913337079346,-0.656070792596072,-1.0848326675415645,-1.1179183880302217,-0.42847627715252634,-0.4687372998711884,-0.5930422421120625,-1.3764092568757014,-1.7133525772350666,-1.9747595214273763,-1.0153863780545336,-0.5711675180523158,1.3153564936358035,1.3153565006564545,1.0773487591751303,1.2681618718856993,-0.4955107015333364,-0.18391325281287205,0.9441502298127288,0.5273154298359949,-0.57732330181905,-1.0486194139284912,-1.008274048460129,-0.4629976555582193,-1.897147479287729,1.0910410179067496,0.7370150361574659,-0.40584141785983174,-1.7076510466512276,-0.6544279119401027,-0.21619020499351765,-0.9745975976216861,0.1594221327991935,-0.8518526792080702,-0.33082231201406087
S3,baseline,-0.7550903341331595,-0.15823377341902622,-0.7579182180975246,-0.7501835895506502,-0.8070282614532716,-0.8369037853445285,-0.21629298815417386,-0.6792695131528435,-0.27184933716303133,-0.8158410681166096,-0.4917461156665888,0.5634568384789619,-1.0145246279390798,-0.5390804606661301,-1.028459806331689,0.4809874314878433,0.9970972362566879,-1.450337810007583,-0.43091671713327057,0.5741307036072772,-1.4452765392750788,2.1887244626756877,-0.9854765973284257,-1.1113393472794328,0.6121467943395152,-1.4275181405167998,-1.4796056638561017,2.130983101081508,-0.7883472272623268,-1.0693985358848848,0.048203719408471436,-1.4498867765943395,0.5785475466549593,0.57854752175601,0.5657746287621691,0.5732786544141126,-0.24355610753333484,-0.8735879508611424,-2.3673912140701168,-1.6481181320648197,1.5495447060500875,-1.547352719278963,-0.23535095906803982,-1.0927746438511794,-0.6854764210793876,2.1488466246853006,2.977447081899764,-0.5520076938757131,-1.5133390582523005,-0.7545881882391741,-0.44782256748657134,0.6132321745884536,-0.6075487779777711,0.40989135780927216,-0.5293156992224977
S3,baseline,-1.140736987733635,-1.1894750880422247,0.19347770980670573,-1.1297510237653237,0.19675361402352867,-0.9083091029058664,-1.6910179073871792,0.01974063736102114,-0.43852159515230493,-1.0414641810341057,0.5195503151082276,2.596888967506941,2.276242149433095,0.5211880792937771,2.302228515930944,0.4953545906365677,-1.1395396985790713,0.62088739937904,1.0780568232298606,0.4751781841458599,-1.7405791370668906,1.2688745509715995,-0.3888857866046423,0.1309031653919667,0.9767925722752008,-1.747111754065337,-1.8198298078013209,1.0434618260807949,-0.28498754962235084,-0.516122378053363,1.1225124206891182,-1.8892464058653513,-0.9701080812967913,-0.9701080654663362,-0.9101797600657783,-0.2084649652414587,0.5910434850916703,-1.5632626489094128,-0.4822822140287758,-2.3808641595789273,1.4100278977264193,-1.0044488089736165,0.6164351589312947,-0.122217374385538,-0.15125729809683386,-1.0312309086684563,0.259205389999984,0.9745611224033895,-0.025024187412279623,0.8128354227213687,-1.1427196549657324,1.6800672595157158,0.13978279192047757,1.4787507306342544,-0.13232892480562405
S3,baseline,-1.0449629291320035,-0.9101215910787143,0.10876494872526339,-1.0441734785670629,0.14456942940695033,-0.5803451542557133,0.37359697953902826,-0.4921284796112449,-0.025686836931972136,-0.6238021396146799,2.102670585901624,-0.17134339216168523,-0.2259300928951417,2.1084240324251664,-0.251626780681682,0.911206748609787,-1.1395396985790713,1.443432205568976,2.0120429372471746,2.023745547836883,-0.9265563507987098,1.1671507057172568,-0.34259334360239907,-0.6563243998701382,2.4637606569540282,-1.0013933224520837,-0.9356813677629903,1.436746731301476,-0.04654945673786166,-0.15381573276368893,2.0009429937707566,-1.0105271473233277,-1.2197868766562554,-1.2197868683123094,-1.5421807071416311,0.5732786544141126,-2.274940021658347,-0.18391325281287205,0.17420984734815362,-0.06962680892109895,0.20730915081389442,-0.24642827672678166,0.09284910131144941,-0.5793923514342847,-0.17062307006910593,0.522584923359388,-0.1188664287865752,-0.0411962956635249,-0.3902603885411045,-0.13314648031425935,-0.44782256748657134,1.0173560298768842,0.1670550755027611,0.9010287376132469,0.46315123681968634
S3,baseline,-0.8167369118020057,0.22519395330385839,0.9082315438675892,-0.8473400929386646,0.7654459902338228,0.40710029530726344,-0.5112379720007749,0.25071076594468245,-0.2661804271172114,0.07559062795896615,0.9390799564293856,0.17545786750285322,-1.1951900926607584,0.9328629439945464,-1.1475865054535628,1.0613764869385667,-0.4273273869671516,2.143617533365245,2.0120429372471746,1.4196340927211304,-0.270995684151116,-0.008522438825744019,0.9134524311156699,0.9393190502159917,-0.788969605037642,-0.2556748908388303,-0.10711682860455653,-0.28609266597354543,0.4730191124736878,0.6882951489040359,-0.1670599333431722,-0.13180788878130387,-1.1011625555226494,-1.1011625398480962,-1.395596293399412,-1.7719522045525433,-1.8970081306583448,0.8505987942595334,-0.2725569687139619,0.8720520869822044,-1.2202844018480004,-0.3734278591197174,-0.6733976804150614,-0.10403888054191886,0.3571618665471118,0.6371710308193308,-0.009767592920485433,-1.6216626670423409,-1.0549244512320946,-1.6078799508344375,-0.44782256748657134,0.04375564983855658,-0.043795939409556756,0.004614159379305858,-0.7278090864309344
S3,baseline,0.3766422718979648,1.7910745431728539,2.489892804186562,0.3798650717713496,2.4840534842149102,0.22005058995070323,0.0786519956924272,-0.05728248846424614,-0.5552838492480405,0.044155101290558614,-0.22830561341789798,-1.042993476773963,-0.40217890698322245,-0.25044894260322,-0.4117140423477228,0.6323706636935021,0.28488492464476817,0.5198985857443185,-1.0577373131509786,0.28197109551912625,0.4678202876864638,0.15892235692043719,0.51066778165998,0.05444936049495739,-0.596058281534851,0.49004354077442297,0.7133498521045231,0.10852564195945219,0.17268919109498726,0.8527524795745565,1.927496580074233,0.7469113697607199,-1.6420975354857708,-1.6420975386103445,-1.3632041371989065,-0.2084649652414587,0.7957565927166714,0.8505987942595334,1.0650972855840648,0.8657322325585892,-1.0217916852821505,-0.35147312125040236,0.2301646762388638,0.23013970996116578,0.6716060467451489,-0.3454217127596555,-1.1328717123681176,-0.2804589076873683,0.8925670183200889,-0.061866076923355,0.9419716074717508,-0.785613438912342,-0.21523173747126254,-0.7553299874014953,-0.5293156992224977
S3,baseline,1.2186227155657174,-0.7160423873511099,-0.10803937256964229,1.2087164427213661,-0.08854045076732678,1.0429089513928473,-0.806182955847376,1.1983289861519681,0.7230444567453803,1.1228914958686953,-0.8041033656305681,-0.9375207825856281,-0.5419131561836164,-0.7928575502617687,-0.5055202814416745,-1.0193221117323528,0.9970972362566879,-0.28361289947434504,-0.23889026643851247,-1.0902902356116613,1.0241163460459315,-1.1437495897373309,0.1780383386533788,-0.5290536294720902,-0.6367936596721565,1.0226995633553182,1.1009239664806798,-1.0761013328802782,0.34996069339239294,0.8452722890957153,-0.6876386723688447,1.0764310917139788,-0.7671642586766406,-0.767164242516262,-0.5928287509836534,1.1813014697017727,1.047711186716673,0.8505987942595334,1.0604498113363503,0.643839416132256,-0.392588526194664,0.6446175034642361,1.0586533631703157,0.6878075721391458,0.9128207417880798,0.1886472972727014,-0.3719684848611914,-0.028912773328950116,1.2672567025410746,0.2496910216199521,-0.44782256748657134,-0.8269220167116607,-0.5929116385280757,-0.8539949204495276,-0.5293156992224977
S3,baseline,1.036820327127559,-0.007218774649253201,-0.28430567507060617,1.060303961049716,-0.20689191012484628,0.7041563168192149,0.0786519956924272,1.2381933796537643,1.1395125941563862,0.7437793853866801,-1.5278123505122836,-0.9612140602947322,-0.5216033105339429,-1.5358915404543878,-0.5270014062855022,-0.1551427852455869,-1.1395396985790713,0.8480087331473529,0.24640321946424917,-0.480664275174864,1.220407712066999,-0.13520205181738906,1.9601134540042477,1.5764394960300487,-0.9277488458447452,1.1292307678714972,0.9936493499239921,-0.2128221990440026,1.3603321943345954,1.0118000296309155,-0.979536559171946,0.9665911843962258,0.6698150325546408,0.6698150366641452,0.7836569730901408,-0.4690461717932965,0.6382849714666705,1.1954361432836687,0.9008216954066252,0.5576580429648135,-0.03779401286624321,0.4278651238333817,-1.391365399514021,0.6709325271603689,0.9969804416830454,-0.8046922763586046,-0.2859814034660615,-0.5446492558013264,0.33977646346108065,-0.41787169804926083,0.710339244978697,-0.7099929703466742,0.24795095390881491,-0.6017450925225497,-0.33082231201406087
S3,baseline,1.2482988528669585,0.5088044775814065,0.4786155247887491,1.2317472614563398,0.5211837981263406,1.1830262722274325,0.37359697953902826,0.919991974471642,1.2153847737373475,1.477709435878597,-0.6286100712829417,1.372807061431706,1.3252835672411507,-0.5951074227201254,1.3874767300986883,-1.1452239569202602,0.28488492464476817,0.26580613671575454,0.554971170373173,-1.103907760873709,1.4277178505732184,-0.12529305597960075,1.966697541722299,1.5801075236279756,0.04056389888908162,1.4488243814200343,1.2125554180461677,0.2817993433189347,2.070543772826128,1.0670325702428218,-0.9854658985511788,1.1862709990317317,1.1972229427620795,1.1972229474666802,1.3112427376954392,-1.5113709980007055,0.7957565927166714,1.1954361432836687,-0.2534968629347525,0.4368168299312784,-0.2062066615175867,-0.1226147538674017,0.09985454664903427,-0.7228205263706585,0.7666782539002717,-1.129172379120445,-0.15825989103189253,0.3415932033732776,0.8238799060640932,0.45694814868349737,1.636868694950912,0.003677694658715681,1.8973331962173048,0.43109260799239046,1.8526049472787438
S3,baseline,1.3411398589337196,0.20984052694703956,0.15991621772353437,1.3408065985508066,0.009057026455828763,0.9702425690263037,0.6685419633856293,0.7940008618403074,1.2053203841888833,1.1488890060744097,-0.3434525035317367,0.8484707552079711,-1.2200803256646202,-0.3273624751149072,-1.2870966411271687,-1.300930436342252,1.7093095478686076,-0.631013594360534,-0.05545949848164224,-0.8420564955162876,1.368354876520042,-1.3558015092406892,0.021913453168562528,0.3769944715075161,-0.5005092331373515,1.4488243814200343,1.4033271801517595,-0.6231448410057434,1.0763082008062053,0.36947874470943043,-0.21718265954036045,1.4059508136672376,0.5879788083547173,0.5879788265992607,0.7563213159972594,1.094441067517846,0.5280548365916699,-0.18391325281287205,0.9188542850038026,0.5647761503393456,-0.40664554697495015,0.4700839050279604,-0.022086192242299546,-0.7544278129494925,0.2583513452817105,-1.88957631416309,0.6918827726409472,2.0122443641629584,1.5121254590048285,2.0730136675748625,2.331765782430073,0.8599579349321445,1.2964515157096712,1.0191757200934228,2.646578496112491
S3,baseline,1.1790772038449056,0.14967230783629687,0.1782107387086553,1.178326390356665,0.263720306051522,0.6311835060622106,1.2584319310788314,0.2021423730547614,0.8315674343402929,1.0089605512570154,-1.363595882220083,-0.768905521929426,0.14494129467066397,-1.3412122175743244,0.14663548692276357,-2.051314228036381,-0.4273273869671516,-0.30609033302392785,-0.7255068408985312,-1.6138706282005189,0.6583490265826246,-0.42438963721355216,0.27009659318913565,1.1269870234787118,-0.43638296668641746,0.5965747452906021,0.7596710378591695,0.20164592456982192,0.12319576812993874,0.34783962225278275,0.4843950820286201,0.7469113697607199,0.10295900019720979,0.10295898457572396,0.09097413639139154,0.9207202631499349,-0.4167748909083359,-0.5287506018370072,-0.9776791594507092,0.6372361229215583,-0.4936248456603352,0.0567700367719845,-1.2776383483467302,-0.04275227674210504,-0.11246779211615977,-0.37165285198630954,-0.961634095998803,1.4513002951475626,1.0717153349635131,1.4739423858170293,-0.21619020499351765,0.3311464144125738,-0.8663855648704923,0.12379072664950144,-0.9263024736393712
S3,baseline,0.1966525914432174,1.7297306558637227,-2.0711623893288533,0.184498589263082,-2.008370305353562,1.2669897769002654,-0.806182955847376,0.9975229972767865,0.3468260257035538,0.6676885098898161,-0.8156322126371865,0.007105505245779182,1.1095492324261598,-0.8316932759230853,1.024736362258607,0.5323152746202636,-1.1395396985790713,-0.536868312816464,-0.8680922043659571,-0.4638866007894131,-0.16546950263082866,-0.5031203487046654,-0.22452994519506284,0.4629311180875487,0.09533729416200487,-0.14914368632265126,-0.2283670672839298,-0.08567149178908993,-0.13889224520880578,0.2382014018057694,-0.31609437926460027,-0.13180788878130387,-0.2528379464426246,-0.25283792977333636,-0.3169003115544124,0.8338598609659504,-0.6529823227833373,-1.2184252998852776,0.5042984805482222,-0.28665929853841715,-0.44135139390411193,-0.23017006561696368,0.28579610196688077,-0.6147160722443663,0.13135545594358392,0.2803941026491585,-0.39426529547936184,0.2794315165780342,0.14865426596059753,0.25032079788802575,-0.679454929979625,-0.5605677845240852,-1.4476793794623697,-0.7322325489673855,-0.5293156992224977
S3,baseline,-1.0135980768031467,-0.4323352024920519,-0.6444640559655592,-1.024279899414578,-0.6244260733046806,-1.0747701945840797,-0.5112379720007749,-1.380605405822423,-0.7455157489635166,-1.1385810708690693,0.33933775935923766,-0.34382610524650187,0.8994203943317481,0.3595546683912354,0.8226500931203555,-0.7966034994840117,0.28488492464476817,-0.46992906498825787,-0.8453263802729482,-0.5772067819558462,-0.5716986239672093,0.1674984979899729,-0.8770505538410748,-0.8375116966368137,1.6160601571157576,-0.5752685043873674,-0.5735852460221234,0.13170685195149331,-0.5891518141817021,0.2197274047233777,-0.5859484543442456,-0.4613276107345628,-0.1357642321504792,-0.1357643292107225,0.027835038361427984,-0.990208584896972,0.7642622684666712,-1.5632626489094128,-1.0454766638008561,-1.2812748493758888,0.5283813541295873,0.6756330459943793,0.8368818839560515,0.21101678673482416,0.4402801895970716,0.013838470441604146,-0.5915970589021385,-0.9388186400424313,-0.09092421102382214,-0.8477653315466344,-1.1427196549657324,-1.3760479666994736,-1.11078942896795,-1.4093684876426038,-0.33082231201406087
S3,baseline,-1.2626146661036892,-1.8453808243096121,0.09538358848827475,-1.2561723636212365,0.08858099227706848,-2.0515321632215215,-1.3960729235405782,-2.374635388599722,-2.6649098487292258,-1.8228174566144124,1.0607512107429196,-0.6718078009157197,0.05937957348112971,1.0559969861569227,0.11997701677247267,0.9816684996584297,-0.4273273869671516,-0.6378427489633769,-0.35382976432948976,0.6085222479601101,-0.08396880228644261,0.6905398356329868,-0.8725675432996703,-1.5458379957207211,-0.7290457224925591,-0.14914368632265126,-0.05784447014833798,-0.06946486067095944,-0.7372489026004738,0.12567796503120252,0.24805223112944816,-0.13180788878130387,-0.0024297718157476255,-0.0024297554385312834,0.045560111354201065,-0.8164877805291187,0.4335718638416693,0.1609240962112631,0.5751642204805555,-0.1065386596167003,2.134309274000801,2.793809214826472,2.365396575174941,3.0949899545316826,0.8904567599820373,0.7612370300302737,0.3385130590665298,-1.3555670795249413,-0.8016750503119098,-1.3376525939450525,0.24707451999258973,-1.0212187584995207,-0.7883877519938159,-1.053960436841946,-0.5293156992224977
S3,stress,0.38728017369591056,0.32078507864859745,-0.9983094502081914,0.35501543447626627,-0.9075244814159691,1.3212902995968983,0.37359697953902826,1.8381657473845336,0.7743239029095248,1.4348846173721874,-0.6173989666215961,0.16486947014914277,-1.061532046288404,-0.5968454511486361,-1.0139076799591058,-0.8788250984888332,3.845946482704367,-0.9195488026048863,0.8843531648141317,-1.3283564465277067,0.7556523221472184,-1.1403357874707138,-1.3933643082904934,-2.2528872642173385,0.8324948799390237,0.7031059498067811,0.7573892255622288,-1.3554330796383227,-1.1904791164217499,-1.0109511811220158,3.2416855035448755,0.8567512770784729,3.655974697084259,3.6559745334148466,1.462890588281802,-2.3799750198402037,-1.0151670516583395,1.1954361432836687,-6.772278632427765,-12.331305032377871,-1.3112490672032548,1.1475086607310632,0.9369438164515936,0.35299480519638454,-2.839149380660672,-1.1842500771192208,0.1438660230982889,5.951540574620334,6.913600497325177,7.602446761300365,46.11028229361722,3.7512016002083852,5.979912179464421,5.372247562643774,12.372754469325894
S3,stress,0.02384370479852453,0.8136026980771511,0.7238858488270459,-0.015587272720965292,0.5743322571190358,1.0462276045984078,0.9634869472322304,0.3961144993162465,0.8487593316513236,1.0884253019016248,-1.00552639289446,0.14728686084893344,1.041293533159961,-1.0284048895327529,0.9255326723996845,0.0075650620621734105,2.4215218594805274,-0.9054277426996638,-0.796333907597588,-0.4875522260154078,0.41889619263663025,-1.189849914631354,-0.46952648363224037,0.3908461020417973,-0.6914845710696023,0.49004354077442297,0.3750039523235145,-1.0706505850782615,-0.19397310147390684,-0.399431406583442,-1.0481684431672333,0.41739164780746096,4.931316792032139,4.93131679840626,2.121578425146332,-3.9434622591512882,-0.8891897546583387,1.1954361432836687,-6.463974758284747,-12.193038272789904,-1.1516335477603838,2.2549774599197403,0.4990289392951634,-0.22189630334899585,-3.2711047353818565,-0.9701766744970147,-0.19666599792163703,3.3963411808320525,4.419365051699821,4.250368004347698,43.793958668686685,8.149457142280342,9.7829380213519,11.60093655241912,24.48085108904054
S3,stress,1.0516962755895898,2.4032233862887407,2.9264745474017566,1.0515010058715375,2.900932712312117,0.9649192927713836,0.6685419633856293,0.06493496618501646,-0.0870557417464013,0.7994954280902961,0.6704989507996222,1.1588399927439477,1.666387369849478,0.7137351804379207,1.5946748272689355,-1.055858127856421,0.9970972362566879,-0.8751260007053572,-1.1486824867552967,-1.1396708900015764,0.4930719478567441,-1.6413567700240501,-0.2668990845713433,0.4629311180875487,1.1908621851239831,0.5965747452906021,0.5507211124002608,-1.4442830550781673,0.016856730615283512,-0.6108390756750522,-1.2629480327373683,0.6370714624429669,5.937452537292974,5.9374514103942335,4.239015037100702,-2.9011374329438793,-0.8104539440333383,0.5057614452353982,-5.986423466798874,-12.107954255671386,-0.9260300912096693,2.9149460927934188,-0.20147750951752347,-0.8901394788508049,-3.4128366130252155,-0.30930292393655606,-0.701086498939005,1.654184098618342,0.01526783716247391,1.4064146921018672,3.026662869909234,7.4908015676927215,10.136969896712982,11.278623742248506,23.88537092741523
S3,stress,2.319048085618751,0.12273351124200686,0.8474171184530696,2.3346394697244883,0.9355982847110735,0.9349615047179535,0.37359697953902826,0.3389117429758344,0.36343505786731695,1.1257160731461566,1.875908092857493,-0.3706792478460324,0.4144293501670823,1.8304335517634365,0.33551209049396885,1.5208084215958673,-1.1395396985790713,-0.9156504078786035,-1.9177983326846404,1.3681385147087437,0.3003979476366849,-1.266461164322235,-0.7363839579783142,-0.7058072754008995,0.1604555472380397,0.38351233625824394,0.3610324157859271,-1.4447455552035053,-0.8770170477098629,-0.7144970295522288,-0.5058912274972803,0.41739164780746096,7.748776254831471,7.748776280581205,5.83510106353953,-1.0770689870809567,-0.13332597265833418,0.8505987942595334,-5.987245597138209,-12.011280467878837,-0.7992049695992136,3.4320995497661775,0.04718833687054206,-0.47744575893358654,-3.584735287936553,-1.2665462035125,-0.21557168176339728,0.3732924684121156,0.7057814452438905,0.4559773273462371,2.331765782430073,1.9166813019702882,6.799521815012698,4.196749053651481,16.342622213494632
S3,stress,2.0817594164185382,0.6876138131901014,-0.98702699524851,2.0656813616060354,-1.0271427498767989,1.8203999172127068,0.0786519956924272,0.12418956646222595,1.2390186684669782,1.8403272902816923,2.0247796700242304,-0.4431703511321799,0.36007552032936185,2.0334589435300727,0.33244366869823233,-0.05903208985816982,2.4215218594805274,-2.0507571063176573,-1.2570464608095147,0.21350664894584448,0.8608010991332736,0.1309200064222143,-1.5476095972741017,-2.472784387708197,0.4667448586358486,0.8096371543229601,0.8496136537224525,-0.34996740456769465,-1.7179390177518181,-1.310064114320231,-0.45405580135422813,0.8567512770784729,7.298336493911343,7.298336352977455,5.57036927783185,-4.030322661335273,-0.10183164840833397,1.5402734923078039,-6.640569618233456,-12.129018841205996,-0.9291257834664681,3.213964370845498,-0.991688391324123,-0.2706998457538093,-4.149536179150179,-1.5434158996494858,0.06360745431054297,1.4504008730886004,2.8588327559579025,1.9977678869079765,16.6929722569994,2.4472714463802108,6.9060253596206636,4.723588080161156,15.548648664660885
S3,stress,1.9598902997224066,0.2242722842594624,0.8522199059241862,1.9569019375564711,0.7484465464471459,1.280823959038134,-0.5112379720007749,0.45699461738116803,0.24528577549461972,1.4624648971900112,0.8368777490463458,0.8966247713173534,-1.667146901254457,0.8154447876138021,-1.5761387670295266,1.4877215317586179,0.9970972362566879,-1.8971495907519407,-2.281538642587717,0.08500623845153989,1.975907862867152,-1.8778513544850526,-1.892572285465886,-3.006760987581281,0.3603368580974953,1.9814804040009295,2.0658895299110056,-2.1603249046448814,-1.2880585455638616,-1.1380467864370079,-0.9815947875095292,2.1748301648915085,5.621277612221384,5.621277553450234,4.76971466056922,-2.6405562263920412,-0.4010277287833358,0.8505987942595334,-6.024133208480846,-12.25545185230533,-0.7367534174532498,2.758453815752711,-0.09434304536645612,-1.0673991164609828,-4.624708043840158,-1.188110659344195,-0.38145040029359767,6.754376010839653,6.831780421843153,8.252815176390719,53.75415025588799,1.8593630691261502,7.327148791933324,4.448793144907603,16.144128826286195
S3,stress,2.3065373758831043,-0.7734305510927081,0.033698337601399675,2.2822833179659425,0.041420385738086235,1.9693101070447139,0.0786519956924272,0.8401524619568909,1.2036743122127693,2.1188953450826937,-0.34285907796845916,-0.8589952015147042,-0.035512008748725926,-0.3868214547002736,-0.0347323645651348,1.2016756674201572,0.9970972362566879,-2.3926167861358523,-1.3012303983927886,0.26016883232651405,2.2084778607093605,-2.2480684212469035,-2.178282128946497,-3.542825472497858,-0.19401869391480628,2.3010740175494666,2.3620058545933857,-1.898727984713865,-0.8732341779875815,-0.9133682383764979,-0.21575820076614108,2.5043498868447673,3.2199567240602747,3.2199554685392187,1.6449062620830939,-0.4690461717932965,-0.7159709712833378,1.5402734923078039,-6.03649639357461,-12.177611145208932,-0.5961502393117104,2.9935410420115627,0.0465240437722481,-0.9868157690829401,-5.194887927542007,-1.8915911795351072,0.686409807367372,7.04865307397598,6.365171125925723,8.272088749420972,50.279664818492186,4.892734173422183,6.746550652283588,6.788214154647167,15.747142051869321
S3,stress,2.0503389000175622,0.0006842139453648551,-0.06460043045400808,2.0229221879996406,-0.05562616520807518,1.5023448884272768,0.0786519956924272,1.2058728875030416,0.8411987759457997,1.993693437229972,-0.18038422357842124,-0.36574594300407265,0.1731103192654368,-0.21214984676623908,0.04826088403294016,0.6483743579370143,0.28488492464476817,-2.397967224553268,-1.0490277551781282,0.03638030818996435,1.008891519743662,2.529947478704193,-1.3909755767827807,-2.149162205966934,1.4891626218922807,0.8096371543229601,1.054783422026256,2.491541381410887,-1.098314514955539,-1.5481081569904775,-0.05439281186111722,0.9665911843962258,2.7409358582645957,2.740935644200514,0.37125891404483574,1.528743078437595,-1.0309142137833396,1.8851108413319388,-6.6958032560049485,-12.175509800267507,-1.0044760459868358,2.855991093336678,-1.001442283260982,0.12386537527120092,-5.623319692745784,-0.5654823697385113,-1.167964067938197,3.6158951448865335,3.662278649796349,4.146381021889178,28.737855106638193,6.58621920678179,6.595662738247449,8.19810009808512,17.73207592395369
S3,stress,0.9668816031168516,1.58909573632164,-1.6294786863740516,0.9924735817768281,-1.593795180476109,0.5056861599671354,0.37359697953902826,0.4258102041779308,0.015884483395674786,0.377699102253018,-0.040552267888976354,-0.14352618868054134,-0.1123187293711943,-0.0385225545618449,-0.012960473246243179,0.1291920750990957,0.9970972362566879,-1.8999261374280185,-0.6309745728588834,-0.32095529571124587,-0.5161699494316189,-0.8968897764419912,-0.7617110729271312,-0.35474966093888455,0.15153476564064328,-0.4687372998711884,-0.4647813762884561,-1.6214214456667821,-1.4978887299599128,-1.6612613891201258,1.1389466997811648,-0.4613276107345628,7.2682450820292805,7.268244902505001,4.259440189245513,1.7893242849894329,0.24460591834166812,1.1954361432836687,-6.660680620023767,-12.4588047475969,-0.12878134178172987,1.6537411443744316,-1.8334668214509657,1.1684479101314986,-5.839206688427846,-1.1856822130157476,-0.22879772729181,1.8670958367286754,4.325119801627513,2.894838482795251,36.84498779389507,3.1085918393873953,4.016961094862902,3.902506982788926,10.784807371658399
S3,stress,0.7019192796955951,2.4561883091089403,1.6936310423100855,0.6506486875846186,1.8344226820047185,1.2637968600299108,-1.3960729235405782,1.1293658640560127,-0.1999547267226966,1.5092837404906532,0.031050966935130174,-0.4445467295146044,-0.02432990360084269,-0.02346774704657906,-0.005040177952375579,1.5424560669264167,0.9970972362566879,0.3403283128353319,1.806194660282574,1.2460178389591237,-0.6954752121043691,-1.3054443400614337,-0.7499716373709285,0.5182691102034789,0.7602528090038616,-0.5752685043873674,-0.6666325362390778,-1.952783084144379,-1.0892862697331587,-0.9649338067838289,0.19077111832797042,-0.6810074253700688,7.694747905585918,7.694747922041576,6.139216277960336,0.5732786544141126,0.055639972841666975,0.1609240962112631,-6.089413317221107,-12.129703521174042,0.08327453165326701,0.5299485409414862,-0.5798736744508407,-1.1025887119947508,-6.63518161981991,-2.5132105769363564,1.8107755468784543,1.1661219005524925,5.828092316324033,2.9434632251629407,44.48885575616585,2.850197577485594,3.85630764076676,3.610343765582714,13.166728018159644
S3,stress,1.983281000209159,2.5761963593983683,2.433632718723219,2.002272118221844,2.2285746629998777,2.330530680267516,-1.3960729235405782,2.6360332226961067,1.5698689146383344,1.7062144339060017,0.3229118628673169,-0.8447621720878157,0.5829711757911528,0.3398844957296752,0.4988372990514687,-0.5732719111234194,2.4215218594805274,-0.9013005385950612,-0.10982727902819762,-0.836665083591055,-0.8443933408387836,-1.1954085532783025,0.042786677571105186,-0.050674621238429744,0.033761993843937396,-0.7883309134197255,-0.9151523264204883,-1.4791604078671394,-0.24032418669272484,-0.16969605650203515,-0.3959621534934852,-0.7908473326878217,4.5224896124449625,4.522489006201879,3.383874487239042,-1.5113709980007055,-0.10183164840833397,0.8505987942595334,-6.245258850625793,-12.220379355560093,-0.2856413502831263,0.3538361062848575,-0.19684756949295693,-0.8019366214512422,-7.538015096070777,-1.5946339994850403,0.2885590664616237,2.2281905617063726,9.304198586891966,5.757994529575695,60.239856405693494,2.75365156240926,5.011568930811269,4.021604731871649,12.968234630951207
S3,amusement,-0.5053039932268282,0.3642773669668767,-0.9073758410499168,-0.5266288235243355,-0.7950846594243661,0.6947090070365498,-0.5112379720007749,1.433121206006374,1.0396035477008319,0.56757022272192,2.9884507008147736,0.09094218886908097,1.062854718320918,2.9276563176788333,0.9663812994587816,3.3426667391692515,-2.563964321802911,0.8288378705379473,-0.6439607774920972,3.687496382653426,1.603843090752541,1.0131929379001352,1.6837345916615833,1.5801075236279756,-0.3896103626921034,1.4488243814200343,1.5317817876575157,1.920738641862564,1.153509026347677,0.5570178060003754,-1.191060564567099,1.4059508136672376,0.38670625848936524,0.3867062475298065,-0.9263044613600442,-3.68288105259945,-1.8812609685333448,1.1954361432836687,-0.9294580910238605,-1.0415734625224269,-0.20873439539433947,-0.8067223621844962,-0.2763406412852837,-1.020423728219284,-2.428806428909564,0.6150133807487169,0.0784758099771963,4.1970606535975,4.771117138266099,5.085560730944263,34.06539944397843,3.5204754490839467,4.7632783087765835,4.584040851052586,12.571247856534331
S3,amusement,-0.8539465199551279,-0.6105831065285277,-0.38806922558893236,-0.8517265626640889,-0.38474124161346884,-0.33528569446607465,0.0786519956924272,0.46698090575135914,1.0396035477008319,-0.4114009907025328,3.449461149155115,-0.45760998884229714,-0.31309209462377796,3.417516650354348,-0.2333947241210899,2.9813566177590123,-3.2761766334148303,2.078498717536903,-0.6746499942969608,2.9724938989987217,0.09698055411814231,2.049540135677964,1.1598059925752013,0.7201358701756754,-0.3163490981065385,-0.04261248180647222,0.009110465902817787,2.4571296206307602,1.425187137454136,0.391930604159755,-1.2402204548919429,-0.021967981463550907,1.9477845868354753,1.9477845921144403,0.5816249731146574,-2.46683542202413,-0.7474652955333378,1.5402734923078039,-1.8386056630767071,-1.3051757086205384,-0.8240453469045873,-1.8849075893209843,-1.9925374133943878,1.6097770902764479,-1.9941588779174235,0.1516042065921506,-0.052981497170403354,3.9683160453929576,3.6324066167327738,4.439101301061711,14.839913357054971,2.4025721870404837,5.0022364639967725,3.708235562614917,11.777274307700583
S3,amusement,-1.101562407140785,-1.255539646706317,-0.03898603601347661,-1.0903972060279536,-0.06296965537180357,-1.1950479192778043,-0.21629298815417386,-0.6764867706283527,-0.874988714613198,-1.1246272908807677,2.0187115107889264,1.2631161113259823,-1.5263271260925833,1.9260728993402176,-1.4703475567133093,4.236539061394455,-2.563964321802911,0.8596510656983026,-1.4630167272873245,3.4434204088582385,-0.6700514862292513,-0.1634840380821446,0.9652698753552794,1.4866839722322593,-0.4650893223434656,-0.5752685043873674,-0.6512150414312688,0.013689033766797627,0.4116193149069958,-0.3039569753807794,-0.05804212314084877,-0.5711675180523158,3.1884375388494415,3.188437549790785,2.324287601967105,0.5732786544141126,0.15012294559166756,0.8505987942595334,-0.33678141606374695,-1.6424649801917395,-0.4502662328629585,-3.701000668199831,-1.5238017402371664,0.5919635640308147,-2.1098923398553597,-1.3001800444399445,0.07038675771053542,6.376920921982002,5.527513647435138,7.29609170897509,27.579693294172923,-0.08707024984522369,2.372976049230111,0.4958604937974673,7.410419789114974
S3,amusement,-0.5390925873638753,0.8891559917271495,1.7719783486776948,-0.560677594095966,1.7184803036056577,0.46515711629869455,-0.5112379720007749,0.28014157213849644,1.0799732200744112,0.17146362016834715,0.9279629095269121,-0.9111856880625364,0.47213864551086643,0.8978657773283036,0.45348296166085134,1.519494010103619,-0.4273273869671516,-0.5352435860818989,-0.8677788358265962,0.5192935822990918,-0.30822805362432665,-0.260530927334073,1.4045443844695489,0.9393190502159917,0.42281120261033395,-0.2556748908388303,-0.342102584174771,-0.36130927912644945,0.36701093286611614,-0.19865429390725448,-0.9722661127300622,-0.3514877034168098,2.7033437318649063,2.703343615107335,2.1069690755780326,0.3995578500462014,-0.21206178328333464,1.5402734923078039,-0.0935714195206761,-1.150687607646009,-0.6168827548607374,-4.602757904488257,-0.8623709651229763,-0.3663389305524156,-2.278381590176047,0.19545026604253393,-0.638366578202229,7.506818732808276,7.697933016738808,9.363589728759942,43.56232630619363,1.1548069314697682,1.2146647860393116,1.2576178716438113,2.2495917216956176
S3,amusement,0.642360748370054,0.793073445969794,1.6471755308606493,0.6583958703840891,1.672099267824354,0.25078466183323755,1.2584319310788314,0.21675690593655367,0.5063660328277467,0.3586406738280926,2.7773277444564,1.989798976638618,2.2578715823334496,2.6868551127557563,2.1934813805352436,4.088398142339215,-1.1395396985790713,0.07805132504517567,-0.20665520040286822,3.3564259819423445,0.0652480180272866,-0.49456730765343077,0.9993737784766713,0.6151105964063569,0.41165415283544615,0.06391872270970682,-0.024935937527877112,-0.06504923367522705,0.9729462825841791,0.059114805249064685,1.9808511459244096,-0.021967981463550907,1.229292729164144,1.2292927472919675,1.2014852470817683,-0.12160456305747418,0.3705832153416689,1.5402734923078039,-1.8001605266506397,-1.3629298261946539,-0.38064522788922883,-6.087436064032479,-2.5142210281885307,2.257727814821319,-1.6706692027551096,1.335468340217024,1.1926040410815544,5.373452605964334,6.2585341730880035,6.774897601216764,34.76029653145759,1.6262909365878973,3.60136461870285,2.433384979538046,6.814939627489664
S3,amusement,0.9154278767178738,-0.41433429809927674,-0.3745315966578957,0.9079043987887887,-0.3658879664618628,1.003467111882371,0.37359697953902826,0.4888824937939373,0.6139778878604975,1.1187368832060693,5.02985628454577,-0.058852029554834366,1.0471206762847556,4.974028414683029,0.9618420255324904,3.7203254773765173,-0.4273273869671516,-0.16642836922410978,-0.10509924122768985,3.7546689920020313,0.3636078012066598,-0.26259910043655743,0.8206631971255997,1.8508079603550802,-0.48462840848062805,0.38351233625824394,0.3312834892123323,1.240273632459149,1.4523228294222554,0.6153069736989113,-0.5604178861019734,0.307551740489708,1.5801980512828508,1.5801979925413085,1.2180068372314692,0.7469994587820238,-0.5270050257833365,-0.5287506018370072,-1.7452944410711144,-2.1156655496220136,0.3022269423312193,-8.01723285079663,-1.3392237574360963,0.7103608255528101,-1.182682810498487,-0.4472273804710676,-0.04442382474834623,1.5512870741694567,2.5591028820193196,1.9866111246491016,8.354207207249468,7.502727014584353,6.258687869527557,8.825239070971632,15.350155277452448
S3,amusement,1.2075549218943826,0.39337283997852207,1.359085619778847,1.2030307361351604,1.3656583537907752,0.49901806917567276,0.6685419633856293,0.5194510187165765,0.36409403594755907,0.9164246218182888,5.007222530489703,-0.010146836306770723,-0.9564282279813183,4.953517751812645,-0.8292771858665311,4.657410395996752,-0.4273273869671516,0.2730691705949776,-0.9472405020678493,3.7112295765100094,1.4021980495826796,0.6788192705866719,0.924904715181017,1.376007988000399,-1.00716957725404,1.3422931769038553,1.34733034383922,0.980780139787225,0.6280237856480593,-0.23493931427042097,0.7395938395634014,1.2961109063494847,0.7894353046595678,0.7894353227905649,0.3507034750712294,-3.4222998460476126,-1.3458574562833416,-2.252937346957683,-6.401450030218684,-13.676989804514733,4.021839260517414,-8.480184079147115,-0.06829146227402853,-0.6328875278603778,-1.355968371589712,-1.1338244557222392,-0.19494519831953325,2.404181118609878,3.1814387501615786,2.9294503007679262,17.85113406946467,6.61628262129077,6.301205385579822,8.065704431076366,17.335089149536817
S4,baseline,-1.4366429567755012,-1.8961881445587192,0.08645709091471959,-1.4329516192326415,0.06296911809273417,-1.8707290507650747,-1.339766368173836,-2.367189771251953,-2.359121126196415,-1.758736578266352,0.47703519450093756,-0.5414873506435752,0.31268679884131817,0.4886720676949773,0.3139690632891789,-0.24609155913712544,0.8164965809277264,-1.2203152035536917,0.027641460742980937,0.06468079707863977,1.1521917910591772,-1.876704945947682,-1.3229097039929698,-0.9834924569986034,-0.3371532300965234,1.202342041636527,1.055647902609399,-2.088149347002981,-1.1668218313260843,-1.2000898402933278,-0.17573053289930776,1.1776635282489618,-0.44336705672983034,-0.44336704146821254,-0.4026794796009803,1.7624015863716727,0.6677019624671435,0.9176749884443969,0.377304823393675,0.7434746359852616,-1.1040178846340412,1.2408638869356365,0.9242337452088829,-0.5248516575752455,-0.22552617328911925,-0.041263094381840476,-1.3955605803618942,0.23188789740437282,0.6531947735645901,0.3375669495466586,0.2883386470545093,-0.3485347325411094,1.5421167487315683,-0.06711430529462944,1.1631939366366153
S4,baseline,-0.809649330902338,0.23381525952746096,0.897695244450135,-0.8201838113905121,0.8432812145697701,0.026306454507209864,-1.7262374359162889,0.3136527558030291,-0.1927555315030617,-0.28829603231767953,0.2630219076208828,-0.5035241291318082,-0.7153201213298919,0.25277237498929217,-0.6657161602278258,0.9751647764347388,-0.40824829046386263,0.49885254326832684,-0.04766105415895817,0.8862890402761885,0.4024783713864947,-0.7346608081839938,-0.6023176465031792,-0.3185072032731578,-0.3935211676347692,0.5944162902472722,0.4680046373342534,-0.6475471504437452,-0.48247845743770573,0.06265611690455326,2.3854338776003265,0.6016324546489268,0.12604517995203446,0.12604512609333673,0.216070888284254,0.5267234202895444,0.018547276735198688,0.6920172044006927,0.5156624319885593,0.71340072783054,-0.9849508805449895,1.1802125468874538,-0.15126739767715805,1.232566422594166,-0.5621224263488032,-2.13418813652876,1.8421574642004588,0.7134013038011467,0.49487125738256543,0.6600791643868436,0.20007171428272108,1.2542489436630364,0.3688187524325909,1.2697476800344456,-0.7754626244244113
S4,baseline,0.2870868078773338,0.5843347014311607,0.6839122990514188,0.310944375237523,0.7798147580475736,-0.2697716372412169,0.9790600382808802,-0.17652886077671837,1.2038622919054018,-0.06537527789937377,0.10725035519332658,-0.7504132784723336,0.23846475969376407,0.10262194511581163,0.3130058298534876,0.01028964426307354,1.428869016623521,-0.57501373551003,1.1850890997458536,0.0962889094706923,0.31801399547788073,0.7039452056956648,0.07526523328319443,0.27107171074412406,-0.8226353857208246,0.18913245598776893,0.10937023649864483,0.16439499732666385,-0.39358204803639946,0.1966403401706378,0.4624128708596385,0.02560138104889172,-0.05190753280463469,-0.05190750826273091,-0.0923206539904299,-0.5591755741462576,0.6677019624671435,0.015043852269580224,0.7997417154551694,0.6926797178717998,-0.7949310428374889,1.1776632630497772,1.589811501299935,1.8008482699227555,-0.7894940773232041,0.41448751265650935,0.44267304043898426,-0.20396488555616274,-0.389970696349643,-0.3004952706708083,-1.1239322772941018,2.000368322310584,-0.42758742278470124,1.8666058736609688,0.19386565610610196
S4,baseline,0.31256631250839434,-0.03921883885941642,-0.9069279464913553,0.2945635952109763,-0.9431353421565188,0.6529668785713326,0.20611790279597472,0.41612694574981074,0.037003032265084015,0.871650253083042,-0.26659893805827806,-0.02864251256377761,-0.8825686347875954,-0.2561504182815261,-0.927294003430741,-0.8802545833457129,0.20412414523193187,-0.589243179390139,-0.07964964022490763,-1.0239913164283376,0.8982034130573653,0.027877765546037634,-0.09888104970291309,0.4384723268297356,2.4672279015767566,0.7970582073770237,0.7637237990631096,0.0012780737382639042,-0.3797821871604322,-0.4606704963229732,-1.0102383509340036,0.6016324546489268,-0.7998396131197899,-0.7998396240373367,-0.8247068625980378,1.3130640714327193,0.7604383461431357,-0.21061393177412394,0.09967374024051019,0.47056153712195403,-0.7844941942743979,1.4806856378714055,-0.15569070392351625,-0.06253787043754219,-0.501311954077235,0.017561018398325717,-0.1710444041123394,-1.140578161374234,-0.3864952294620702,-1.0271055247038792,-1.1239322772941018,-0.26315457357808403,-1.1730178741505528,-0.4418453559640564,0.6785297963713586
S4,baseline,-0.7333977350090842,-0.16487175776370527,-0.8414374416689057,-0.717183190789882,-0.8159653855974237,0.088629077097878,-0.180353164946478,0.6594948721189844,0.6489275595684132,-0.1517156304235972,-0.49280862907996303,-0.863651277040085,0.631706241925492,-0.49596579791706646,0.6249951679537727,-0.654220238338579,0.20412414523193187,-0.8136873686940818,-1.8462602502931555,-0.5966684633221333,1.0510007333272677,0.4703669325175457,1.1876130440848236,1.1782477767030157,-1.2300643508717715,0.9997001245067753,1.221111233897655,0.6794270994689507,0.817861675754497,0.5698125257907809,-1.0669407252101886,1.1776635282489618,-1.0881761236739995,-1.088176127397903,-1.0437819347037152,0.22716507699691715,-0.537871025320754,-0.8875872839052364,-0.5298053124460742,-0.8772075628135978,1.8476271523830967,1.0346709710291353,-1.3757309902783856,0.7716638494135151,-0.6897596018614257,-1.9775282224633774,1.1902329937056961,0.5510649323489524,-0.24707757102071978,0.32145143847494423,-1.0356653445223136,-0.9507927142215309,-0.19297945709599426,-0.9691086795527631,-0.7754626244244113
S4,baseline,-0.5113197242326687,0.9793292282271814,1.0487202106241151,-0.5571109618393056,1.11467000818023,0.611048647531712,-0.180353164946478,-0.15042512862862165,-0.4068156881525291,0.3644341481079612,-0.6021524484923904,-0.46244987673926585,-0.6600926818196636,-0.5868123000037417,-0.6712170232250284,-0.9241732584736799,0.20412414523193187,0.03608627311020904,-1.1280948029425966,-0.8665097933743859,0.4502167927210799,1.161415691398317,1.6721518463540312,1.3498756810736177,-0.4119632797841562,0.18913245598776893,0.5970241548902646,0.880973655119438,1.1106061295286103,1.4740987766976203,-0.6284350051477936,0.4096220967822484,-1.4297600321633388,-1.4297600281059077,-1.3541351628909073,-1.9820777047862561,-1.418866670242679,-1.5645606360363489,-2.072069923171234,-2.0880888788022003,1.320473320510491,0.2766202680839267,-1.290405428209012,0.579830233855634,-1.0395818920582873,-0.8639447541061778,-0.2580092072249873,1.6046004617409444,1.0183676138169722,1.5319088081462966,1.082741042000603,0.04034376629742553,1.5498287003343238,0.3128365526198604,1.6478580769018718
S4,baseline,0.49482965577039445,0.36468922409672266,0.43922618113088496,0.5537819756424232,0.46362992075338383,-0.9100856309488016,2.138473241508238,0.6768663807312165,0.3599953528749712,-0.7005494494917059,-1.3159027173436524,-0.6857413711252928,-0.6107416810876923,-1.3195150272906675,-0.6297336782015723,-0.5782765697683852,-1.6329931618554516,0.9382052067980224,-0.4101167818130864,-0.8538669478351172,-0.2485087681634913,-0.13319398852641925,0.31633486139810313,0.15266639692747233,-0.654031236425898,-0.21615137827173428,0.0349639625170559,0.5485464874461355,1.2046559657569618,0.6033218649076915,-0.973260859273288,0.02560138104889172,-1.3598951687616254,-1.3598951827347037,-1.3783319641892742,-0.6340651599694207,-2.253494123326608,-1.5645606360363489,-2.4367652323938946,-2.1739472852283956,0.6927115391384027,-0.16983931938089544,-0.23609061316443614,-0.46778501834496666,-1.1650524637315023,-0.44438326315341453,-0.6704144204946311,0.3437428921065106,1.5299193570039176,0.7504621123415182,1.4358087730877558,0.44381517438910917,0.8658841454490548,0.5707206663126176,2.1325222171671285
S4,baseline,-0.37557737549327935,1.4717436687746805,-1.8725607703743865,-0.3706559199422463,-1.8690553735191184,-0.6184086280605565,-0.9532953004313834,0.06722407223229104,0.059891609784695654,-0.7928160764902427,-1.5349435583306017,-1.069811412513686,0.05584318739962797,-1.5282491965586462,0.08434081915928855,-1.0316933998026097,-1.0206207261596572,0.34591578382788357,0.5023288154396525,-1.3412277916320714,-0.5195055435058554,-0.589856871072675,-0.32304026431859106,-0.6545687329336529,0.7475079063173846,-0.41879329540148585,-0.21859850912010556,0.3579256661154806,1.1462287313203072,0.014790877889841743,0.26384565485865125,-0.16640897681778663,0.521927507704547,0.5219275339342587,0.23150168718661612,-0.6340651599694207,0.9459111134951198,-0.8875872839052364,-0.4307882669828801,-0.7371418574279355,1.0358523078492552,-0.28878962324677415,0.3063305767213736,-1.4465945033875474,-0.9236295538624463,1.030304746715241,0.9727431161433182,-0.6329379816538755,0.2617556142325615,-0.45787815584382047,0.37660557982629744,1.2553357997427266,0.678105991220776,1.3258616338961489,-0.7754626244244113
S4,baseline,-1.3413852087876061,-1.4745011443439546,0.2433292240865811,-1.3325176187543386,0.24354660321286417,-1.8190194957546966,-0.5668242326889307,-2.041646197607807,-1.3477280964193035,-1.6881409123023232,-1.3139865663626498,-0.8763388237784443,0.3096190569262766,-1.3179473145372382,0.2635006422556169,-0.608352423474498,-0.40824829046386263,1.4679905469300285,1.6986537217293767,-0.7526176763774004,-0.8722262446863245,-0.4238875408781093,-0.25082954418835923,-0.992084836793576,-0.1744121912630369,-0.824077129660989,-0.839147168212032,-0.3322081417025132,0.3549390644003191,0.8275180900832478,1.7895800601675826,-0.9344504082845001,0.7432881701258287,0.7432882021757031,0.6780238152675808,-0.14728285211887324,0.4358610032771632,0.9176749884443969,0.8001933866567416,0.6123931116100484,-0.7890407468184705,-0.6132962733175011,-1.2608113868676354,0.28463460246731326,-0.2446928743730231,1.224278292941272,1.2445928947821983,-0.8060198824595862,-0.5896121539682486,-0.8144849789593164,-0.8591314789787372,-0.8854662451796188,0.624103152237432,-0.7670966646071162,-0.7754626244244113
S4,baseline,-0.8313292618655728,-0.44048523276751206,0.6607630957226254,-0.8374789557684378,0.6007009988304862,-0.26985314364302454,-0.5668242326889307,0.3547110842370792,-0.2841683837029897,-0.3881625452018269,-0.5527386014181348,0.42082342922713234,1.2251458756036948,-0.5429761319613727,1.2394601930399125,-0.6318269609788936,0.20412414523193187,1.1482949441237396,1.7391159021144833,-0.6274282641139838,-1.3207114811905116,1.3764297561398524,1.197786707989656,0.8104736959088709,-0.6768778542261484,-1.2293609639204923,-1.4601365980201024,1.465123418767238,1.1837632657188955,0.8563681469663029,-0.5205696656794957,-1.5104814818845351,-0.4979117704016738,-0.497911760321294,-0.4475874358894531,1.3505088643442884,-1.0479211355387106,1.143332772488101,0.5766844190998583,0.6512852754545781,-0.24780271714803237,-0.8041764425032027,1.133960376942731,0.2681527788510392,0.18478085305651168,-0.08635044373126499,-1.6374304706989398,-0.14572489849793446,0.22791572013104394,-0.0894811158360658,0.02353784873914469,-1.9037550480731473,-0.2401069892201022,-1.9032795491549923,-0.7754626244244113
S4,baseline,-0.025748325655027857,-0.2206792111005667,0.7789559017968902,-0.026096957778239147,0.7389706478793618,0.024021285031353687,0.9790600382808802,-0.11960058826971467,-0.7461306796179948,-0.021694883482074594,1.0778020216541409,2.4911420116371312,2.2742648718230116,1.0485775391145893,2.221953039398907,1.4586397164502245,-0.40824829046386263,0.8204128920830719,0.43557407166864487,1.6071271885915293,-1.8203764798525446,1.5073348171393735,1.5232173208099822,1.8601208021754045,0.24026632140733598,-1.837286715309747,-1.8848547499376327,1.1091247826654291,0.8664245216135917,0.5117269269038514,0.027914579706626443,-1.7024918397512134,-0.3701702001405042,-0.370170214741684,-0.34031186283370163,0.8637265564937658,-0.537871025320754,0.9176749884443969,0.5902872648370386,0.6599387964207343,-0.13095896124716658,-0.5594678585640456,1.1446726107285055,-0.24305576738608725,0.3496209034566401,0.20592734639700305,-0.9932930378979876,1.6830223091823817,1.139427223139036,1.6377492177868755,1.7006095714031204,-0.8827702820092008,0.06659017008249797,-0.8609625796886149,-0.29079848415915466
S4,baseline,1.1335353068681202,0.5975289057036839,1.056714691567026,1.1147727905950606,1.0937774897236543,0.9878868395247838,0.20611790279597472,0.4850743137242271,-0.14405047100634386,1.0848423372096938,1.9877772673369714,1.1244224116378811,0.03976785494080384,2.030136432859774,-0.001472716883489207,-0.09692880226133138,1.428869016623521,0.2428339391129469,-0.2022493073154573,0.17565504703318185,-1.3408314429587402,-0.15518339138470436,-0.09167452683961924,-1.034848884917896,1.6859472392555042,-1.4320028810502439,-1.3860013849573383,-0.8557563071942076,-0.5199084149776549,0.747800827643224,0.4801327373172025,-1.3184711240178568,0.2406259842809689,0.24062599098406695,0.1931089094244784,-0.6715099528809898,1.5486976073890686,1.5946483405755094,0.7335708904027509,0.6165095018043625,-1.0052438587527508,-0.3891670172742152,0.4236717540727128,-2.0473339250682514,0.7327157786565931,0.8350411473576269,0.28227478447080245,1.1770073380209054,0.7616841485222221,1.1086693220685313,1.2592749075441794,0.49694119379575774,0.24149881477865515,0.5107517760154799,0.19386565610610196
S4,baseline,1.820524511344248,-0.36331703597998194,0.16822406634801593,1.8231528854987933,0.10123348414381596,1.3092422174408447,0.20611790279597472,1.1635991166429678,1.2145966083626047,1.276873659868253,1.0889059553163978,1.3086355578216384,-1.8734217588693591,1.0557948698928863,-1.8289844874263503,2.437869601165196,-1.6329931618554516,0.854713971399705,-0.9491918841673583,1.932973559591116,0.052784357975868015,-0.90022317121283,-0.9874230968394347,-1.1673335830285352,0.6004836564634104,0.18913245598776893,0.21943644259399128,-0.5369246101743175,-0.9258647865508999,-0.5634667953498079,-0.8692559380634746,0.2176117389155701,1.1512119213785972,1.1512119052566352,1.1519157245138936,-0.3345068166767684,0.4358610032771632,0.015043852269580224,0.4822245276810838,0.0869558859575836,1.3443400569302826,-0.6323028826852518,-0.6231312043213613,-0.9768015877338739,1.2220434028315588,0.6655051273379416,-0.176485341453662,-1.0462291033219069,-0.8763818532132398,-1.0614608247860546,-0.8591314789787372,0.13061509142822,-1.4073362494778137,-0.08863896805199269,-0.29079848415915466
S4,baseline,1.6374298339511641,-1.185022522772494,-0.46083066420301916,1.624388210620898,-0.4713184393234915,1.3599054188906732,-0.180353164946478,1.0726073283813187,1.4043846148175163,1.5912832931739171,0.6296027685558719,0.004486288625622323,0.5357721254818126,0.6218734627923633,0.6411935346142833,0.8246851319481524,-0.40824829046386263,-1.6388985104717306,-0.3763993787815407,1.0758881556287367,1.502410416415718,-1.2730780674710338,-1.2602261263745187,-1.1811644031609652,-0.4599146496357224,1.60762587589603,1.3475893454231216,-1.5436620067666835,-1.2227159741534919,-1.4598792770733342,-0.18288399547974452,1.5616842439823186,1.9182542430715532,1.9182542008400025,2.067723198613452,-0.7089547457925588,0.018547276735198688,-0.6619294998615323,0.37073686902678704,0.22041723147490663,-0.5566585878762996,-1.3282714114920524,-1.2192603368012909,0.49309858520970457,1.630429614988033,0.5766820586435224,-0.31374527549405445,-1.1912580755001605,-1.7652776205887262,-1.3152543389098552,-0.5943306806633727,-0.3152469375591389,-1.828020302708764,-0.5723537199113219,-0.29079848415915466
S4,baseline,0.37907749040141925,1.5528429003854578,-1.982241182954746,0.3725752026899289,-1.9431197028373215,0.6978607678175774,0.9790600382808802,-0.35396632308610637,0.5521089070199515,0.666403694432309,0.447735988907134,0.4325503330588708,-0.8811258947415989,0.44716749409056344,-0.9780002201694407,-0.054831074680573806,1.428869016623521,-1.5161481030342572,-0.5487799717439193,0.22340755541335444,0.29486008893656185,0.8394186162406478,-1.0350670551602128,0.27107171074412406,-0.5808596793615451,0.18913245598776893,-0.028133304580281772,0.7974533826368614,-1.593325654450524,-2.1806280849183213,0.017995292177270337,-0.16640897681778663,1.3396744912818699,1.339674527785766,1.3455111334062309,-0.37195160958836243,0.296756427763175,-0.4362717158178281,0.12334866621191515,0.40876916274036923,0.1570944973221118,-1.6054057453936623,0.7897074962686547,0.33816558761938803,2.021580463937085,0.5778706639173925,-0.358691556002957,-1.1380141462413538,-1.8323205831902531,-1.2817268030414255,-0.7708645462069491,-0.07194775847042664,-0.6678981798289548,-0.18612436031316135,-1.2601267646896679
S4,stress,-0.41572333550682816,0.0981225195509136,-1.2599669068366355,-0.4282697581427504,-1.2287546559718505,0.25165591286041605,-0.180353164946478,0.9463340108201184,1.033182394667173,0.16122663087422515,1.2690607166423988,-0.9875138663368571,0.08677573221106202,1.2639902492155775,0.02327253212217841,0.7955546360988044,-2.8577380332470406,1.721210943269489,0.1469177655254094,1.2332626253549068,1.7091616911699008,-2.565479318533186,-1.4367045281906576,-1.6051091072202148,-0.8927539194504168,1.8102677930257818,1.6225102787279841,-2.0962278494172124,-1.2235279764203462,-0.42369633343189755,-1.241733991633257,1.753694601848997,1.6159028263730582,1.6159028670404576,1.6432515349472716,1.5751776218137776,-0.39876644980676584,1.8203061246192136,-0.372549256476689,-0.48751036827257,-1.4176705351671224,1.3653500829012888,2.380516545365574,1.2584889779137243,-0.5341658501229418,-0.4766909488126369,-1.66806354305381,-1.1379321480966895,-1.194409549050352,-1.1911967170603728,-0.8591314789787372,0.2381969192663037,6.841666231498552,1.9863339404842197,24.911736809634192
S4,stress,-1.0294583300077704,-1.1600401960122304,0.09115048724710127,-1.0508466517977486,0.12275039588755114,-0.02601417603437631,0.5925889705384274,-0.07200007652599681,1.1589472978015605,-0.03639242605829411,0.9965035154786883,-0.8214077360826418,-0.3374737767903651,0.9919845567315199,-0.33486279801274793,0.8501069348788202,-3.4701104689428353,1.942400182321031,-0.9267234382504729,1.0500567441085982,0.6089050805878162,-1.3243143729250872,-2.0570239476486694,-2.4259382150796123,-0.857281009036416,0.5944162902472722,0.3981969062296721,-1.1537032516331758,-1.7408705735469214,-1.1733182078651643,-1.1812727574395823,0.4096220967822484,1.3238013580678831,1.3238013288574084,1.3647615984536345,-0.7838443316157219,-1.0479211355387106,0.9176749884443969,-0.36414482705828244,-0.5619444302600588,-0.1386843570006863,1.1638289358070366,-2.2705182369364763,3.471974161738954,-0.5189611223487283,0.13983884106719877,0.06604589604777499,-0.42486841586310264,-0.8451359460436377,-0.5726427036114737,0.46487251259808565,5.007040614645552,6.17981097634537,6.403213995655879,16.67244642512483
S4,stress,-0.9247105762026598,-1.1881544920594216,-0.14602119294802968,-0.8976068555712875,-0.12543364490572426,-1.139183917271055,1.7520021737657856,-0.1085192412716781,0.5157836020857505,-1.0419442305093656,1.0120690998897048,-0.6049360961741115,0.3940414846654316,0.9909167662868443,0.47246811215242046,1.5221116674713882,-2.2453655975512463,1.0458070089284723,-0.40503029519414796,1.5151652669216633,0.3301606938782101,-1.452148721740595,-2.1242882967937713,-2.8701516146270505,-0.7179712563287408,0.3917743731175205,0.3314787856454975,-1.386944326012645,-2.0752284908106358,-2.030650336005554,-1.0699885348272924,0.6016324546489268,1.4226059786989849,1.4226059427897264,1.393000573982048,-1.04595788199678,-2.207125931488612,0.4663594203569885,-0.6104188945561996,-0.5889304252272359,-0.18569651068775472,-0.10906938487527917,-2.0518243100083717,1.9161461022279251,-0.08940385412667001,1.3767617540208719,1.9923327202521999,0.35217495952507744,0.6940581370443136,0.4447120930171009,4.4368844873285544,3.3760627569088033,6.220850568507631,4.82757550828783,14.249125723798544
S4,stress,-0.8835584970971249,-1.0600547292293365,-0.21773650676095274,-0.8895177663129531,-0.20374500905735543,-0.005024874325967773,0.9790600382808802,0.02066417318038862,0.3074707932111631,-0.09413018228558989,1.2343884096540807,-1.0651234866454078,0.10814473478447718,1.2339471515247065,0.08677173893911819,0.8854157238673207,-0.40824829046386263,1.609662180426638,1.0946535944921603,1.0868506640551634,0.2506341266686583,-0.5542978985961545,-2.094128359342541,-2.8701516146270505,-0.4189720698656302,0.3917743731175205,0.308409930398687,-0.2615952185095019,-1.7494641211433015,-1.9675433032339997,-0.8193771212286343,0.4096220967822484,1.9777662531966864,1.9777662933262998,1.8070814415633016,0.6390577990242766,-3.088121576410537,0.2407016363132844,-0.6681147077282865,-0.5759697065944525,-0.5990827885780212,-0.7527271567243573,-0.1023572674970718,-1.2645843064290623,0.470425808335265,0.4643497300568303,-0.2531417955174271,1.1986277977618953,1.4813268434839224,1.3949572444906824,2.759812764664579,2.0398094686784987,5.438410783028616,3.271663447299618,11.825805022472261
S4,stress,-0.6851619761922396,-0.8478880511564849,0.23572030322038218,-0.6844292757787163,0.16412065541171925,0.1696991932419937,0.9790600382808802,-0.4068855005008429,0.11988266226219892,-0.01418499564721211,1.1147044832791577,-1.141091281545803,-0.16023292777885367,1.0914244015733785,-0.20021017244467618,1.5261949183387895,-0.40824829046386263,-0.24695215476004975,-1.1120208096140334,1.639372116647206,-0.6314210087436275,-1.2319357665385617,-1.2405654929825598,-1.2931940462336433,-1.3177941015624313,-0.6214352125312375,-0.7498890849195725,-0.7313615005337627,-1.0341556300923367,-1.4129262007717955,-1.2496719445865145,-0.7424400504178217,1.482444787798743,1.4824445747294013,1.1450460419693054,1.1632848997863932,-2.7171760417065687,-0.21061393177412394,-0.39245455859970463,-0.5219180073620424,-0.7372672324470122,-0.6777450553552172,1.1827570312084252,-1.614219771148711,0.4109931034965535,-1.2638939071404547,0.6580999335203452,0.8929539197208448,0.683798033576239,0.861482663820883,1.8771434369466968,1.8297486989347906,4.9809157008863645,2.926227256785094,14.249125723798544
S4,stress,0.0028326974750075124,-0.3437000344865818,0.6921101983275918,-0.020039536788884083,0.6741844135524251,0.9786596340411811,0.9790600382808802,0.13713253430760186,0.12952521595220035,0.6865647175508148,1.0433553615501094,-0.19964643131045562,-0.11869596586074319,1.0604989343871947,0.017656131355247975,0.5334506841251024,-0.40824829046386263,-0.7502021718273044,-0.6478502987176499,0.3773137003466371,0.16940222682316647,-2.468800446672206,-1.5091133995983015,-2.965340200244359,-0.49346609640139727,0.18913245598776893,0.05732329214480976,-1.941453686547235,-1.3771960100118654,-1.5010936440491283,-0.8152881490541609,0.2176117389155701,0.6700419917753652,0.6700420191813979,0.6289857612392162,0.6390577990242766,-1.7434440131086515,0.6920172044006927,-0.46050376914659635,-0.45487882260444296,-1.2228971064122753,-0.3207834635852083,1.643662858915797,0.40845650003155354,-0.05776882313277486,-1.429881340211499,0.42145188796398364,-0.8085964690383889,-1.0197106992090204,-0.9043953334908374,-0.41779681511979627,1.4728623623475552,2.7690792289976325,1.979434593652846,4.555842918493411
S4,stress,1.1603804967467368,-0.21739083533889836,0.7318614870492519,1.1530141839891226,0.7624216929614146,0.9546271891332653,-0.5668242326889307,1.1893557926927432,1.1723303119354649,1.1182322399618232,0.031206413561224947,2.230790055716321,-2.104797096936476,0.004635154341922314,-2.1542558386881323,1.3003833595590033,-1.6329931618554516,0.7071027973924806,1.8168430651078025,1.4021408168880884,0.13834417046619285,-2.5184584999170685,-2.163805143870807,-3.2255223342650035,1.048932202316705,0.3917743731175205,0.14992715141043556,-2.300352196550163,-1.569545703628159,-1.4380599063214432,0.45865350834071555,0.4096220967822484,0.7798062726175939,0.7798063024859524,0.8014975785419518,1.3505088643442884,-0.4451346416447619,1.3689905565318052,-0.3583015305632221,-0.48668110351662797,-1.4095843153708072,0.7018204164093236,4.039708212715834,4.7852361685044595,-0.15623075244380297,0.06885219463220268,-0.527454294153791,-0.4090506636812757,-0.4115734761346622,-0.4649894452718407,0.37660557982629744,0.8187497543289358,1.2325298940581595,1.0062316008703585,-0.29079848415915466
S4,stress,1.1377948494290426,0.3088370455703348,-1.2914008952358158,1.1306654633393494,-1.2575972141198937,1.1191763379266326,-0.9532953004313834,1.516540538944449,1.3045983965616335,1.1873894302213612,-0.1533922075079256,1.6799448590225061,2.0100293618387695,-0.1887225171100381,1.9040535221456492,1.5046538086343388,-2.2453655975512463,0.9102433654826154,0.7876686476404587,1.2291137584510348,-0.10686377312123303,-2.3197513931878477,-2.0061811806381065,-2.24613755335803,-0.04096940898219644,0.18913245598776893,-0.2903787487983732,-2.547607228970844,-1.4842968083895889,-0.6167227093034703,-1.3413222068473314,0.02560138104889172,1.0677666046349379,1.0677666322815398,0.8280002999355517,0.5641682132011385,-1.0015529437007147,1.5946483405755094,-0.5499886848921125,-0.48139106080556315,-1.399473248024554,1.568242941543932,0.7875548293247484,-1.360568327380336,0.22707729063410007,0.2227374369351148,0.7882640158517917,-0.10608706260849902,1.5567586988463042,0.4120324362253603,5.0547530167310715,0.4958821210902784,0.6132082978662622,0.5748979551163669,1.6478580769018718
S4,stress,-0.2926125857409318,0.5915996610219776,-1.495526449104126,-0.3110381709404509,-1.380573349613057,1.3498337586623381,-0.5668242326889307,1.5524942322814326,1.2837153836565136,0.7845758091260204,1.4643431308982515,1.1196120772249292,1.713545098611985,1.4496058827441125,1.656686440597486,1.681424616756363,-1.6329931618554516,1.295587815558522,-0.296721836296806,1.585548295652372,1.7896439649816023,-0.6995164191921207,-1.6126943972146193,-2.0976065719358536,-1.4972772203481477,1.8102677930257818,1.8228106343971686,-0.29059754742905053,-0.7460906439557264,0.18779943745896335,-1.3575126873709022,1.753694601848997,1.2580624076298088,1.2580624220168428,0.474390496931969,1.050950521051661,-0.58423921715875,1.143332772488101,-0.3213408746851211,-0.49115170612978826,-1.6123584044843566,1.659912021349004,0.7965605413678575,-2.047052211660603,-0.12239750749235527,-3.14390732187034,4.134441612934719,1.5320740328800129,2.6571667081519794,2.1928540028051073,7.879294865428294,-0.01698526901590319,1.8357064998916497,0.31721495090047824,4.555842918493411
S4,stress,-0.8993951603237633,-0.5388924190026689,0.23690480638030706,-0.9191275234857197,0.24847672827395095,-0.22394111880038342,-0.5668242326889307,0.7335508845017672,0.9297218550418276,-0.07237609684527445,1.9145541883869808,-0.20167911674894964,-0.6178146799178639,1.8929217637852807,-0.609522830987897,2.4321104457738203,-1.6329931618554516,0.8752982122776348,-0.110321021553487,2.2005418788306206,3.054028878804858,-1.8565220067904677,-1.4950752905366695,-2.580053067983826,-0.3460943751459712,3.0261192958042913,2.976145830396204,-1.3289753332208845,-0.8683199864416044,-0.8504954225026619,-0.8444820091937435,2.905756749049067,1.323820504698464,1.3238205279289679,0.7245340719044567,1.8372911721948357,-1.5579712457566672,0.4663594203569885,-0.6334118449068453,-0.6789820126736148,0.0400957267898549,1.890009102205661,1.351228775870332,-1.3542286122120741,-0.6760993289474138,-0.39787529089970725,-0.15582091384993152,2.244639230383282,2.940321277231288,2.8947994670232227,11.233438310756245,0.46826801207123514,3.9134689051745464,1.294757162018405,8.917820180880721
S4,stress,-0.3783717915960106,-0.2792770310771366,0.7361392947499042,-0.37200282695143394,0.6790421257620348,0.040230614908448405,-0.180353164946478,1.7031966490871828,1.1272943597134566,-0.0399300121873889,1.3532536830324493,-0.05818833954998192,-0.8602634868432611,1.3304751035796936,-0.7342287003130533,2.183997251486011,-1.6329931618554516,-0.2986342452574387,-0.9537217978655662,1.832089598226309,1.2893054121263998,0.2065746331155055,-0.6271460854643879,-0.8137929560478965,0.8882692603051322,1.202342041636527,1.097483355693929,0.1457328997908227,-1.0133701393858356,-0.7461213762652603,0.10473858420975164,0.9856531703822835,1.070715773272368,1.0707158070475065,0.9021547080261864,-0.2596172308536054,-2.160757739650616,0.4663594203569885,-0.4106725969651532,-0.6255133511060593,0.0761734936519315,1.9936008891155164,0.36900808255784984,-1.9788943190829864,-0.548141384255933,-0.05761099877556542,-1.2345617100041606,0.3307401596515013,1.8943924159462684,0.8958513641016079,6.467023941079683,0.03627679630789698,5.161156244609943,1.2353861792423135,22.488416108307906
S4,amusement,-0.8294885365791489,-1.3384977216005176,0.24229366980965805,-0.8247589337673042,0.1987748298048875,-0.3075221274303944,1.7520021737657856,0.025795104045394215,0.13221400877736744,-0.2269761987783842,0.0051520524493950115,-1.247075860209205,-0.02997958301392207,-0.0023249787736840948,-0.02616878034267926,-0.050049062047669644,-1.0206207261596572,1.067869859678178,0.8361327979939603,0.27005326994307777,0.47827950106694234,-2.8495408605124966,-2.0236487229648668,-3.304034469998968,-0.5592138948704629,0.5944162902472722,0.5881051361162273,-3.5831727835635414,-2.731963687090643,-3.6868601290040353,-0.5034874403033172,0.9856531703822835,0.8680157729732831,0.8680157339465856,0.9951787172345107,1.912180758017974,-0.2132936824547816,-0.8875872839052364,-0.1683495956005732,-0.44729936493692174,1.4049919898775516,1.4421886765253955,4.526974471985572,6.346525429941014,-0.05299503024983939,1.1999096112949137,1.822463226313838,-1.0631654938193829,-1.0827752407954163,-1.1136107860951263,-1.0356653445223136,0.36781605423273567,3.5643555015607924,1.1037221940389745,5.525171199023925
S4,amusement,-0.9295846207662394,-1.1530881208854347,-0.5416310793847572,-0.9230700594122618,-0.5410138479023704,-0.41202644093368895,1.7520021737657856,-0.23735602310176218,-0.20598856637388596,-0.26942852356691516,0.13121463373479136,-0.9199293953458125,0.5156514450994689,0.11976390441935976,0.4533057575493565,0.5872091695030587,-3.4701104689428353,5.023562149055536,1.5698125121643522,0.547736341545994,1.380056838019669,-1.9998345927210666,-1.5012809137757135,-1.922496362259181,-1.0069301396949428,1.4049839587662785,1.3815621931010118,-2.6671372835512104,-2.296511103915108,-2.6963102863471615,-0.9995138109013576,1.5616842439823186,0.7030110010198887,0.7030110339954285,0.7471833468136408,2.2117391013106262,0.3431246196011711,-1.3389028519926447,-1.177337872081299,-1.2106642966382388,0.8180810645699782,2.996933030071721,3.6859909132998636,5.0144313890065275,0.6132557666493791,1.4454516288271975,1.8187060250050302,-0.7646663107151491,-1.1204965783353127,-0.8885149318811095,-0.9473984117505254,0.9897981310989123,5.973222980519642,2.421497176522032,15.218454004329057
S4,amusement,-0.9919331267058235,-1.3987223338841714,0.19351017103706936,-0.9980007535100924,0.1983730537874321,-0.593682045587235,1.7520021737657856,-0.4681380910615308,-0.3804166090652117,-0.3793161593238738,0.8249957713364791,0.1071620621126841,1.1614384887464364,0.8199035799304957,1.1729706659418206,0.4935955537591032,-1.0206207261596572,0.9161409861018152,0.8356483871295887,0.746531673516939,2.1204369989082466,-2.944556726760424,-1.7072547777846603,-2.265265283328411,-1.3538429630464512,2.2155516272852847,2.067751194154891,-3.1490369362244746,-1.9926154158015332,-1.7689870293917909,-0.8016979533570537,2.137715317582354,0.5831092216924434,0.5831092406865225,0.6374985150713521,2.3615182729569275,-0.491502833482758,-1.3389028519926447,-2.5286653067092204,-1.9288308348983358,0.06195221016857836,3.3594884623293257,-0.4322991141832518,-0.6248604635879929,1.118209919479998,0.595455371788288,0.09499567574959424,2.06084332570334,1.5218614108851998,2.0817535877409483,8.05582873097187,-0.6759259203815533,6.708315221350674,1.0501003486401068,15.703118144594315
S4,amusement,0.2577547989901544,1.1325404714978362,1.5116797908057105,0.24007750362368568,1.5029353190720753,0.34677251071372894,1.3655311060233328,0.024987214000072235,0.27373495410803395,0.3969253192243405,0.9519991815962777,-0.17693288112862876,-0.7046298256005545,0.9541035646346756,-0.7312104195468659,0.8737713125655235,-0.40824829046386263,1.1267935102928552,0.627846223737068,0.9882431443149561,2.0420307819254573,-3.0987297932254183,-1.6464514147828522,-3.229302873835619,-0.08297199655729329,2.2155516272852847,1.8299023641943932,-2.5555738766607137,-1.4285040666116058,-0.8616062080698691,-0.5992171990795845,1.9457049597156753,1.6365531257770483,1.6365530874403744,1.7445521375419148,2.136849515487463,0.25038823592517895,-1.5645606360363489,-2.00736401138343,-2.1581551887168837,0.9323613241641656,3.636792149621909,2.5441089041220466,1.7035398983562249,1.311079156224805,-0.4063046499045377,-1.635350095589203,2.8500250258447535,2.381248373814065,3.0802300412994996,8.232362596515447,-1.4433283629142788,4.112380536081133,-0.5102428312067104,6.0098353392891815
S4,amusement,1.9665766230329456,0.5676498553143723,0.9087191861881415,1.9941405348145058,0.8949113628135497,0.5507459748969392,0.20611790279597472,0.5588432373300276,1.2240233800578002,0.8885465785983392,0.782163579848249,-0.4122285830366053,0.44948508977144985,0.7677885694561729,0.490087871196122,0.6547791311355626,-1.0206207261596572,1.4138115625676053,0.13638753919247917,1.3070893474392742,1.6835864991199119,-2.298481431612263,-1.2362741892634268,-1.6051091072202148,0.396407550943267,1.8102677930257818,1.4444496113027476,-2.307757133174365,-1.4705174153208953,-1.0351921043227585,-0.20091360285646193,1.753694601848997,1.7390140245638057,1.7390140652568675,1.8260822391854548,-0.14728285211887324,0.8068065379811317,-0.21061393177412394,0.2053068779130405,-0.31434327360278597,0.5695053572786857,3.588980905188361,-2.0549063721638157,2.7305501015282965,1.431852733247862,0.0171798443953138,-1.0599694166604436,0.568910665679535,1.3615275558899285,0.857542965880125,3.024613562979943,0.5678250215523712,0.7636140376683753,0.6723742067433351,0.6785297963713586
S4,amusement,1.327387896941262,2.211501444670748,-2.351633986345048,1.3317957139678116,-2.3359153348053616,0.4923118820824404,-0.180353164946478,0.6127369117632437,0.11455977662570417,0.7685999320659888,0.7132523301272702,-0.017773386467953945,-0.611895326843624,0.7338102735047779,-0.5977243832869251,0.22992841307839623,-1.6329931618554516,2.4405798047159784,0.022046550400979997,0.3472602285707161,0.14370304991830424,-1.3173550671877596,-1.6598784509308069,-2.8701516146270505,0.012480484752450088,0.3917743731175205,0.24302108107340048,-1.6748731451978376,-2.178572898484419,-2.0999141524621385,-1.2943926418787444,0.4096220967822484,0.6952832925818393,0.6952831484429894,0.6916688181332912,-1.1582922607315123,0.15765185224918685,1.3689905565318052,0.46515658096520346,0.5736363253437856,-1.7594990576551934,2.4915993442188538,-1.6275524629967018,1.5271141638137562,1.5212747496398669,-0.5493777160965322,-1.506836778990212,-0.10856545934625203,1.9830928367458263,0.5941652013396831,3.6424820923824606,-0.08141401768891822,2.1583143663841566,0.3251383723989673,5.040507058758668
S4,amusement,-0.20418973616738215,-0.6247535743594801,-0.5473374153758717,-0.22871708836295074,-0.5169858756786656,0.32082862007724033,0.5925889705384274,0.2956258184805144,-0.16673885097781022,0.44333599752506314,0.3049667132982084,-0.5491972343719603,-0.381183072044457,0.28308966205756314,-0.37163604769512315,0.8057185211189214,-2.2453655975512463,2.5726159780297424,2.567492220524777,1.1973258810519452,-1.1931486338173771,-3.1617495974229106,-2.1917515617609467,-4.050972043803786,-0.615682432151492,-0.824077129660989,-1.006157008495384,-3.0950600119519107,-2.458620142654572,-2.694745183803777,0.1887104867797285,-0.7424400504178217,-0.16952575985038615,-0.16952574492126926,-0.13538527680763107,0.9760609352284979,-0.3060300661307737,0.4663594203569885,0.5006047325366882,0.2786861087723492,-1.29041975395935,2.0414436409119125,0.6907242461642982,-0.6769819739635636,1.6748934165012594,0.4006178954063406,-0.21229293514569947,-0.6349661055104467,1.5984092492642168,0.01848941927622371,4.348617554556766,2.5487752658635294,6.325322569087708,4.056996861991715,11.341140882207004
S5,baseline,-0.13890657158114952,-1.3132328247298108,0.06091377955550366,-0.13159362163791025,0.028559345142358934,0.10163769786212729,1.056147316652154,-1.3184002928702137,1.5093865785613352,-0.5723486079766695,0.28092397309457917,1.4951545005430313,0.6490419247496096,0.28150765987526527,0.6866104023707021,0.34850134872664074,-0.5101127853361844,-0.0809705016942817,0.7872010317740344,0.5532801244072629,-1.52695026444056,1.0441204450291113,1.5739753138277486,1.3389059147891615,0.1589051969101333,-1.6495984723612882,-1.7082460571021858,0.6375999079465409,1.0955844044272842,-0.3774082046267748,-1.2768868058777436,-1.8029127517904326,-1.2319629639563263,-1.231962943948648,-1.2159181222418665,-0.3605237261852223,-2.1770489596007283,0.0,0.06461925719186498,0.022804228879503504,-0.09545425577089187,-1.6262802482794512,0.16998500366590125,-0.6442321962199171,-2.157127835612626,0.2954635637168769,-0.8708861094141926,-0.7429775940189857,-0.8299208653085369,-0.8829449637801803,-0.8985658985348449,0.6018796022755551,-0.3210921012817847,0.4953879479987505,0.40364716583020643
S5,baseline,-0.34289983947209896,-0.7432249886767911,-0.52386193875039,-0.3515147610770037,-0.5134224090125836,-0.18766569091928734,0.49035411130278594,-1.2467371277382988,0.1286954328295266,-0.17705508795433866,0.2986515096939197,-0.07179413206529009,-1.0901580011409113,0.286158362321439,-1.075238091817683,0.6810264276186286,-0.5101127853361844,-1.076705385129821,-1.4672212145449286,0.11187475307936767,-1.3934682277737758,0.46560425640343467,0.9805658087506628,1.394814151846204,3.322941627919961,-1.393184202046062,-1.4185028900595227,0.18506769675311363,0.1734652876124629,-0.12484273788320031,2.1499954876766196,-1.3134341766437088,0.25370438991289224,0.2537044041095499,-0.14550590520526702,-0.07287181699488211,-0.2649108066119827,-0.5428967140306369,0.08702829500670109,-0.06257986716716804,0.7866011331432737,-1.0182664387083438,0.5337572845731378,-0.016122558966443323,-1.432331087923833,1.2429548251657503,1.2571708181563155,-0.8321915654013522,0.23966271042039347,-0.6402363129655176,0.8468498755975852,0.30962109343665606,0.49109415968209597,0.3566061696872849,0.40364716583020643
S5,baseline,-0.6882807857570846,-0.8879327804430467,-0.2883378552614971,-0.6889548473317217,-0.19310443722313783,-0.29495590459754795,-0.07543909404658214,-0.13476267915567466,1.6905106963619903,0.014735636275835965,0.1593114395438656,-0.5506042758060482,0.21690539327606992,0.12785087347720686,0.22085861761455736,1.020461273899305,0.18549555830406786,-0.4024690227153158,-0.5818539015582138,1.0089300811288409,-1.2188057546466988,0.21263070323554709,0.4297269389268189,1.0191960547855514,-0.03546096573015782,-1.1367699317308357,-1.078761347920355,-0.43935245327966127,-0.18208813590213715,-0.010780914192554118,-0.1914384357566983,-1.068694889070347,2.0176655480829035,2.0176655536648282,1.953228447483486,0.3873712377096738,0.1533694143543054,0.0,0.4988825761839377,0.4698662083916733,-0.9052750509151688,-0.37241651998064423,0.5937195236920563,-0.06162206166562769,-0.7974570317628467,0.07169642773500999,-0.7534009799535272,1.1154507653048529,0.7745756296857622,1.1516142130603617,0.45897970356815626,0.3131543358482582,2.089130648015442,0.6741601460054736,1.7491377185975632
S5,baseline,-1.5914213651087106,0.8188082924998394,-1.4913011139884194,-1.5821740638785502,-1.564836302410616,-1.0438974299755692,-0.6412322993959502,0.4018274172134509,0.1076067536806045,-1.3312579249538097,1.0383340968511514,1.5617103140332695,1.832181117299448,1.0336729848487058,1.8227326449869483,0.7720043655571927,-1.205721128976437,-0.5672456372301361,0.3853587126435351,0.8407482065035266,0.11134373022823385,1.199559305166056,1.1470779656138226,0.6157292380513243,0.0983406577795995,-0.11111285046993054,0.48398349949186603,1.4348766854793407,1.6257092040107375,0.7451049809002234,-0.9026577632566902,0.1550015487964624,1.7960655586204595,1.7960655582732137,1.7972446229404577,0.9914402470093806,-0.055770696128838636,0.5428967140306369,0.2289510672772188,0.5294824503325603,-0.7936189468065911,-0.14583216652034645,-0.5597594488491725,-0.8423322124454791,-0.6107506882929591,-0.3724461973142631,-1.646131023405938,1.3061111209072698,-0.5155549540067853,0.8885500723179598,-0.6076632695127733,-1.1167144194502383,1.3719320276685638,-0.8026530130958025,1.300640867675111
S5,baseline,-1.6203252924397864,1.7222779267124848,1.6640809941098624,-1.6452211478761498,1.6467611103250117,-0.2572648843706143,-1.2070255047453182,0.055980111779131814,-0.1918769255246992,-0.2547256682852131,1.5355566516260073,-0.9772782518644443,-0.3941013843165086,1.551116822502192,-0.4155620498221386,-0.011375171363136455,0.18549555830406786,-1.4295080954948522,-0.1990533925504708,0.37807111002052335,1.5679493149937314,0.7377242347244882,1.1835099569670402,0.7233505774944606,-0.2556395998918923,1.299165636263814,1.5468626950086077,0.9923197988859215,1.8582289231744098,1.316628462555737,-0.5787172405814153,1.3786979866632718,0.37910192152154765,0.37910193554570093,0.4733187880565012,0.6174927650619422,0.6314039526014917,0.27144835701531844,0.43220258633037445,0.47302723748073683,-0.5436203571046586,-0.1760500395262248,-0.584741269925524,-1.0890706274381854,-0.15425338974499656,1.0665626943327526,0.8481843266129441,-0.30454458215850533,-1.0361910057841217,-0.5737283406883786,-0.5106957265054161,-1.5354469504653114,-1.3470783941241884,-1.6294710466354045,-1.1660918123983766
S5,baseline,-0.8241425641692623,0.35231908079122837,0.3764624744555707,-0.779394711289248,0.4337609527852425,-1.6930807970920154,-2.3386119154440546,2.381676835345591,1.3312785666202809,-1.3577932965818857,0.9547801383961714,-1.0285609791710024,-0.9282916473811635,0.9511419271050302,-0.9042543607962547,1.057132910534958,0.18549555830406786,-0.021350079479472234,0.2174637229307529,0.7734457873498178,1.1468933720814762,0.841403932464728,0.9339865897373525,0.9753068905720373,-0.8526144753287623,0.9145442307909747,0.7520736209244381,0.2724410768211226,-0.15525036161899472,0.6558141593242125,1.6113630930986163,0.7668497677298671,-0.27801107329692804,-0.27801108392195667,-0.2787420259618809,1.2503269652806945,-0.08564785476928778,0.8143450710459553,0.26350950878862206,0.5177670030686863,-0.24470681518680854,-0.05351325147849879,-0.24505139526745137,-0.885234717480616,0.3230807791089972,-0.39907483166307167,-0.4538250150615498,-0.5050217156339223,0.038058550579283035,-0.43672649339473724,0.45897970356815626,-0.3659680019806727,-1.2270148925331321,-0.5294456507128802,-0.9418433869371504
S5,baseline,-0.32737380897240886,0.9570042721161929,1.116896486678007,-0.3567459709605076,1.1415463459390973,0.5927962103270342,-0.6412322993959502,-0.057758649802202654,-0.08563854246421528,0.5933982381719988,0.6588367137007,-1.55087410281366,-0.14216090234400577,0.6494307968476827,-0.14946332373538665,0.8649176832491622,-1.9013294726166892,1.2054847661896142,-0.5942946958200133,1.0218717645588618,-0.005259209742540551,0.08842189689910201,0.36840240344528874,0.5249793394516921,0.645661532616882,0.017094284687682603,-0.061930457439578514,-0.3404531811461292,0.39644481237295187,0.992136931940495,-0.7959569448542622,0.03263190500978147,-0.8486997237921458,-0.8486997518549622,-0.75007636495994,1.0777358197664981,-1.2807342003872537,1.9001384991072292,0.49970375398795375,0.5361360405103556,-0.9782899944158094,-0.1655604318489171,-1.110995235429539,-0.3189646599626297,0.10454965506292258,-1.5061816739737874,-0.15448163970795853,-1.3641548917373936,-0.042625654502253675,-1.1693288054218418,-0.4137281834980588,0.7940997938591302,-0.6782281831244905,0.6213834004243387,0.17939874036898026
S5,baseline,0.19379293880562828,0.49463683804424385,0.44142802300404277,0.2427104398524437,0.3701667225953819,-1.5387964809184187,-0.07543909404658214,-0.2698119986550735,0.10571280765550004,-1.398169059456401,0.48211157810621574,0.47573190388692244,-1.0044025191206694,0.5130900913561584,-0.9982661371621236,-0.6919945386065622,-0.5101127853361844,0.08940924363180658,-1.3488623091445036,-0.693198355164225,-0.24650198107200277,0.24480492675720317,-0.04970379857826615,-0.3162430795082383,-0.7318791627464531,-0.2393199856275437,-0.2215000891242908,0.7663242262217944,0.7953736466780562,1.3612671099123255,-0.27984079531214645,-0.21210738256358042,-1.0018419009309514,-1.0018419325105858,-0.9394323122049133,-0.1879325806710067,-0.7728225034996182,1.0857934280612738,0.4851191874273564,0.5155648855955927,-0.4523961527410976,-0.6957024101616675,-1.6817380839364622,0.04073353298157976,0.2593817639972258,1.0132193327520294,0.816794981212755,-1.2249043768493728,1.1531225695456782,-0.6293917896207271,2.3983305637153007,0.43193225179261113,-0.007840589300858375,0.3865517426421939,-0.269098110553472
S5,baseline,0.27663865904207213,-0.42748220524064345,0.16804254574817687,0.24631667234849747,0.18286272002980683,1.1293799655356243,-0.07543909404658214,0.6022502587831242,-0.5568918296996679,1.2562739472391597,0.2359931184959873,0.21954830722085847,-0.6019617243887662,0.220066070725516,-0.6066559055918,0.02833669050438037,0.18549555830406786,-0.2720995807658377,-0.11246591879085768,0.5370615265941819,-0.5798537042674582,-0.4655317443896011,-0.44069447555286306,-0.9436976850024049,-0.4241545459181593,-0.49573425594277,-0.5557120214485729,-0.08744873074663764,-0.0948776066329066,-0.2626057197433322,-0.09044809479949081,-0.5792163139236233,-0.9960352539701867,-0.996035250071748,-0.927208792442716,-0.7344712081326609,-1.1911027244659063,0.0,0.47319092582015404,0.5004643296289808,-0.5628837972271542,-1.0433149786809104,-0.46594127192738694,-1.0259991946837512,0.4043647474410627,-1.6727496322117321,1.6200118985102472,1.1405874670453477,1.9258423721411226,1.6465602546044051,1.7195577626638001,-1.276113471063911,0.08358100371824966,-1.183800626871715,-0.7175949614759243
S5,baseline,0.4352173097734705,-0.6051958089796142,0.6879554123856817,0.4383018778736912,0.6134297919105655,0.5988489946783746,-0.07543909404658214,1.049759767222471,0.1599621716115451,0.8114075245523045,-0.14839664795792687,-0.20504809352239448,-0.6635270067519765,-0.13030675575800207,-0.6661376064016103,-0.8847261946227611,1.5767122455845726,0.6242747908415229,1.5764662985463136,-0.6951022518631724,-0.6100468532688401,-1.5143890137152658,-1.2534616569105712,-0.9436976850024049,-0.5800291599454831,-0.49573425594277,-0.6207361259404384,-1.6233332876954158,-1.3880330645787724,-1.7156282149845203,0.8422335473554505,-0.4568466701369423,-0.5131653875609679,-0.5131653708495902,-0.41186497133001476,-1.683722508460799,0.272878048916102,0.0,0.19570837983251532,0.519717881030488,-0.6869501573193275,-0.46038296743315443,1.5017444508022424,1.3638339966932458,-0.20021630526960205,-1.9229893812128973,1.583208939457921,1.5606486637420662,1.2464019318172217,1.7012627582445727,-0.4137281834980588,-1.1470394568346294,-0.9701412508439998,-1.2206662537268678,-0.9418433869371504
S5,baseline,1.2792472883999486,0.27187395415581816,1.2032084671410999,1.2780826342873204,1.2409294299030964,1.0183765406688692,-0.07543909404658214,1.081548096621523,0.031015140535421645,1.1356662856697455,-1.2170512027138132,1.3163447875331955,-1.3581733719095401,-1.2081783962923018,-1.3741046477836187,0.26991789127590116,-0.5101127853361844,2.1343487169751794,1.5764662985463136,-0.15642698144111652,0.08531655436423219,-0.9943816974164756,-1.0445163114567109,-0.6687080522591535,-0.3905841751105267,0.14530141984529574,-0.008047950924274665,-0.8536779834175316,-1.3642883868671225,-2.0611779829172714,-0.26987474578417586,0.1550015487964624,-0.7468959727440161,-0.746895960027272,-0.7435110026453755,-1.9138440358130673,1.079561332208229,-0.8143450710459553,-0.4237909906355176,-0.22331576064831785,1.6050821295826783,0.32462150178004306,0.15561739102475602,-0.1697999589458649,-0.16699981670285033,0.6869767458472759,0.07314647603064764,-0.5283370593189404,-0.13566124676117067,-0.5102902752971563,-0.1228255544759871,0.11436131526039399,-0.7738949047610746,-0.023253450318054668,-1.1660918123983766
S5,baseline,1.6081787898787208,-1.0251450341711779,-0.8002913797555777,1.6079548120424205,-0.8038850683051376,0.49070992398092905,1.056147316652154,-0.02499888717377128,-1.475128484150241,0.7668071617335405,-2.008146309417176,-1.2461001783984098,-0.00760948422867349,-2.0076798051524,-0.02467845486273964,-2.050628760011952,1.5767122455845726,-0.9554307631103726,-0.16627675724766128,-2.1343075577573907,0.6145223968899225,-1.4224125704692838,-0.9968615265527537,-0.8888426102110241,-0.5509278209468497,0.7863370956333615,0.7463161524812667,-1.2201538001526244,-0.8978978158097187,-0.656214239343708,-0.419537203096848,0.7668497677298671,-0.45436215310668837,-0.45436213497318395,-0.7042318439256563,-0.6481756353755626,0.9600526976464324,-0.8143450710459553,-0.05023780800310765,-0.300164731852765,1.8381142886143695,0.755984710053174,0.37083887896976014,0.192585319125858,0.4855537954144279,0.5353948162191153,-0.4381927347251917,-1.0772782146911453,-2.0374335620429123,-1.4177540655734762,-0.7046308125201305,0.32215107767980594,0.30476344711996806,0.33620392314553355,-0.49334653601469813
S5,baseline,1.3758103526216647,-1.5505285892311573,0.3157584428726413,1.3500098048857272,0.3108671315741704,1.8407646885581352,1.621940522001522,-0.9478765431295183,0.1377842534435733,1.6860514475771982,-1.6385150987247585,0.3532238598491282,1.39265522276701,-1.6405131074914665,1.3862229753289665,-2.0384750264096074,1.5767122455845726,-0.9781953013442634,-1.4018783097191865,-2.040736843912322,1.2760510415224808,-1.0423055492555184,-1.1575495001388172,-1.5135298605601275,-0.45090323382571046,1.4273727714214273,1.371607050503169,-0.8746553241314389,-0.7200136471181199,0.36811636588136704,-0.2274680327141561,1.5010676304499528,0.1404062232975758,0.14040621588621305,0.12517358330238665,-0.3605237261852223,1.4380872358936188,0.8143450710459553,0.501682853985627,0.5333430913448283,-0.5484838449569734,1.2762121116337144,0.2614145704510253,0.7345591555431669,0.8890079415940649,0.10562915952437432,-1.028180554312497,0.1842289056997857,-0.7398237329648217,-0.09619651562337167,-0.7046308125201305,1.9945300755497688,1.2861281202858197,2.0692917889918543,0.8521440167526587
S5,baseline,0.8748545551095254,0.7924274526683783,-1.269407636671604,0.8992756606274309,-1.32356060965886,-0.8975057924522025,1.056147316652154,-0.8409334037105789,-1.8292563740356704,-0.5230237111048064,-0.7137277629289314,0.7563561154091952,1.3230379181786505,-0.7101827523621319,1.3398536860016903,0.40233845877751667,-0.5101127853361844,1.3443461151099338,1.2220981887905258,0.0852891890015668,1.216834949508037,-0.9421156802431996,-1.0067452410574236,-1.2978306754620066,0.034234532053295616,1.4273727714214273,1.170370918894769,-0.7011093385273511,-0.7332934402229611,-0.5800841964580381,1.249540187367324,1.2563283428765908,0.6088282247566252,0.6088282181346472,0.7218002907568507,0.24354528311450366,0.5118953180396951,-1.0857934280612738,0.2354513300954991,-0.7169435531930393,-0.236184699322877,1.364584359206833,-1.0958347542690403,0.023611740400708115,1.2426120835185106,0.43764923414103035,-0.520667580615338,0.8318048401897351,0.00523424185563862,0.6533848723155974,-1.0925009845495595,1.199652543402781,0.22968507055630685,1.1385212456364757,1.5248892931363371
S5,baseline,-0.5103896661305279,1.1433944144840582,-1.6615467015230985,-0.5270527778664397,-1.5700747235943968,0.14065295871456698,-0.07543909404658214,-0.7317629047299561,-1.0631602454252624,-0.6499668849066554,0.08133780223401059,-0.5478097748343423,0.776564465311427,0.08282522799710369,0.7580822516704909,0.23256264087033887,0.18549555830406786,0.38611073421628,0.10685224614435399,0.4091994474942691,-0.43802536437624395,1.5468665548096712,-0.6677124670213281,-0.019732518985080636,0.012109592164118901,-0.49573425594277,-0.3977769973449162,1.8515547069889604,-0.4090638195251731,0.3496741996350312,-0.8203062534643822,-0.5792163139236233,0.8752025631662066,0.8752025425437934,1.0457256083779465,1.3941529198758646,0.7807897458037375,-2.1715868561225475,-3.4920209232891897,-3.315169443402102,1.8180665204270365,2.035916769944925,2.1569843564256974,2.698054443063955,1.8105853891699342,0.4178949169415339,-0.3327518027846356,0.44057823691925646,-0.04568698467448867,0.31522539182103365,-0.4137281834980588,-0.6400997893082159,-0.5310241610769292,-0.6888163231702833,-0.7175949614759243
S5,stress,0.8614866822056828,-1.2736955462367114,0.23689529490820221,0.8450071022586378,0.2140216726857971,1.3258444638393585,0.49035411130278594,0.24332029148767512,2.614319427197891,1.4251810195568035,1.9146252745555818,-0.7026720717348905,-0.26585518082306103,1.898612228172899,-0.3642661503564216,2.172705461354352,-0.5101127853361844,-0.06850542729117887,0.34466690982535747,2.215348940565393,3.029099573764299,-1.6802603356484886,-1.3966214633241993,-1.4056802680110672,3.354569997236453,3.2222726636280115,3.1374789415359845,-1.7048285193913482,-1.3623454826895354,-0.7124440278580464,-1.272658711416707,3.336612287250167,0.17953682790915812,0.17953683963593092,0.2932639509169764,0.7613187196571123,0.3625095248374494,1.0857934280612738,-0.5220535689692677,-0.4884084285337089,-0.8039659157816776,-2.7748784645099502,-1.6663661806744865,0.21823583250261017,-2.1378057133927872,0.8281906978998831,0.9535874508789808,-0.8684983503472539,0.9276353661456377,-0.4240162522328416,1.1377525046196568,4.59337769741985,4.678591031699838,5.312914216709379,8.9250873333568
S5,stress,1.118452492863583,-1.4915027001607595,0.1656519683596808,1.101784222056218,0.1646630998655625,1.098202501676772,-1.2070255047453182,-0.3931459699513182,-1.0035336218468054,1.315681767971461,1.8496421446811795,-0.26264306328027587,0.7245408239110946,1.8053530120977186,0.7195918268740392,3.281975845204665,0.18549555830406786,-0.6421027844995089,-0.3161473509230149,2.906866857412953,2.108721283432673,-0.7006235932347986,-1.2103780113684959,-0.9031992118165809,-0.4318657859549283,2.196615582367106,2.338064617393319,-0.4565766814544824,-1.211883523118042,-0.5177223528176486,-0.5895607091150524,2.357655136956719,0.21452465564845438,0.21452466337789164,-0.34856482327901045,1.1640313925235963,-3.581275415701838,1.3572417850765923,-0.5856617306436295,-0.4740633532397723,-0.7891733841607801,-3.5555722268983803,-1.7110959584205212,0.4313516371619654,-1.4656553161633357,0.5026493969276525,0.30421249849169807,1.1211690837535142,1.5894635519295708,1.4823106307249838,3.0771033647668014,0.8594977175513243,2.0115119837226514,1.1646063253576666,1.5248892931363371
S5,stress,0.24707591763312697,1.7786442282658366,-1.8639082669796352,0.26785528940706593,-1.8623250013997028,-0.36242119676862544,-1.2070255047453182,0.3686110936552225,2.0532934858793457,0.03342576545494375,2.958234641462211,2.3413761436985996,2.053109717725718,2.937240470596136,2.2905698362384053,3.8517444655446758,-1.205721128976437,0.8268805035259551,-0.8316545220859117,3.096659173476089,0.5397847365052897,-1.0792861849385873,-1.058034100372841,-0.7074960636145179,-0.06285473109203178,0.6581299604757483,0.6803541845600006,-0.7201015231453002,-1.3661213789938909,-1.4434312785444596,1.1068706187871384,0.7668497677298671,0.12444789077908348,0.124447902301856,-0.5454937132929621,1.2215617743616682,-3.730661208904084,1.6286901420919107,-0.5785880696739495,-0.4721314656978039,-0.7544179556961845,-3.723708082503439,0.34749855513868416,-0.5242283003381368,-1.2328795407630053,-0.7980502560165287,-1.9779239801981945,0.838933945090248,1.9493448351718259,1.408827083272453,4.53161650987716,0.7525544205366582,3.228759430959226,1.3495481568853667,7.355348355128217
S5,stress,-1.221304175818999,0.1615230130945086,-1.1154316806902838,-1.22511860524412,-1.0650105668603749,-0.4965674743250252,-0.6412322993959502,0.12495201820413883,1.6201743166409013,-0.6957136465527082,2.7404638174190334,3.0089584501128,-2.2740908266758404,2.7260837226750065,-2.4482646137945614,3.016355331286984,0.18549555830406786,0.033915477696518696,-0.9316864173757756,2.849191645098339,0.35611968288820073,-1.8007911898322522,-1.4535387957791528,-1.7004691543118333,-0.4845578068604266,0.5299228253181352,0.3451253923604992,-1.9592971758306434,-1.9064163746836247,-2.381094240792467,-0.2823719298484645,0.5221104801565052,0.7913153516978737,0.7913153564527519,-0.21516387000849363,0.5887275741429158,-2.326434752802974,1.6286901420919107,-0.6112300622167235,-0.44261182288521494,-0.9661101061149716,-3.6947648529933232,-1.3496270815024929,0.46992693860216456,-1.0116318281643966,0.2898410125443704,-0.8877505768651258,-0.6824012070075908,1.6292828208019785,0.014624271973623421,3.5619410798035873,0.9393674781870768,1.8036335055507373,1.194349298386767,6.234106227822086
S5,stress,-1.2883228602799528,-0.8048743371406355,0.9141700249962132,-1.2798151710593701,0.9000061305957265,-1.1073836327791708,0.49035411130278594,-0.27160501181079233,0.8647830073974886,-1.0603188037291194,1.7508324036740852,-1.2430427244930964,0.17564347392131674,1.715036544773554,0.23934864087819144,3.910463772188664,-2.5969378162569416,2.5076720507558954,0.6807068732382484,2.7239590951725074,0.8321920656302613,-2.0319246259907198,-1.547266321001564,-1.9094334281452863,-0.8850619145911472,1.0427513659485879,0.9615206849766857,-2.0367397585700044,-1.809923409851137,-2.5242146719471585,-0.039302342256489174,1.13395869908991,0.5674347671500649,0.5674347800950146,-0.7019223329192953,-0.04410662607583659,-2.983732242892855,1.3572417850765923,-0.6605511027726153,-0.4473372332925094,-1.0562857948025,-4.104083929966525,-1.0939066075318515,0.908727062128014,-0.6118757496127752,-0.0812601708556554,-1.7932364196105823,-0.3590645428070112,1.1975002235939958,0.10096956856438717,1.622590219656443,-0.6457365642357971,-2.5459794616287352,-0.932319546405107,-0.7175949614759243
S5,stress,-0.629814939670131,-0.649329582830335,0.7263328328634133,-0.6341683863441695,0.6141851141552856,-0.05871985757500045,-1.7728187100946864,0.936613837546767,0.1312361751719751,-0.010861023105418536,2.8486804437094713,2.258535867244792,1.9559516682874352,2.819335539831189,2.0629400429232363,3.316272616554523,-1.9013294726166892,0.7119719054749988,1.3879676013418432,3.233320065193879,0.5292807431081625,-1.4940717942400594,-1.3387372890225895,-1.9875004383415247,2.374727969858535,0.6581299604757483,0.6421204223250299,-0.901655985290986,-0.7315137247710178,-0.5250113994769156,-0.9003079389483638,0.7668497677298671,-0.07339666361673225,-0.07339664688810277,-1.0037869131623378,-0.9358275445659029,-3.999555636668126,2.1715868561225475,-0.47475561788685655,-0.46377885272530767,-0.7964269560307122,-4.168827190718875,0.08477902514401867,-0.06950497336040021,-0.7950959979363248,-1.6901554182227514,-0.003281415564807416,2.5201979972754764,1.4893310721329438,2.5919760202161015,1.9134928486785148,-0.7668288222303576,1.3373206397864108,-0.4849115505622035,4.664367249593504
S5,stress,-0.32685302692628626,-0.6913507538077245,0.41607382296082646,-0.3142529117743406,0.40333710715263493,-0.14376422985367188,-0.6412322993959502,0.07866578826089153,0.4505323693863842,-0.1843319389068693,3.0434316971890354,1.4572635268726157,-1.511674535552109,3.0600718755025773,-1.5660550567748677,2.2811983626263928,-1.205721128976437,1.343981421143608,1.3957664383746622,2.6555565033197586,-0.21761335775384608,-1.4337533109502951,-1.1572647065514485,-1.911032644526665,0.7531589528785999,-0.11111285046993054,-0.17679579243190105,-0.888459472472178,-0.24630213849563173,0.2359650717504774,-0.9217621300377368,-0.08973773877689947,0.7643481553316307,0.7643481507669336,-0.017989439269542662,-1.079653499161073,-2.147171800960279,1.9001384991072292,-0.4759186016739271,-0.46655019756803984,-0.6711767877985668,-3.744348030745252,0.5532565845519075,0.7003884018245489,-1.3560241783219387,-1.4503321147655883,-0.2735008557407173,3.605237057088366,1.2922950509725257,3.404180896717344,1.622590219656443,-0.10737610382627089,3.778689424098845,0.6930208688667077,5.785609376899634
S5,stress,0.8647772994806524,3.441492689395831,2.510207089852876,0.8028301481233733,2.474429309702137,3.2656366155843353,-1.2070255047453182,0.4496568546848342,-0.10759816856937195,2.966494878216557,1.8356956845849965,1.0594052891803387,-1.4265672206456332,1.8438959860325366,-1.3548851990053594,1.945179254352849,-0.5101127853361844,0.2980397274411995,-0.27898202598458516,1.264464472476619,-0.15699253985999304,-0.9228788313118805,-1.0235408741926173,-1.5925182945397216,-0.6023684623981657,0.017094284687682603,-0.18880165332448468,-0.9068334521198169,-0.7793801457795652,-0.9186199190772913,-0.8738658815585647,-0.08973773877689947,0.8639798824705575,0.8639798540082997,0.6902466680167959,0.5887275741429158,-0.9819626139827622,1.0857934280612738,-0.4982575007007077,-0.4819927735185724,-0.8781010161339244,-2.607077601205571,2.3123565181038543,2.86914012930178,-1.4726309959670372,-0.2893675739511543,-1.0993941023394644,3.7276345526901737,1.9556430776772082,3.7911365722793233,4.143746337847731,2.5024467511100092,5.6208647943952235,3.65386253154265,10.494826311585383
S5,stress,2.732822803464514,2.381144049355537,1.926408635048606,2.7432639924938695,1.8971776184522986,1.9548408005007962,-0.07543909404658214,0.13754876454915596,0.15901993809517606,2.1128762846965428,1.2505582150948098,1.009493357188069,-0.16390096276734883,1.2135500135871067,-0.3141395065095988,2.287200645104373,0.18549555830406786,0.7043788963223702,1.3416216883525984,2.512468752370272,1.1235390550597715,-0.35107371622527955,-0.9152354658420305,-1.184588603285493,0.2866325940388135,1.170958501106201,1.159219359438284,-0.3710028184628406,-1.3797914758578638,-2.076768443827369,0.7542230085359269,1.2563283428765908,1.3792892753137376,1.3792892660816525,1.1694416906273568,0.7037883378190404,-1.4301199935894995,0.8143450710459553,-0.475477039540634,-0.46373649276923584,-0.39376472656550193,-1.6616161028726335,-0.07812296541111877,-0.8874889636884932,-1.5080111232049602,-1.3199941835721771,-0.9924983609176135,1.649742332009363,2.836452015766664,2.507365176417654,6.27703228400959,2.32670567409,5.595190892926937,3.4823622801969263,14.307049544426228
S5,stress,2.9117922132731064,-0.040774260944361575,-0.9768963836611454,2.872525000422344,-0.9614961040900808,3.755787216589668,-1.2070255047453182,1.24456691629628,0.7412277016482595,4.066595335738965,1.9305849538044042,2.290949822024324,1.964633360647821,1.9311266409966477,2.1112070248135426,1.966212680245157,0.18549555830406786,1.4517846483277415,2.1430598064446347,1.9814366526009892,0.8004055432026331,0.367679313097478,-1.1118337459138816,-1.5220443020771588,0.7077449353387064,0.6581299604757483,0.9599118454759735,0.5162212002060803,-1.4551842257821739,-1.5107147861684551,-0.3467318650844918,0.889219411516548,1.3866478730198573,1.3866478533575637,0.8067897996424322,0.1284845194383599,-1.4301199935894995,1.0857934280612738,-0.47869651357303783,-0.45957961601846126,-0.5611354974746111,-1.127305907539937,0.8006785661963105,0.3878576425583903,-1.7947240841613028,-1.0344896713410392,-1.6691646343751134,0.5133587348730961,2.557458254780931,1.4301080603316736,5.404324396943375,0.2479814665427111,2.873822028994501,0.7938840483963377,6.00985780236086
S5,stress,1.8615083580978433,1.0650960686809146,-1.1618393484077751,1.8603255042091822,-1.107324134505299,2.999187737206029,-1.2070255047453182,2.1255739657114026,1.5981776203923452,2.7342366666433016,2.861069570856681,-0.5032482608707008,0.4748387573750133,2.8473780223521947,0.4081650483298961,2.827983183642167,1.5767122455845726,-1.4660782601614435,-1.1068562125214958,2.6391737813317344,-0.8384833223934695,-0.7259725991977998,-1.493929461588189,-1.8076651129666563,0.3410580425060653,-0.6239413911003832,-0.7873992840355009,-0.6411565492287902,-1.4558703503930823,-0.78539857398178,0.1498105603384068,-0.7015859577103042,0.4614697887772118,0.461469803415778,-0.3100947459455805,1.3366225380377927,-1.5795057867917452,1.3572417850765923,-0.659977338898853,-0.457199210399971,-0.7217934014074745,-0.5953828091031024,-0.08343232908747213,-0.7298689926500238,-1.6438823237058402,0.3001029781528734,-0.23567590283116385,-0.5378592725891963,0.13747842305609576,-0.43167756003678465,2.6892331927373725,0.3232441296305468,-0.12739321164588663,0.2666224221006843,1.5248892931363371
S5,amusement,-0.216390751149262,-0.05909512043030681,1.0791559434140703,-0.22606911219059772,1.1721239409997901,0.18088484851231082,-0.07543909404658214,-0.3080569310420828,-0.5821337770660822,0.11531769363543196,0.47771468477586576,1.6011005200978923,-1.7113721033624296,0.4853972577810387,-1.8891892481771775,-0.3445177501123291,1.5767122455845726,-0.7028373467740534,-0.46030105390367826,-0.12016485413973632,-1.3007823307651836,0.47826583145303075,0.8699290537890783,1.394814151846204,-0.2466166084789281,-1.393184202046062,-1.1194036777683765,1.9167889929044224,1.6670716591301016,1.2580567029750604,-0.9868158013762958,-1.191064532857028,4.145343029426812,4.145343029605486,3.926680646091076,1.0489706288474525,0.8405440630846358,2.443035213137866,0.047316075709334965,0.356195338282935,-0.5393190342083247,-1.8244403776347828,-0.11800151496333112,-0.0652318565111702,-2.850987724634425,-1.6000309008035243,-0.6310448221349212,0.7577318985364466,1.18479066788092,1.0152934410994452,0.45897970356815626,0.3436628320063649,0.6026892570014706,0.4078605214757411,1.9733861440587894
S5,amusement,-0.46175712533542623,0.640390319832108,-0.9585922114065589,-0.44803827668307494,-1.0558381045272955,-1.1508929624844155,-1.7728187100946864,1.5177478494049461,1.4615212070671948,-0.7016024788458757,-0.5727171470172685,-0.5311175334783843,-0.8130586845841032,-0.5963328131981012,-0.7963936416863078,0.7526212509789391,0.18549555830406786,-0.4037799821802109,-0.19427417923020437,0.4666174104930608,-1.0118970192286172,0.16667826990088028,0.151773351464932,1.3316451047817537,-0.5552592060816182,-1.0085627965732227,-0.7064990871628335,0.48118545192208584,0.7376087684471678,0.45800064690966447,-0.9442128106178252,-0.7015859577103042,4.6271585801647035,4.627158376175415,4.572143911996265,0.35860604679062824,0.482018159399246,3.52882864119914,0.27730404840172057,0.3455078150396074,-1.131070514241771,-1.6849288016062398,-0.364948810186878,-0.3033490592165632,-3.5251546359087254,-2.162655412832105,0.7144642638680884,0.009941638383474147,-0.22106170620848273,-0.09314558057724893,-0.8015983555274877,0.32415499065659453,-1.653172881903006,0.05962497888340027,-0.7175949614759243
S5,amusement,-1.066635349522101,-0.6506440620987054,0.6054252545176263,-1.0717511456188402,0.6260789625564217,-0.7459724617978245,-1.7728187100946864,0.5065924506502792,0.953367721007357,-0.7523148544870634,-0.45695872822885164,-0.1679993479009512,0.7303127166757398,-0.47480808499340327,0.7526834590512571,0.025689192400446155,-0.5101127853361844,0.25369260656545833,0.15252413847336838,0.7127970524038335,-1.4094561795843052,0.6305169692806964,0.0535225295756466,0.8052363792446731,-0.3790547801237462,-1.393184202046062,-1.272232357969891,1.4706896068135076,0.921146593227544,0.7612066044631103,1.7702482636179737,-1.191064532857028,3.2625167066338197,3.262516605627528,3.239919234965224,1.1065010106855244,0.4222638421183477,2.9859319271685028,0.3529762854541888,0.37305223762437956,-1.0109376791475364,-1.6287186175993156,-0.11142918565793397,-0.563131878471908,-4.278616696674318,-1.7581464502648723,0.24113776292290678,0.2616227924737831,-1.05584028950739,-0.1124150784591227,0.1680770745460846,-0.07914120016771664,-0.6019787843425021,-0.17849925208673123,-0.044849685092245864
S5,amusement,-0.4861289478882273,0.029307990553954524,1.2107100486498723,-0.4791266987318855,1.217094975241107,-0.6439075721667116,-0.07543909404658214,-1.0110407853334753,0.15609052499653409,-0.3211394356665689,0.44325433564095046,0.7572323809294406,1.510080821019427,0.40592315847666854,1.5345536346056061,2.010916535903986,-1.9013294726166892,0.40736056399683246,-1.0494051730254599,1.4337676983956293,-0.5638670495448095,1.188155284729375,-0.05060242674472212,0.8722338534039373,-0.19187270950177476,-0.6239413911003832,-0.38781059423309305,2.548537640177728,1.028482000027806,0.04353423994584986,1.0596821227783702,-0.5792163139236233,3.6380701982866324,3.638070086246542,3.6486145501510494,0.35860604679062824,0.24300089027565283,2.1715868561225475,0.1354492005212504,0.3641695397522719,-0.6916931913583214,-1.3763955917463702,0.2160712209679143,-0.7564414227659991,-4.491267149167635,-0.284646951661048,-1.2465895832918497,-0.44601450123137854,-1.5548372073441603,-0.806778791850884,-0.21979309748334433,0.4381236352705841,0.19068315437776,0.4247462258256017,0.6278955912914326
S5,amusement,0.49555691688455256,-0.052037087739595284,1.0910330602840022,0.5169945290386979,1.0857384199470805,-0.0725209763441706,-1.2070255047453182,1.1109369035621914,0.24472376937328205,-0.1776318200516813,1.4228175607633247,0.012727576210163466,1.0825244258489615,1.4172953674341857,1.114321287014193,1.308003576183152,-0.5101127853361844,0.036334499311061204,-0.2650571000681229,1.5135041995257987,-0.12801088777513014,-0.03033011364587539,0.45604920943555727,1.247419708695821,-0.789265120300982,-0.11111285046993054,0.07528116028606432,0.05722374334496207,0.29090487448739205,-0.4307671060514734,-0.33318399196431536,0.03263190500978147,3.33764695480145,3.3376468791177403,2.9303969086182136,-0.6194104444565363,0.4222638421183477,1.3572417850765923,0.31754401486739536,0.35430393286981204,-0.7027008746882664,-1.4072064065454017,-1.276378163413978,-0.5619090998743538,-4.4846626164826215,-1.2370732180072597,-1.076779671549309,-0.6866885879954222,-0.9427919125150795,-0.8652569970277197,-0.7046308125201305,0.49696652159727966,1.0408089525010198,0.630680784408414,2.421882994981242
S5,amusement,0.6106617322963795,-0.4291626714470682,-0.8160604809604911,0.6152665764372806,-0.897024617205521,0.5267463332610121,-2.9044051207934225,1.6699682873459085,-0.15946704598385952,0.31583433899165336,2.0037092626684525,-1.501507342134337,0.23616571970035394,1.980906786415506,0.35307389551429624,2.71670459629911,-0.5101127853361844,-0.561845623853553,-1.1128359722094925,2.288698522086182,-0.18354942666636595,-0.3301392599859727,0.0024808561981219004,0.2367149556646254,-0.06823773315980425,-0.11111285046993054,-0.039234031551596514,-0.20223870627435575,0.29387510335193445,-0.2884767022522765,0.09326516967097451,0.03263190500978147,1.0145356618000785,1.014535670612851,0.2618841886268074,-0.9358275445659029,0.482018159399246,1.6286901420919107,0.15796016376171412,0.40507435267289277,-0.8773924586827724,-1.7688928899764078,-1.2621810596604257,0.10720600758097888,-5.017024076191949,-2.188581926594191,0.7219823364753611,0.7607218636850315,0.5010334604536543,0.7606238607770583,0.1680770745460846,-0.8944295592010884,3.4560167976888843,-0.12164575893490952,5.785609376899634
S5,amusement,0.1961926205811368,-1.6186226512455189,-0.17557893481374579,0.178850963371864,-0.14128933766477278,0.37110588381764903,-0.6412322993959502,-1.315588839452129,-2.2729170596283113,0.2681923824880566,1.230186014715715,2.7088797502866298,-2.3980397805605147,1.2382901046656212,-2.4770970128927163,0.6152936393746218,0.8811039019443202,-1.5426180365245021,-1.8056780825863519,0.1436285367532696,0.8823317655395735,-0.9132229945577225,-0.9856036674740377,-0.6780368144838617,0.9594258739033331,1.0427513659485879,0.7822246620669278,-0.707610662326407,-0.38181621496107515,-0.863111025287495,0.3133657787191734,0.889219411516548,0.22866515543419866,0.22866517100614883,-0.10866513825471466,-0.5906452535374908,-0.533805234376025,1.9001384991072292,0.21317222211983772,0.39703361960913136,-0.8650786090564788,-2.2974414721499548,-1.7828831166563395,1.0272937518149419,-5.776309971648954,-1.8077029184646964,0.006194692981740147,-0.4045877938209088,1.1285503690372825,0.036007591810175224,0.1680770745460846,-0.4752613521719904,2.7975660379644274,0.10428637216255836,5.561360951438408
S6,baseline,0.30641664104923655,0.3215426733155099,-0.9723092053139784,0.29730980109443544,-0.9989260827438683,0.6978163243858031,-0.561687597999528,0.5301594143798911,0.805000280016789,0.593586761175926,-0.5563718712011011,0.13486702940182818,0.39354733937536657,-0.5043725407224046,0.3103207582714539,-1.4886369737048708,1.1287395759443495,0.28685190980165803,-0.7342982199533397,-1.3366102298080946,-0.5141882902367338,0.2021945925939049,0.7515849560268403,0.7067413232905148,2.044205797868976,-0.5282714569359526,-0.444823635751217,0.20661599777220296,1.5257976244437919,1.4442242641100569,-0.9577244721803543,-0.4974717846548113,0.7313989189032502,0.7313989218084284,0.6525376072661949,-0.6683551231041884,0.6393701847679539,-1.050161169913108,-1.018331390418973,-0.719167226785662,1.3555765249603258,1.1400786602095447,0.3886502119626838,-1.6358916570060615,-0.7483310094904905,-2.594200168835881,2.3778751146239454,1.1171344837894164,1.0319774443920953,1.246489330541568,0.13833095148130095,0.17338515721463457,-0.44937084141995326,0.060562445503381426,-0.7219039925428725
S6,baseline,-0.5469236710528896,-0.05751478854480636,-0.6601333334231134,-0.5555480346571394,-0.6061812786913647,-0.16168908291762427,1.5446408944987002,-0.7438109791744584,-0.9987631566571679,-0.2404406896369847,-1.058803969220455,-0.9793558668462702,-0.47809595989343834,-1.0465146347570211,-0.5148303647591764,-1.1416795969312765,-1.0559176678189077,1.9797679316949897,-0.19656662495831903,-0.8100633247869597,-0.4759091866976875,-0.6409024831973457,0.7362342048751782,0.979872938930927,-0.86881496355991,-0.44306638323660547,-0.46324139235445955,-0.6508992671464384,1.0290669199069131,0.7088678266256813,-1.2416028920301008,-0.4053473800891055,0.1854359789337368,0.18543590121753561,0.14375023214490262,1.4161187756860578,0.9072627202852529,-0.20628165837578888,0.32738881803811914,-0.6986722138123693,0.260296894378759,1.0164351060684724,-0.5494214779021979,-0.36422912820120845,-1.2683811692355598,-0.9299057388676747,-0.023513754220828943,-0.7914704427622167,1.3351446716646918,-0.23468808988037865,0.38244439527183366,0.12054080260407295,0.2529092041329168,0.14565965151514604,-0.1665932290483555
S6,baseline,-0.37431620002493693,0.8046050114833856,1.2907012544502534,-0.4027080806981899,1.326205959167286,0.06593719944251174,1.5446408944987002,-0.40614174725574514,-0.3809017003923405,0.3778035094675693,-0.7447873310084606,-0.26727516019408126,0.9450105341404061,-0.761995649975692,0.9579651611727453,0.04648604975620174,0.036410954062720824,-0.657088873754653,-0.4162374322466737,-0.3394744693337572,-0.09242748668375707,-0.04579522956244944,-0.3877068601167367,0.14801945691030247,0.5115606576901913,-0.10224608843921683,0.04239723412301329,0.09009934483398147,-0.3021298857158003,0.24547979582032264,-0.5189711715289383,0.055274642739423625,0.421222117844772,0.4212221393284473,0.6518387273473233,1.5650097684567803,0.42505615635411464,1.4814773646988493,1.0257290363752096,0.6176496719643543,-0.925842797971076,0.7161657435265465,-0.366309711511811,0.03217091890398802,-1.2217625128945175,0.3863019287119868,-0.4402121236562879,-1.8802881204162045,0.2735857623105118,-1.531663764794892,-0.3498959360997645,-1.6251249635975462,0.42924242159782094,-1.4308364736721133,-0.1665932290483555
S6,baseline,0.8131820953482805,1.217569837332249,1.77358249981281,0.8380207113988408,1.7020030568411992,0.38093289566477717,0.14042189949988138,0.7082478834426137,0.4009029863696158,0.283024200893613,0.2137462576877281,-1.0561010346239625,0.2680387215891423,0.22434124846655146,0.2619489661921168,-0.9903550895731598,-0.5097533568780935,0.18244543648464465,-0.6391059267196165,-0.40812648866754736,0.8430245856776661,0.5860897318900192,-1.2139411410501735,-0.5464028356328118,-0.31943479195166313,0.7498046485542547,0.8488632514093364,-0.082307195558886,-0.17190843165739067,0.17926048370142367,-0.06768400889744297,0.7922698792650702,0.6750945139724255,0.6750945051135558,0.7062640278180063,0.12573017167305303,-0.485778464404702,0.9188910236739699,0.15880948724548932,0.6907529707342015,-0.4412314346288395,0.9929987716414774,2.240703077492629,2.585698064152563,-1.0294521959586707,0.3597934384166358,-0.03467175855623237,-1.1130719826042126,-1.6467510713933673,-1.344382837679379,-0.47195265799503083,-1.3846060300594134,-0.19428872168560687,-1.3321423251087023,-0.1665932290483555
S6,baseline,1.0924188554034702,0.29298508865106027,-0.9286830490625185,1.1027694597472404,-0.9154387219366336,0.6260793980483909,-1.2637970954989375,0.8906350064827345,1.0371908758123833,0.7759330807240985,-0.2816891394205538,-0.5929657162981589,-0.5890549779725127,-0.27789771747005054,-0.5953681179716586,0.0561567289751221,-0.5097533568780935,1.6339377480382415,0.8358221817455234,-0.022595280269034655,1.1123901474846862,-0.9951704344909542,-0.7416909087479173,0.17663517349827634,-0.9096896181963918,1.0906249433516433,1.0214182481236809,-0.8995985118852644,-0.30801303291199333,-0.3280754171469018,2.018862110921251,0.9765186883964818,2.1239099401825006,2.123909957815508,2.0821792991830046,0.7212941427559758,0.612580931216224,0.6375978531615302,-0.14326217292519192,0.6273386787167624,-0.5670320812240742,1.2868698251615611,-0.30942346878867244,-0.12368212008663251,-0.8641463136057504,0.3348641304903924,-0.15055515766716596,-1.3933822424881035,-1.3946067890190288,-1.5370897703206956,-0.5940093798902972,-0.9172789396494297,-1.5341869168703024,-1.1214240147190961,-0.444248610795614
S6,baseline,0.3633056589803914,0.3959037824593773,-0.3009280675844871,0.32676107530734794,-0.3951211859891664,1.1929102013297357,0.14042189949988138,0.35598446664039124,1.0371908758123833,1.0720859434038292,-0.8807309972523006,-0.9348808834143,-0.32923981342230546,-0.859886215884774,-0.24215304894205597,-0.8747612293552897,1.6749038868851638,-1.0489834059677017,0.00272510201599282,-1.0767775922344769,1.079020005150493,-1.1553769648075494,-0.12218560856082883,-0.8020223338104695,-0.3361733018406841,1.0906249433516433,1.0629230489539343,-1.1184695404586853,-0.9112364368218857,-1.3967218380736446,-1.12910032388598,1.1607674975278934,1.4782375932335778,1.47823757930021,1.1910050827294898,-1.2639190941871112,1.148366002250822,1.2001841941864095,1.007333111992406,0.5142031899035103,-0.8743810104245363,0.9738799717234605,-0.7405865513230325,-0.0812861750701516,-0.7366935021445625,-0.1667526516425882,-0.858198792442268,-0.4525447667107839,-0.18231428751052464,-0.4709225036375509,-0.8381228236808299,0.28174188963481794,-1.9305283963265518,-0.06729463581223546,-0.7219039925428725
S6,baseline,0.4278098903126847,0.2314843428493748,1.1673198604439874,0.4384487226422837,1.1983223725301329,0.2971394112828126,0.8425313969992908,0.3753165228140107,0.0721325734762644,0.280415677060347,-0.9435688436842424,-0.48837631976569934,-0.052301240249861276,-0.9648840113725242,-0.07258051030792292,-0.6629307049637182,0.5825752650035352,-1.8987893673562806,-1.9393214616900043,-0.8141417514949294,1.5485698591593058,-1.6271274975051455,-0.5746880641636813,-1.5116549419239553,-0.9041831702412276,1.6018553855477262,1.5473189420821412,-1.4967656354985361,-1.274261260462592,-1.755702668682326,0.953434682759626,1.6213895203564226,-1.2069689360578364,-1.2069689133584298,-1.1131562290559351,-1.2639190941871112,0.15716362083681562,1.2001841941864095,1.0137120950084024,0.6278970707861559,-0.7538411042795382,0.5696794919540634,-0.7358272665786894,-0.26086312786081833,-0.355428942170365,1.4593296442817432,1.3386784507090113,-0.5415076767907433,-0.28215866637676146,-0.573003449192618,-0.9601795455760963,0.9916181701779544,0.46316341838021924,0.9941300228451817,0.11106215269890302
S6,baseline,1.1411412556772895,-0.23827041523750642,0.7999462081209737,1.1403624761128046,0.7989133817074103,1.1514331711972103,-0.561687597999528,1.2368802372052796,0.9677315032203869,1.1062135891953389,0.416088804178495,1.239422238835682,1.5251872101889423,0.4291593526997933,1.4484596659527773,0.4732586649492275,-2.1482462897005363,-0.017301008218652623,-1.2577238661212042,0.06524050986269748,1.2595187252384386,-0.7626636409450956,-1.3187368360000422,-0.3640842711791577,-0.08256853288062349,1.2610350907503376,1.2754720085801377,-0.8041233349279203,-1.7637044572006193,-1.4725066800910336,-0.914244685975222,1.2528919020935994,-0.3877725223223601,-0.3877725262449732,-0.3550004536529053,0.17536050259661615,0.9340519738369828,0.6375978531615302,-0.042077144683277064,0.6263394087052747,-0.5956105222779111,0.08845453080653508,-1.0525137645565756,0.5499495778244818,-0.0644161638065665,-0.5897440262588879,-0.949885139008887,-0.4250409582399497,-0.44895040197473585,-0.5194184519070747,-0.47195265799503083,0.08271310969009457,1.8058565265082205,0.4658637702182912,-0.444248610795614
S6,baseline,1.4096594912021372,-0.8139449136458364,0.034777173117996,1.3973802118927792,-0.008714387121922329,0.7510907680073637,0.14042189949988138,0.6199451513931169,0.24031817429975613,1.0778643827830279,1.1257991559184877,0.2626045223303202,-1.0489177282025162,1.115924883689261,-1.0411004297053978,0.6949705770278773,-1.0559176678189077,-0.8040451499318688,0.39410053883259477,1.191517712667219,0.308032179956698,-0.042957252459236164,-1.595683247805466,-1.4413066732621511,0.7922382841214958,0.32377928005751894,0.2817426927065078,-0.0032883723504682537,-1.1025113589090154,-0.3305630858644686,0.7543969259627085,0.23952345187083526,0.45280849794802946,0.4528085146611969,0.6321103837444012,-0.37057313756271043,0.23753138149200534,0.07501151213665082,-0.501915270161613,0.5727240060552842,-0.5209519319913235,-0.49582575460421136,-1.4459369241713038,1.6053293544175853,0.028355922438203566,0.2889874436315387,-0.4902074997225278,0.7408108441502768,0.9575072605228323,0.9027012387187898,2.7015221112818946,0.5536599784504146,0.6369626889102908,0.6262324449131924,0.9440282979406786
S6,baseline,0.962571729434197,0.9206179130686422,-0.8545197186170864,0.9875557424773332,-0.7412336480227945,0.6028220887685029,0.14042189949988138,0.7236290030281438,1.0960969507366014,0.4797410061377655,0.7858759695033601,0.14670696329615351,0.29048042543462566,0.7142548981414518,0.3119467368083096,2.2509668703967134,-0.5097533568780935,0.868652055670378,0.1803672333703479,2.397313352152097,-0.534980263571407,1.4663441240129371,0.20335118780844827,-1.7430391677611878,-0.3859586592869504,-0.5282714569359526,-0.5579229039184046,0.8047677985282251,-0.35576277240720783,-0.8125010601100786,-0.1772555526456838,-0.5895961892205172,-0.3415864146930944,-0.341586397348006,-0.29885784393312587,-1.0653977704927926,-0.05715040757702359,-0.7688679994006683,0.6600982256074741,0.32308354456531024,0.61307525689901,-0.8550651291326424,0.09970180183971283,-0.7499240364504174,0.22883133353139132,-0.19399996527107694,-0.9472358550844961,1.2254716602565487,1.7681500396360321,1.6405117508103795,1.6030116142244972,0.8762305639212383,-0.19557940392532244,0.7566815937398238,-0.444248610795614
S6,baseline,-0.3119044436286104,1.9157546599779047,-1.982695709276973,-0.3214611405221367,-2.035689822027795,0.34511485491749794,-1.9659065929983468,0.960001040592752,0.43036071917452323,0.11398671744427995,1.2424163339293341,-0.6026310756511439,0.18217026383499016,1.2593166967886134,0.21273904020804008,0.4328235842696988,0.5825752650035352,0.04415518878437853,2.3347665283411474,0.714025464218801,-1.433635019676038,1.7586946669294188,1.8132597964862607,1.0598138996061701,-0.6872362191057184,-1.4655272676287714,-1.4511136220475547,2.0243544511317166,0.6273744878788599,-0.03516688884358589,0.3073573825451835,-1.4187158303118694,-0.8293036467669492,-0.8293036298580648,-0.7159362528932508,-1.4624404178813968,-0.4054107037495123,-1.6127475109379874,-1.9768068333983435,-2.166541680107032,0.9441457369397585,-1.0872961418721412,-0.5556719414288873,0.2152792181354593,0.6098265571259799,1.2234526431791386,1.3992805047386874,0.6751227915950021,0.5547802429308586,0.7034473303498358,0.5045011171671,1.3254409223372268,1.4302748577638538,1.5212404898451295,2.0546498249297125
S6,baseline,-1.2765745535916055,-1.2026511212566915,-0.010019899022315197,-1.2772728426551987,-0.005870999497033809,-1.37933825388236,0.14042189949988138,-1.1049506438617531,-1.362137105883333,-1.3154147621425665,1.9274018431572502,-0.017781610632143317,0.2145631622148667,1.9228812094679077,0.31316760090221374,1.3140423451339869,0.036410954062720824,0.18578338236945674,-0.16974145254527223,1.1866742608238392,-1.600944084536744,1.1678453222060503,1.4923527662024751,0.6325055508344033,-0.38059031367677093,-1.6359374150274657,-1.6524346080669838,1.5811933922168677,1.1630610534677448,0.8081824383135962,1.5558825177752158,-1.602964639443281,-0.14199547963663028,-0.14199546096323554,0.0017144123588290591,0.026469509825893724,0.18395287438854555,-1.6127475109379874,-1.9468554741700013,-2.2348325389345374,2.634026343734116,-1.3643594670261812,-0.2430322575190024,-0.6242544904634342,1.1870108222548141,0.853629162575521,0.5937708257170914,0.6016749666146454,-0.20319896649821886,0.4072922424020589,-0.47195265799503083,0.9037075647054895,0.7946694591254496,0.9842055797877352,2.332305206676971
S6,baseline,-1.294242812572086,-1.255564445006289,0.24272109121305122,-1.2872458789968995,0.28090811374869773,-1.3448084953322954,0.8425313969992908,-1.2256441092865684,-1.5926379213168138,-1.3032738982218666,0.5525139866842219,2.6053890481037807,-2.434983035509663,0.5829431092913189,-2.473114403799023,-0.5745565003106509,0.5825752650035352,-0.37385683013453863,0.8174468562544749,-0.5114924920936079,-1.1040689526511873,0.44973609415434235,0.5320715147741506,1.0843754701324768,2.283914370768663,-1.0395018991320355,-1.148415397847887,0.6184251011537921,1.1383049992332954,1.1135286046832733,0.5732521211517586,-1.1423426166147521,-0.7629410087550779,-0.7629410134313518,-0.7926508233129991,1.2672277829153025,0.05000660662989602,-0.48757482888822856,0.4869344280528158,0.2005198507184508,-0.38052981915024114,-1.3300846221757177,0.8797613758174001,-0.6351037155631987,1.3221029982294406,-0.9944670401151887,-0.7898152953803669,0.8390799449060379,-0.3582680194143581,0.5643389908580794,-0.10578249230923177,0.7855243991962247,-0.6482205455220862,0.5914440980949008,-0.444248610795614
S6,baseline,-1.3423430918822759,-1.2850315055091979,0.04174006825447414,-1.328890216673409,0.03032841191140004,-1.8855736468625777,0.14042189949988138,-2.1989737702648227,-1.7660440569004774,-1.7720325253905964,-1.600915066065973,-0.5739646412902977,-0.45669122046764066,-1.6337742061797376,-0.4548180926416598,0.5184721383741111,1.1287395759443495,-0.6944024681910959,0.670209706575543,0.07488241713733737,-0.42911884386275057,0.44084640359517935,-0.06854768655606992,0.8139707723937877,-0.23546312489273663,-0.3578613095372583,-0.3538248331490041,0.538358134626254,0.6685552062017264,0.9027677827782776,-0.7492765258399672,-0.4053473800891055,-1.2634462030575078,-1.2634462112714615,-1.374957088312332,0.4235121572144979,-2.0127659168533065,-0.20628165837578888,1.040551763889415,0.5856638873291732,-0.6313409414212258,-1.0222726681841052,1.2090613160057644,-0.2303279053994334,1.3230133911680304,0.19365339048134944,-0.7352614920453111,0.39791362550672704,-1.249699329607708,-0.008503429722684842,-0.9601795455760963,-0.4233506348307057,-0.5785600928296291,-0.5136907149799795,-0.7219039925428725
S6,baseline,-1.370200844655282,-1.2474861199371794,0.3585008268869256,-1.355482006470088,0.370494830124452,-1.3398668340497482,-1.2637970954989375,-0.7212774761355792,0.013559002231425348,-1.5294929928937744,-0.19697513320578872,1.124342506748296,1.5702863189395977,-0.1994964221827041,1.5774170386192377,-0.05425686404397142,0.036410954062720824,0.31287345071105016,0.11755683709880628,-0.31037208817359735,0.034716625249021804,-0.8017574324140713,0.4943259268275775,0.8065756379728722,-0.5218064148166477,-0.017041014739869673,-0.008359032843245528,-0.8083623624368385,0.0373673449541846,0.728926442779397,-0.4073261081320503,-0.0368497618262822,-1.1340933497288497,-1.1340933667693511,-1.4108410814315981,0.37388182629093475,-2.3342369594740653,-0.20628165837578888,-0.09130868045195303,0.43304138016111127,-0.11635911354320537,-0.6296583180974052,1.1808455806619824,-0.282864777332709,1.5894707845589149,0.3690578092229916,-0.2900480280043649,1.0000978731956403,-0.15519788966232848,0.7548914134552672,-0.10578249230923177,-1.7442019897923695,-0.2823436578393298,-1.6806319321709369,-0.9995593742901311
S6,stress,4.810429908928636,1.024939785969085,1.894783475582288,4.763578123448031,1.8921435631360553,4.517505317808795,-2.668016090497756,6.283950749924109,5.310093079732111,4.029190598639544,2.2231099467466504,-0.5257691851599502,0.046590189330500686,2.2389879462075726,0.1017705137801447,-0.13767462944735886,-0.5097533568780935,-0.06541943877155615,1.228558958850825,0.174048516594402,1.5895505248269906,-1.4867860997276339,-2.0379830732219038,-2.865252663071767,0.582294639602719,1.6018553855477262,1.7133108560109942,-1.2154258345559334,-1.9085715132777383,-2.826077527848584,-1.0953267905744066,1.8056383294878342,2.2804428772023604,2.280442728075919,0.5702752764331205,1.813161423074662,-0.5661462250598918,-0.7688679994006683,-5.9875927669478495,-5.337226200910661,3.2098470812518674,1.0352129696786228,0.7694183195731844,-0.49460431416966316,-0.3867230790344759,-0.8144750800942455,-0.5695775755809525,5.128057623115784,5.973796869071137,7.516350645418621,27.723150099811498,1.9272444496892769,4.111388451660335,2.848188072868835,13.993831240061828
S6,stress,4.974346915385818,0.8341415716554773,-0.7484853176045427,4.956338975954085,-0.7592158548086476,4.245502864161577,-0.561687597999528,1.0715130973565867,0.4452939735134866,3.209946062867422,1.5322079046090331,0.2742072922297464,-1.3060270115725214,1.5239985323362364,-1.3180449383365924,-0.01443868800603364,0.5825752650035352,-2.8221573037652923,0.2927132350998555,0.07468299327435893,0.5420392982284756,0.1947847732075949,-2.0146884270803027,-2.0993708755505267,0.2688285883117796,0.5793945011555605,0.5109937458927438,0.4796455171770924,-0.8089703444644893,-1.5348316659972252,-0.7178774022642482,0.4237722610022469,1.4307028122066379,1.4307028138017843,-0.6463285079314922,3.0042893652405076,-2.6021294949913645,0.07501151213665082,-4.1071622089793305,-5.198021272140295,0.40447565629413007,1.0329616208247654,-0.6673353958872801,-0.3337294759033522,-0.3959760477925177,-0.0020155757699916016,-1.2495314703716134,5.66151860594078,6.859052539068204,8.700091850147079,35.65683702300381,4.9523196922859265,5.580136266841637,6.17204469309262,11.77258818608376
S6,stress,3.856988089916958,1.2582958092032726,-1.605525529431856,3.8245120611205783,-1.48792904442171,4.244253711384411,0.14042189949988138,0.623344896055199,0.5731676621252222,2.968146677787514,0.3986156121875558,-1.2113973464598067,-0.4054204170651364,0.39046820254863834,-0.39678757604802045,0.20571887137936842,-0.5097533568780935,-0.3300931572637418,-0.48187026479412454,0.1835957503985335,0.09473259176820219,-0.7379636522484018,-1.0572149968890825,-0.7163206876902124,-0.8233742629824937,0.06816405895947748,0.06851492881123102,-0.2533128047765765,-0.3889628345608038,0.06801203934167484,-1.3005371945966446,0.055274642739423625,0.6597831386865337,0.659782827077817,-0.7647829561536177,0.22499083352021235,-3.9148029190261298,0.9188910236739699,-3.5333679447868347,-3.2803404489588446,-0.02994627387508444,1.0750342513648845,1.2473943606565874,0.6353821750224194,-0.21997426319388258,0.04020441619472274,-1.0709086530727714,10.472195686788183,8.2295823277414,14.011157870849795,41.8817298396624,15.728846607692105,10.784151935234982,18.613546804562855,27.04363418218298
S6,stress,2.1793148515364,2.3968572079516193,-2.44679088632262,2.1324327134204792,-2.5042378841994735,2.5028115499134698,0.14042189949988138,0.14965543959386574,0.18043123911516648,2.1072195982204427,-0.1424456202059474,-1.0763214106996535,-0.5705161023190576,-0.16119170971031002,-0.566635423013784,0.759003230693286,0.036410954062720824,0.1592421891540449,1.4996501409432286,0.633844910867062,0.791350888818808,-1.328313248718566,-1.21092886879932,-2.2748775375960215,0.8622267330242959,0.7498046485542547,0.8362847925082341,-1.0058042316401412,-0.96415886646487,0.0758414991863201,-0.9756463057174094,0.884394283830776,1.4097859147600351,1.409785895104057,-0.17314735447314386,-0.37057313756271043,-3.459385608646721,-0.20628165837578888,-4.7071424761639475,-3.3025743638976777,0.10696843835796167,1.334347549265353,0.7571663687125384,-0.33658265402072496,-0.23191261204862593,-0.7885819174985735,-0.6855074036456337,15.66328852017472,8.941422862365908,19.10018315918477,38.5861983484902,19.237253766616114,14.495100314544658,24.17717191909654,31.486120290139116
S6,stress,0.2478121791249423,1.4598741964937945,-1.80285919869117,0.22892641407224013,-1.7989023892162335,0.8859994234590808,-0.561687597999528,1.1488234371890544,-0.7274027453496732,0.5917805048914094,0.9937931267844842,1.3275011634780278,1.4219379258504345,0.9708433117516083,1.4885818568694087,1.5543009596861628,0.5825752650035352,0.27000132725626713,1.1325616127451725,1.168068330929292,0.9296488399611197,-1.5771716737957557,-1.1627043414598102,-1.3612551951297533,0.5774762065901164,1.0054198696522962,0.980437448608635,-1.5838443311775945,-1.2492806324466055,-0.7204518501563187,1.1654782125474097,1.0686430929621875,3.2565091468126726,3.2565090887042203,1.0619778124301513,-0.37057313756271043,-2.146712184611956,-0.20628165837578888,-3.445331395615623,-3.2651741971312074,-0.040117568359659184,1.2509079739169477,-0.39750052469874353,-0.30157051602269463,-0.4861827760365289,-0.9018021574191363,-0.5947003279234742,11.077214374663738,7.637956486174015,13.953214054633909,32.97158914130795,6.528648156624282,14.452146971019191,12.347042229225213,32.04143105363364
S6,stress,-0.10447667218568506,1.2687101947652917,1.1773515889213206,-0.15403639075173856,1.2740065193492454,0.642534342009808,0.14042189949988138,0.3970297527563912,-0.4116454022110681,0.7360366380437164,2.1170420589367795,-0.4232235409642504,-0.4803301544174468,2.112344292897854,-0.5623066186679827,1.4575990205870981,0.036410954062720824,0.9736613533643781,0.19681607887315006,1.2330819124444827,0.8953877896764055,-1.5910634668421966,-0.8529351159798283,-0.9296733130246542,-0.3063786147385248,0.920214795952949,0.9105725427433476,-1.7359680084165678,-1.301558246786718,-0.7833187924616944,-0.7182484459964968,0.9765186883964818,1.9528981221361825,1.9528977304853978,-0.053028484309746195,-1.7602224034228746,-3.030757551819043,1.2001841941864095,-3.952037641903627,-3.1453359093802007,-0.5689543807673955,0.980882201960681,-0.4628751360366018,-0.2887170771350784,-0.7108583056193012,-0.8417627976902634,-1.1529689812648005,9.241703888842899,7.142074453736372,11.957333958835218,36.02300718868961,6.534441217679396,15.77777362870008,13.284646832836085,37.03922792508429
S6,stress,0.7141646794910543,0.6188512440371815,1.1701751386686945,0.7479237098992328,1.1542924839711504,-0.6695621059951741,2.948859889497519,-0.9483642760214007,-1.0605797212331272,-0.44017717735218975,1.4661406432669397,-1.1574641332517266,-0.488888318255356,1.4325192517876857,-0.4726107967220301,1.9858465424575278,0.036410954062720824,2.2576204002852345,0.1738284918554769,1.8283693443021727,0.8962708483437022,-1.7337975288307905,-1.5800034066985882,-2.1045351031996473,-0.6572383651647011,0.920214795952949,0.906266239760088,-1.5806508150621414,-1.2887677214608282,-0.024579833603707007,0.370862072165541,0.9765186883964818,2.768734466339563,2.768734409252135,0.307060182990028,-0.22168214479198803,-2.494972480784445,2.0440637057237288,-3.5868157653890584,-3.1727400815233793,-1.1460367861723055,0.8406047397275297,0.23399155783784945,-1.4626286006401905,-0.8026154679943645,-0.19300846687390866,-0.4407593323322496,6.069710899098661,4.370664331760448,7.14150102611207,30.164284537716824,20.919739301841656,20.71292990011406,30.637720498282977,41.20405865129317
S6,stress,1.19117878279767,-0.29347470851889224,0.6151853985187943,1.1559943909466224,0.595984612810746,1.5906488577645264,0.14042189949988138,-0.10403601728559635,0.21827160337883725,1.3508802134450715,0.8315909933536276,-0.9278742829738998,-0.4447946506608481,0.7816642796042788,-0.42784358616533175,1.906874006978485,0.5825752650035352,1.0134404991798964,-0.7744385149043826,1.590544708212243,1.006097915838481,-1.7065168579545882,-1.871530372714485,-2.519333245445104,-1.045060633139895,1.0054198696522962,1.1424347898661242,-1.3738770134661902,-1.1847963754222948,-0.018257008946557966,-1.268021504688379,1.2528919020935994,3.1478959338776744,3.1478955118165057,1.258764976261492,1.7635310921510658,-2.3878154665775253,2.0440637057237288,-3.20556095577285,-3.2288843226087245,-1.155994823442027,0.7590801412268561,-0.19505325253734565,-1.251214392303532,-0.7405872896434332,0.133383575645799,-0.25071180854226627,4.317183458717627,5.395561970438718,6.390311727748029,30.28634125961209,23.2274495353275,19.230422999893687,31.502803944631403,38.982815597315096
S6,stress,1.690741821937051,0.3422001823103723,1.0036691160156088,1.717604509613393,1.0242509787490828,0.24360026609879576,0.8425313969992908,-0.3640832453255864,0.09088590865209062,0.3878740921947874,0.8179620241475707,-0.5375074476683325,0.20045131985305348,0.8218359945213526,0.30580975043404685,1.3951752056418405,0.036410954062720824,2.1735710231330025,2.0150702860334375,1.2854451572397843,1.2852211482350595,-2.2168300408063013,-1.7018642535689088,-2.5014478701506584,-0.9497855102235171,1.3462401644496849,1.4406266267614047,-1.7879488830217176,-1.273405983737957,-0.4312639155515882,-0.8680051761660638,1.5292651157907167,1.523501016798003,1.523501035850819,0.41427988937432153,0.026469509825893724,-3.9415921725778595,2.0440637057237288,-3.2314056583032023,-3.241036005698914,-1.0863901244253849,0.7420149893084589,0.5297863528773824,-1.691845012120397,-0.6630894509314167,-0.3965774715871905,-1.1661287682595385,8.375952328889339,7.767535782324379,11.803760609425092,34.31421308215588,11.79476344332725,10.790669715832768,14.962904928922502,25.100046509952172
S6,stress,1.8574002517564991,-0.12713467747338109,-0.20139744587182182,1.8240882937660077,-0.3323088402381257,1.861141282683011,0.8425313969992908,-0.8498576000439337,-0.8172303746746954,1.4187255447825473,0.1220862218542947,0.384898611215427,-1.211948451298447,0.10220690394210978,-1.2132269519962042,1.8085567324855316,-2.694410600641351,5.470721327033239,1.9818188344630094,1.725971186378333,1.8141409862782065,-1.6476670191317866,-1.605480661393362,-1.0303757521825108,-0.36359107168590604,1.8574706066457678,1.771707262617951,-1.5133324822892102,-1.3137821393744182,-1.0809779224752125,-0.8624836876733261,1.8056383294878342,3.2438678855354537,3.2438678822974008,1.5477826241331463,-2.306156043582201,-1.905608902646387,2.0440637057237288,-3.3617980212772283,-3.232603726547665,-1.1112047078701146,0.6320508692686237,-0.6102672235411922,-0.6581722938600572,-0.5626616549005541,-0.0322681180591113,-1.0150307883523064,8.033719208043218,6.217318471858263,10.153081156786667,24.549675330534573,5.729924615373845,5.763356740399027,6.962634897182329,15.937418912292639
S6,stress,1.9682235598635716,-0.2263941241710057,0.7957360089394784,1.9767810653126094,0.8394036674109552,0.29095996233753746,2.948859889497519,-1.2885017441669264,-0.8445534524528329,0.7811028990686905,-0.16048887045502633,-0.07979033491714589,0.9768037492318057,-0.20443627174596246,0.9091734334923012,3.1234835762531827,-2.1482462897005363,4.276048987720231,1.9818188344630094,2.4544460266379744,2.4760977852952064,-2.265517967747066,-1.845266539493287,-1.2672553533833781,-0.5291597883439533,2.539111196240545,2.5220382003788244,-1.7578278366308178,-1.3678466497827628,-1.4961805119468736,-1.3963746466463653,2.542633566013481,2.7637970294659295,2.7637970125252522,1.7863736530595635,-0.9165067777220701,-2.2538691988188755,1.762770535211289,-3.5211573982030613,-3.221198795981101,-0.8192103064994748,0.34406632098168727,-0.3146647262826817,-1.4860095315431896,-0.5580759871885969,-0.7731922468918674,-1.0368950412795452,9.30389890149381,5.2611894219040725,10.480141991699684,18.690952679561786,3.4864580682843473,5.745279894897757,4.878830903000443,14.549142003556346
S6,amusement,2.3560603306650756,1.3757155868957271,1.106249225405365,2.413474095834502,1.0648356495042912,0.4083642841421983,0.8425313969992908,1.6596883695126297,0.7841951521832438,0.5619833096970772,-0.5132021098577589,-0.6924836868613519,-0.7024488242388304,-0.4882676891195773,-0.7412898535223147,-0.8700274446904707,1.1287395759443495,0.42379281628706944,1.1322543420885505,-0.5787178645129031,-0.9044116706193319,2.5652409219161294,0.3592373950556324,0.5808632743431946,0.5655761480265532,-1.0395018991320355,-1.011971745048284,2.334122530422909,0.1789507765955131,0.4984657465452029,2.1415546876098017,-1.0502182120490462,-0.33952143505559346,-0.33952141228058663,-1.167253069699684,0.7212941427559758,-2.736075762750014,-1.3314543404255477,-3.8058486146646477,-4.849300630602733,5.3095966132567805,0.9820595220191409,1.2449142103876238,0.5526572212200513,-0.1447973636678031,-0.2207209532715045,-1.2142648372762281,2.979798678620626,3.9339154208530465,4.266963612244715,19.789463176619183,4.612920670728865,7.928350156513783,6.847781260990583,28.154255709172016
S6,amusement,1.8520803408918602,1.7270678308520244,-1.857289665626439,1.8369832721667432,-1.8184684386497232,1.631273616350019,-1.9659065929983468,2.00844180451004,0.24773882154187565,1.496987266071742,0.618364974605018,2.66374081962557,2.113190292116625,0.5104906680426147,2.091476612280781,4.22670611495242,-2.694410600641351,2.521029998788538,0.29369574594100656,3.1942777725733267,-0.04415148345791139,-0.6982068699008541,-0.37133323021419473,0.4072383792434408,0.05864450159245993,-0.017041014739869673,-0.1918242809957669,-0.5476985260399325,0.5372976583555289,1.2293361299826515,-0.32470844690636114,-0.12897416639198803,-0.9341584434335659,-0.934158505808431,-1.350016457905308,0.026469509825893724,-3.6469103835088306,-2.4566270224753066,-6.258198585396661,-5.901059021917269,3.5823486374983147,1.28553883260709,0.7966370644868932,-0.9646368839103796,-0.2352706326016786,-0.723311010160831,-0.6879584286357792,13.248686382340088,8.475400861053098,16.590918210003913,41.8817298396624,7.403444891026413,9.739332208224178,10.322680165582995,26.76597880043572
S6,amusement,-0.08040383303585313,1.5286752068144414,-1.7634009652768077,-0.0704120318601806,-1.8208808664438096,0.5059440690615814,-3.370125587997166,2.4192061556990514,0.852196879976378,0.11939295842349307,3.2798219029534432,1.843919595882721,1.0273540737090994,3.3167588544897733,1.0851883290279045,0.7631936876841714,-1.0559176678189077,0.5853397382995483,-0.4156740138732638,1.1676052870064222,0.8493853582160564,-0.45066394580518304,-0.7434027620672077,-0.3150922505171478,-0.6875566076529634,0.8350097222536018,0.8432183084945696,0.13010794196360911,0.05223099155371132,1.1169259433050263,-0.5583999842392936,0.7922698792650702,-1.381147256262277,-1.3811472320688805,-1.4071770897915477,-1.7105920724992785,-1.610927113577358,-0.48757482888822856,-2.511700268979879,-1.5769778366465734,2.756394810609757,1.3440832230509365,0.36573274833411834,-1.5501405642642454,-0.2504257514732323,-0.07774570794652562,-0.9061881808984273,13.283556745746791,7.257764935033974,15.460651168491633,41.63761639587186,8.294522285827751,7.762507200896228,10.182205889007806,16.770385057534416
S6,amusement,-1.2059854804364456,-0.7500661298044422,-0.2800042375509181,-1.2252956009812772,-0.2822065378756459,-1.0064219069019023,-1.9659065929983468,-1.677404799754256,-1.419758091822852,-1.154270767782409,4.633207705386067,0.21895966800152175,0.2993638674367188,4.479614266617033,0.3272648125236591,7.95754756605996,-2.1482462897005363,1.5237059280422205,0.07301428412472433,5.686182147627,1.3818771297505614,-1.7127367732683996,-1.5494003042501823,-1.3391965655999372,-0.36257948941541107,1.431445238149032,1.4359397826875921,-1.3877400601417416,-0.7859171987010101,-0.06149145862923035,-0.5550883688351417,1.437140711225011,0.27114784392934166,0.27114786451458783,-0.03088137499456138,-0.5690944612570291,-1.8520303955429271,0.3563046826490905,0.09129755326202373,-0.049432315831061016,-0.6534667314896192,1.3209029345129888,-0.04189168957820347,-1.4131655846392395,-0.1590261883263575,-0.3432961385799239,-1.6203408626156104,4.50989636181511,2.2205610764624515,4.605569159937115,12.099889697217403,3.106096279854096,5.7598554447210795,4.532552938818786,15.382108148798121
S6,amusement,-0.05455879628414136,2.624514544449496,2.720674669143871,-0.056630069347810306,2.7849299675104975,0.5715390875378961,-0.561687597999528,-0.4395466077460698,2.554121841949559,-0.004995227537657538,4.891840574442417,0.3069756367706544,-0.34196977077499857,4.883915614845672,-0.30762404433629037,2.492303745141399,-1.0559176678189077,1.952846771515143,-0.7569402051207217,2.3954355320664176,1.1242020240630204,-2.0359354344785583,-2.179138808844919,-2.5850558745236665,-0.9700964232139989,1.2610350907503376,1.1820667049395839,-1.6345949127702257,-1.2765176072055597,-1.181656745862139,-1.1202290584427335,1.2528919020935994,0.04132392066547082,0.041323941622796616,-0.525410367745548,1.7139007612275028,-1.7180841277842775,-0.7688679994006683,0.2169714390248031,-0.20321826813707405,-0.2710822736542594,1.2852913837246043,0.1974804012052271,-1.2125393051624258,-0.24917222333080918,-0.7478139664501878,-1.0920748061686085,1.9712445723811203,1.2901952196560198,2.064174498034625,4.898543105396689,1.7920132822423374,3.0901571088815616,2.4011054732115933,10.939622040841986
S6,amusement,0.3637970171734919,1.6242365075129872,-1.3910390630538219,0.3999580765231145,-1.4482290630032213,0.1815097060377178,0.14042189949988138,1.1282346426857932,2.783879753798595,-0.05505936270182578,2.6515877664263026,3.3421398110095413,-2.895360606818769,2.5944838835632003,-2.8040532776082174,5.613512179983259,-1.602081978759722,3.956244082551914,1.1819320998046776,3.6036755687646895,1.2653769244493434,-1.4054571844796946,-2.1944138993300144,-1.9504925592823792,0.11775182173843493,1.2610350907503376,1.4293308351262632,-1.1879767455948098,-1.110420287449998,-1.1934479594119578,-1.134766382355983,1.437140711225011,-1.0530058734961387,-1.0530058508669322,-1.114815200669557,0.07609984074945685,-0.24467518243913292,-0.20628165837578888,0.06250982238607686,-0.16810823774487413,0.39808033799146175,1.53250107308227,1.2309837673379163,0.4263090229333494,-0.40690903027005443,-0.8822051556219289,-0.7529048799507603,1.5319921722274084,2.0235981427570535,2.0134182181378057,8.316131318464146,1.6047769359706747,3.7282668502773317,2.4250663866617654,12.883209713072795
S6,amusement,-0.9245965596864587,-0.25639119459320253,-0.8159053051154077,-0.937394367050182,-0.8008337248009413,-0.4789148643494108,-2.668016090497756,0.02381875109700406,-1.2651455885404121,-0.8268154528193156,0.8045243522551475,0.8062354638439425,-0.043066975184161096,0.7331578087266235,0.04791948685022522,2.686273244688731,-0.5097533568780935,1.909126313013729,0.5523490771808638,2.882359623904638,1.8845470889247342,-1.9308932987641294,-2.6940731822216386,-3.636051365392049,-0.13019262523870004,1.8574706066457678,2.0441119696332133,-1.577885427420083,-1.4336012483799194,-1.5532983284879485,-0.8675013452801671,2.0820115431849517,-0.3525541270604186,-0.3525541055477117,-0.20453787978504798,0.026469509825893724,-0.6465139857150815,0.3563046826490905,-0.8539163627245431,0.021918416475136218,-0.7391547937531484,1.6756768514379614,-0.39266234744952866,-1.0276677109524295,-0.6555629367819172,-1.4391318530325066,-0.03506765482229665,7.985467493670301,4.8432371945810875,9.07228757144716,17.714498904399655,4.874983457597897,9.452731793403963,7.8324642862535105,27.04363418218298
S7,baseline,-0.13836895494434281,-0.10537656240711493,-0.8214358856760193,-0.12848519153437274,-0.826535341610392,-0.12579874811813888,-1.5430334996209192,2.297938810498513,0.8771458365632299,0.21070226350268612,-0.4408625159734357,0.5163329732015077,1.3146720185825005,-0.4464029405899282,1.3574764736337344,-0.339910025156256,0.04036787044610175,-0.39608712756837194,0.7097091539049586,-0.391286690985297,-0.1634359650377937,-1.6921329611203613,-1.6177086007052603,-1.8091763105098109,0.020537682006327856,-0.2135689633997879,-0.11192100883971835,-1.6409455236576753,-0.9498863710534289,-0.9083399417191554,-0.7440269549432614,-0.18529622528963077,-0.26870440937693396,-0.2687044520211947,-0.130910938714074,0.5491620487198714,-0.7379983028720012,-1.910201240257304,-3.1997159431517463,-2.797732503671352,2.1815293885397233,0.9374442375214918,0.12630554365872648,-0.9315418693846866,-0.5446182155500772,-1.8261315731672874,1.5049921979873555,-1.1252851253865106,-0.4154643038868728,-0.9956197695549406,-0.4749643689715322,2.7624825610539894,0.7594569398248117,2.5764427566335857,1.7931122587074808
S7,baseline,-1.2366319846164244,-0.3065480303703974,-0.717497631538292,-1.2253203991255741,-0.700067366148969,-0.2588458338442602,-1.0801234497346435,1.1941734506708437,1.6873202171027522,-0.7404863223777478,0.8556795552217056,0.993889488680097,1.7245100705270315,0.8321196869326839,1.6360103828141606,1.5994238172940773,-1.170668242936955,1.3900181719442288,1.1946863364594822,1.2752990101512056,0.19193067428730215,-1.5845668382316542,-1.5211021107175282,-1.3945629069358725,2.6370870221714156,0.24407881531404146,0.22106868163699345,-0.9992060850815159,-1.168370966922045,-0.5015960228883666,1.938907981854059,0.3051937828299772,0.14359454759536408,0.14359456714267888,0.14529037180839963,0.3907499192814534,-0.14847303134703052,-1.5122426485370324,-0.7230863229236519,-1.2955856232150444,0.9859601237531925,0.9905776679241804,1.0833800962606719,-0.17492496739573218,-0.9161323010951345,0.020536393389848525,-1.1524428345972724,-0.9226074647379922,-1.1286487806481122,-0.9580873750124662,-0.5845715310418855,-0.47301265400512177,-1.3947958033781178,-0.6446152783163129,-0.46395212288235566
S7,baseline,-1.5967405944124187,-0.9313217003230323,0.29178372806465847,-1.5982149435586912,0.32302630922816217,-1.8433435917998509,0.3086066999241835,-1.3528671225411655,-1.7020607970276176,-1.783951754260998,1.5453209777181443,0.908062355931831,-0.288673625843645,1.5841735769606937,-0.2725814855947389,0.5842847551543864,-1.019288728764073,1.4308137911833145,0.3850308512870157,0.8983336044035767,0.6377002265327978,-0.4962354533241628,-0.012619314361339746,-0.5797203944623164,-0.5387073085307146,0.7017265940278709,0.7550602397541035,-0.6851869604999069,-0.7548201864513678,0.026343538774717186,-0.282292080912552,0.7956837909495852,0.5366892005779679,0.5366891695759928,0.5355750988126193,0.3907499192814534,1.5545999752806625,-0.9153047609566249,0.09183464827091799,-0.007592589816154445,-0.05375521461651456,1.179982420344201,0.6353106756321525,-0.140016485710918,-0.9256188773170325,-0.375831867730181,-1.1059638663380988,-1.5579636033799777,-1.727781444554458,-1.4984004396412314,-0.5845715310418855,-0.2809642888674394,-0.10915612196416032,-0.29229722858137164,-0.08777472595071623
S7,baseline,-1.057145973744747,-0.613718509796441,0.8334517670089371,-1.0403022761377236,0.792452915232069,-1.2349150551042776,0.3086066999241835,-0.435295096632463,-0.5476487025485222,-1.5151464171529527,1.5077395531144129,0.921665513694739,-0.32683573819363104,1.4344998313867734,-0.2869652893102024,1.5519447426501438,-1.3220477571098372,1.4258381413137144,0.4203919750323153,1.7558421168802478,0.6663900467386414,0.2824930610782074,1.1602329888750254,0.14412447702434542,-0.5507870243483788,0.7017265940278709,0.7184538737582931,-0.48255571976109757,0.6183334525354152,0.18097018863419687,-0.5720856553676295,0.7956837909495852,0.6457987498184429,0.6457987631466209,0.643950569180465,-0.43299315379833253,-0.5414898790303443,-1.5122426485370324,-0.9250441535366262,-1.0941560169161766,2.1876043043870936,0.8771173197089671,-1.3929852408331844,1.7248315483355847,-1.115661996497723,-0.7799067921679235,-0.09877050680451192,-1.3540719911314598,-1.3604033183707174,-1.312623446198031,-0.36535720690117884,0.2374894316343237,0.9774496216360983,0.38678732790981935,-0.08777472595071623
S7,baseline,0.35040666757912425,0.9241548427740521,1.5847843811359659,0.3400833742497832,1.5839085833888678,0.45006806753720446,1.6973368495830106,-0.9340136376840761,0.3911097157556238,0.23004964402822972,0.5703621779999273,1.044728052321137,-1.3949435521164983,0.6021034632479677,-1.4297620522323848,0.3850575593983295,-0.8679092145911909,0.5600117124133004,0.6253386200244483,0.4200662234073731,0.5563565449365423,0.47640871052391853,1.9831370402633721,2.434289223200201,-1.0701571788380655,0.5491773344565943,0.6133042555235781,0.05996468372661392,0.9943852813428339,1.21396211338989,-0.3602028725717253,0.6321871215763826,0.6809265761550226,0.6809265938365527,0.8148452729858666,-0.6547701350121008,-1.065512342608096,-0.5173461692363531,0.05151537129815981,-0.4024359827697696,0.421510917853506,0.40973812191333775,-0.15264650198550597,-1.0441108577452878,-1.2752498017904956,-0.646068372971691,-0.4084598954191725,-0.34448514805794844,-0.38431587493841374,-0.39580124960858787,-0.4749643689715322,-0.6203718807291979,1.083907154195654,-0.3482000636129879,0.2884026709809232
S7,baseline,1.6856870354708409,-0.7082608451976653,0.7430306576487705,1.6690920392790203,0.6793250650608766,1.6552928930111481,-0.15430334996209216,-0.9890802700421278,-1.0965309230685396,1.3348196968878483,-0.7113250165929689,-0.06277277159740378,-0.816287032772694,-0.7381967245464383,-0.7725703458513741,0.277582007402663,-0.41377067207254453,-0.6532524470651181,0.28283118932962376,-0.15353153818469645,0.41041077092612555,-0.3149869641106219,1.094232487185383,1.0677913130340864,-0.44484616329388404,0.3966280748853179,0.6009515637047786,0.07410477512208416,0.5833377285779285,1.0041937611255132,-0.785214520879842,0.4686904522031799,0.60594454441903,0.6059444658774475,0.8175394083403911,0.2323377898430355,-0.4759870710831253,0.8755089017845978,0.2799022519763601,0.5733153917847826,-0.5399195253413791,0.5010709187618035,1.4602246605795892,0.12996528645361052,-1.12344763950036,0.5892452978621284,-0.47561855923481405,-0.02697719250535058,-0.10935998925931605,-0.09461181616890803,-0.4749643689715322,0.15142057450458646,1.3254335989087853,0.393702044582833,-0.46395212288235566
S7,baseline,1.430601480504659,0.4969551199683457,-0.8418785407838263,1.4420619372226668,-0.809032180429483,1.0172002275041583,-1.0801234497346435,0.8271888474303597,0.15518250673633327,1.113014619401473,-1.0651989247734917,-1.3339178578926256,0.06565759786332646,-1.0638233256908176,0.034578187349741524,-1.094019683483618,1.1000244696562764,-1.0925912963272175,-1.5411791552021297,-1.1631397199247981,-0.7071783688330261,1.4283739271182427,-0.6633463678786162,-0.611388607589858,-0.8881773287531515,-0.6712167421136173,-0.7672958540221659,1.2646975403784564,-0.4900856745836942,-1.2720294417913938,-0.27674337653333864,-0.8392829027824414,0.8948903111921076,0.8948903230273625,1.0880099549625126,0.6125269004952427,0.44105224017794015,0.8755089017845978,0.47002035201659953,0.5648676509847157,-0.6016775185976375,0.8207263704403761,1.1404184183845467,-0.5040445364569098,-0.7233388366423787,0.8756428594894992,-0.04225366953603714,-0.09335390870959091,0.02564072337981056,-0.11287070744069225,-0.6941786931122389,0.3897867929512908,0.20153877871712222,0.3585578684939595,-0.27586342441653594
S7,baseline,-0.13608024320858006,1.6536213934688224,-1.6616024837396994,-0.1367017910796869,-1.6433333245722768,0.9212410096978382,-0.6172133998483679,1.0994963371200073,-0.08737435920802958,0.38071618723074235,-0.09687025328486674,0.7972460912051428,1.7386203400038063,-0.10302277132047344,1.7928354661629478,0.25532859905686334,-0.7165297004183088,0.3841447280929158,0.7077137206313531,0.1500217796053758,-1.7637481943979818,-0.8328072329301995,-0.8501355612639203,-0.4781281317975222,-0.561665975397359,-1.7390615591125524,-1.7445665481558572,-1.3182102453319462,-0.9306384735294629,-1.0187193361376308,-0.5250203184531654,-1.6567662496484548,-0.202345092256016,-0.2023450942468238,-0.5454210300439059,-0.4963580055736828,2.471639286541728,0.47755031006432613,0.6474238534490825,0.5474843284922466,-0.5572932492046259,0.7495391962195621,-0.5252927489446675,-0.2988033825782368,-0.23833170774935675,1.447969586785195,1.568814389525575,0.3027764491213845,0.39136513918108057,0.2850058863023075,-0.5845715310418855,-0.06389511595492874,-1.0238611896716727,-0.23837674730304534,-1.0282182182798147
S7,baseline,-0.9785430751351941,0.40758479825221405,0.34257806838463367,-1.0280561719748336,0.30117909150487043,0.9743379787752047,-0.6172133998483679,-0.0023384585383230874,-0.7390126970277794,0.5363962253651248,1.066429841944107,0.230281175567848,0.49654038961027064,1.0917750791838878,0.43367352466083947,0.7784274297624535,-0.5651501862454267,1.0952931317562276,1.2066612835709793,1.000785425158607,-1.9191062014101914,0.8483996511408912,-0.07759328948268268,0.49946650484507016,0.655023549904102,-2.0441600782551053,-1.9212594313405416,0.062010771217759504,-0.759621074672853,-0.6225361525998875,0.3050451904009864,-1.9837595883948602,-2.08262201411156,-2.0826220157436692,-1.9340756601623195,0.16897293806766409,-0.14847303134703052,0.2785710142041903,0.65888870860953,0.5736775717828334,-0.6586184743811443,0.20976386459155413,-1.479828621215224,1.8315248602776153,0.43543826874604846,1.6114045854771535,2.0825933974484765,-0.016442930380569626,-0.04833117675143785,-0.07227490150626859,-0.036535720690118824,-0.25793174642678657,-0.4777058033497254,-0.33277551151414175,-0.8401295198139951
S7,baseline,0.5586818814869539,2.412080742332655,2.0273098206626,0.5949355177967085,2.0776607050469402,-1.1709336831635513,0.7715167498104593,-0.8886557868595115,0.002863729223513619,-1.2241948235417222,0.9885536616487469,0.4085555504463955,-0.8418081364953974,1.0058055185017858,-0.7457212848541828,0.6749638755272125,-0.26239115789966244,0.28927064531602603,0.45794522981548597,0.6688807433698393,-1.3750515644299175,1.9990251057475705,-0.4025036746929207,-0.23710048862529753,-0.2924526857096702,-1.2814137803987231,-1.3590796255857873,1.511381013722979,-0.9314633820963533,-1.5766193981018932,-0.15850248778815815,-1.3297729109020495,-1.3556693011138516,-1.3556692837156554,-1.355372915518699,1.4679523994627037,-0.8035011108192202,0.47755031006432613,0.33098060210333563,0.58660235770365,-0.6332553180650415,-0.3998681299843771,-1.2866389272752534,1.5381797193098428,0.9724951749434919,0.20692711589698054,-0.6408994288035806,1.249848304852413,1.2312989645479253,1.2794229408452267,2.2652146827873016,-0.8550572350889584,-0.7174025760250743,-0.8973752937454658,-0.27586342441653594
S7,baseline,1.3971250783586973,-0.3422550832746321,-0.6881694484199787,1.3818678540476073,-0.7073359871547653,0.8248557763478005,-0.6172133998483679,-0.2911862687532301,-0.3928093175316193,1.4978128838576028,-0.06824096680569261,0.711563902013371,-1.5603481624416395,-0.06273850835060558,-1.6304999917518777,0.11061190441308304,0.04036787044610175,-0.2505044238588846,0.17814480347749392,0.09836162627336872,0.08605940248584538,0.349061764758457,0.0269728614239611,0.36022888793195795,-0.626483747701368,0.091529555742765,-0.19897325394025986,0.5809488071254797,1.3144761258722004,0.1025029334816242,-0.5752083319916489,-0.18529622528963077,-0.06417492810216864,-0.06417490828971857,-0.16275270025207517,0.4224323451691497,0.04803539249462637,0.47755031006432613,0.5373791911036382,0.5480557129446587,-0.5972906471498429,-0.8781231115055976,-0.870113132829869,0.6695093168956388,1.153450301274354,0.020761998035795988,-0.9495095827559523,1.2317720510556058,1.2719624938741327,1.2807919016056684,2.374821844857655,-0.7436505603761061,-1.158148863689078,-0.8570399678390276,-0.46395212288235566
S7,baseline,0.34074448179324573,-0.45766592531170996,-0.6141867254399414,0.3384885479958877,-0.6156120759548495,0.19395938200478025,-0.15430334996209216,-0.19078736572688185,-1.2866937365888598,0.3433420430094915,-0.960520865373174,-0.8623740789867437,-0.2627011122417793,-0.9698750871921634,-0.24011327667153454,-0.7285468909504819,1.1000244696562764,-0.9155055310460776,-0.17087309256882013,-0.8729841118442896,1.2782335717110342,0.10323922414608969,0.33196320926726586,0.44890126501872923,1.2701044043701686,1.1593743727417003,1.0213265686943085,1.5357240317535776,1.660179721410595,1.1588792715292864,2.7200532134098085,0.9591804603227879,-0.2203636254106758,-0.2203636081300058,-0.33309046255505076,0.4541147710568248,0.24454381633628325,0.47755031006432613,0.32450432271378965,0.5505474558388178,-0.5749782959696492,-1.1660785637144606,-0.06600776737010579,-1.2470499570540337,1.3402727911882284,0.36767575674616454,-0.6916069965600976,-0.4164135367221027,-0.758793093777321,-0.519399399922564,-0.6941786931122389,-0.5040816347889719,-1.00238079243786,-0.6254508319230191,-0.8401295198139951
S7,baseline,0.07480629483592602,-0.8770191904908449,0.3176294428626548,0.06115068004028926,0.36577148610255333,-0.021484747281773603,1.6973368495830106,-0.6168304326477911,0.2151657865498508,0.4318026332589342,-1.0825954018760517,-1.4775920650730472,0.027606625237463996,-1.075146273354401,0.015529098287941575,-1.3889610553584506,1.4027834980020406,-1.1337746663031554,-1.6281392342875003,-1.268678338092797,1.1538112769914342,-0.14707376607414718,-0.24394792277347083,-0.10731637307102167,-0.10208474516494873,1.1593743727417003,1.1454706598960016,-0.11577786094848186,-0.22327181136182145,0.0036649634619930196,-0.4861954678661335,1.1226771296959905,-1.4188061867755728,-1.4188061853247698,-1.3101215560143378,0.8026214558213358,-0.8035011108192202,0.8755089017845978,0.48498421803918335,0.5522741538473814,-0.4801483329550202,-1.432925666412532,-0.5470664148891896,-0.2406269892743734,1.2568954264275296,-1.2137752504087662,0.1287290895831776,0.40106089568585573,0.4092957689202719,0.3648352728120914,-0.36535720690117884,1.1140185256759436,1.1018569608424535,1.1925253409179293,2.1692896556391204
S7,baseline,-0.05532450608299206,-0.6555728534599434,-0.42670723563055935,-0.03344313610810546,-0.4857421092580323,-0.9865876178470537,1.2344267996967349,-0.17405617446335395,0.9348538871127692,-0.5566906876643506,-1.0647415658456993,-1.404382695508775,0.08325913136406761,-1.0568079136992252,0.07746586830441277,-1.3550033502788124,1.5541630121749228,-1.1060205747183531,-1.5138244409574855,-1.2364674439276195,0.5015006629871904,-0.5850321628703372,-0.227329289593048,-0.06096490323020853,-0.5759912238306237,0.5491773344565943,0.40933489618171065,-0.7144025147569136,-0.4374385309340918,0.3682644405766657,0.09788240011679372,0.4686904522031799,0.3198012554397771,0.31980126994137237,-0.009843615131754229,-1.1616889492150508,-0.9345067267136581,1.0744881976447338,0.41475911917160163,0.5540242202637162,-0.5785829994389224,-1.4964111081621723,1.125213593648632,-0.5758866124115198,0.8327318111883644,-1.1478464831790836,-0.11886519460588217,1.7931835839547756,1.5618870663745266,1.8205469957996272,0.18267860345058787,0.6286311043708638,1.2398360141633735,0.795468576012256,1.4169348617758415
S7,baseline,-0.6392175878847519,-0.8966581961643155,-0.3690899145399039,-0.63715604111297,-0.3356657704355712,-0.39504605771922235,-0.15430334996209216,0.4563131681692091,1.5884888539568993,-0.2581861915443614,-1.043730257121661,-1.3912856340034785,0.040731186916816785,-1.0344636114697447,0.03064472505251693,-1.3111836854315961,1.1000244696562764,-1.0276542551325516,-1.31443724051722,-1.1815026862900961,0.4461271165120003,0.165833934148126,1.0197475444537718,0.3235564451675183,1.068600723116146,0.3966280748853179,0.6181249827345942,0.8674532869905958,1.4748841618661415,1.8410590822644481,-0.29639671847419324,0.6321871215763826,1.7850403719490604,1.7850403949238074,1.7363782023019623,-2.745810243599251,0.8995718958084729,0.47755031006432613,0.5556537808598231,0.5466538727456867,-0.5010851588137384,-1.3025535376459931,0.7497263671786809,-0.7370050732605898,0.871115602374877,0.8493967459421674,0.39926146011083896,0.8789596163453377,1.0416478259089013,0.9290861076893465,0.511500089661648,-1.4848638739555269,-0.8060279177726135,-1.46735299171388,-0.8401295198139951
S7,stress,1.8434287962654918,-1.114427643800511,0.5409475798930906,1.8290582278891283,0.5201391913796348,1.4315670466475263,-0.15430334996209216,-0.395739334182072,-0.6003844037733047,1.5976771437142365,0.5230779267923918,1.2934464367640528,1.8662953484646696,0.4708396579434656,1.8033557417625388,1.2468846630752797,-1.170668242936955,1.5339508405574882,0.31664972356506044,1.1683148448283585,-0.20466568088293322,1.4821404298903185,2.110140201365902,-0.3011497924053283,-0.3166695814899709,-0.3661182229710644,-0.13164628212292492,0.46831382724892284,0.08696972559508717,1.4998445550827035,0.2687127789939316,-0.021799555916428105,2.5448386697564973,2.5448386231735705,1.68697777862801,0.9293511593720786,-5.323194859177328,-0.11938757751608145,-0.7925841356991853,-0.8020105985783813,-0.08353073439771512,0.9553558488156245,0.6028398808097849,-1.5917193202003517,-0.3834241922685573,-1.4917013704592696,1.28707432664509,7.341202414775979,6.217064360740448,9.039387522730248,26.81721898654645,3.317096548460443,1.590791689667814,3.2682902542602172,4.8025314341605965
S7,stress,1.3344871793015416,0.26987555774516464,-0.8369635117045388,1.3243006173905927,-0.8836554248534794,1.534703280506214,-1.0801234497346435,1.4714672795770878,1.4649434405277124,1.8328627554900467,1.8910744921008584,1.1356587605341237,0.8766665842203136,1.9712851458667213,0.8937088742735569,0.058257416827974945,-0.11101164372678035,0.7626701222534528,0.08781431398356715,0.1731840390045215,-0.28068668989280837,1.704503079048737,0.16253305137189522,0.17921998594491123,-0.7455268872623528,-0.3661182229710644,-0.2068493117282428,1.5106748193745965,-0.8141236777963304,0.20205564088776232,0.9146381280683445,-0.3487928946628334,3.0878848347347034,3.0878848605905147,1.884672316944136,1.4996348253504002,-4.8646752035467955,0.2785710142041903,-0.7024254542977694,-0.8015169337620124,-0.5457045984733963,0.9958037207307783,0.6591984565479051,-1.679370350223272,-0.7169009156902655,-0.12341470196598371,-0.17922616743836478,13.25998231869611,8.005255300436318,15.29636842656904,41.94300735225521,7.524934946590283,6.614598408690509,8.965691488182324,20.225804708357813
S7,stress,0.565571156752474,-0.8859742898444372,-0.11103804281769841,0.5423269049237498,-0.03546192266622439,1.7422055430195256,-1.5430334996209192,-0.16485324635920584,-0.2764703678800071,1.1796550825389969,2.1225733918279173,0.8824068164886407,-0.19702763025100903,2.0616469187134188,-0.21064585511268893,1.6367356355930083,-0.7165297004183088,1.117790702661015,0.40720157469755414,1.8391031948404162,-0.672556446148633,2.32718297938948,0.02483259488850743,0.37937406025751064,2.433295552179961,-0.6712167421136173,-0.8304501039711032,1.3880698346793585,-0.3365805300187749,-0.3761766291134538,1.658010889749403,-0.8392829027824414,1.8966794398914264,1.8966794139291432,0.06686881217664943,1.151128140585868,-6.109228554543956,0.676529605924462,-0.7079048982854734,-0.7805813439405053,-0.62640590600444,1.1953477055376323,1.2491165914235645,-0.5827970805066679,-0.43717806805591913,0.8195078495444936,0.15862384986320774,16.140462659167326,7.8673134018163475,17.349292660903032,36.90107789701896,8.979895909269105,8.006007937111756,11.03118044226996,22.85904648687929
S7,stress,0.9991424862705919,-0.2038273568844357,0.7938608637157258,0.971115501761304,0.7825046907945304,1.6180129132813412,-2.4688535993934706,3.2002690959872386,0.7965450090976102,1.8079833565010117,3.396479823305806,2.0548378081626715,2.800887641475279,3.4071686918577315,2.890841854123264,1.568871774325878,-1.019288728764073,1.3247876485093075,0.525385733354014,1.7656144018476698,2.1792696043388795,3.6716035028128586,-1.1051409934529557,-1.659232252185635,-0.6815955148163942,1.9221206705980824,2.067679085903285,3.237868063200443,-0.8494201012815524,-1.6099587306243373,-0.8301049102331056,1.7766638071888012,1.1930795070581373,1.1930795288227718,-0.13341078637352824,0.07392566040461755,-6.960765057857802,0.8755089017845978,-0.7245728261237186,-0.7657564887727072,-0.5286042290962237,1.5215926048807158,1.218588312906913,-0.5486267982568179,-0.5717212115246637,-1.887231802382843,1.4338762248053751,5.560837874235491,3.7396896871020195,5.8115540947618,17.829431696777476,6.1668570072438476,4.773132634867752,6.890395793542278,11.949901975861746
S7,stress,1.5698659832934592,-0.37552381665514195,0.536216325598954,1.556141808626452,0.5174468148792964,1.6303389535266757,-0.15430334996209216,0.11095061229536719,0.5377302617647787,2.356060667750306,4.858136330452292,-0.3248677432698643,0.1948099185693525,4.880171575955655,0.20509266350585403,1.648793354521905,-0.41377067207254453,0.6101447739532567,0.7735685286654375,2.260523207161355,4.441203906799797,-1.8780402410792967,-1.60938347210078,-2.6303654530657674,-0.0354901705198845,4.362908823738506,4.378861412884075,-1.7286660765718072,-1.1121810275368307,-0.9416837171164032,-0.27248431148161245,4.5561071865332465,-0.23977707219223812,-0.23977705434771693,-0.1520079434855912,-0.4963580055736828,0.9650747037556918,1.0744881976447338,-0.6518868700851513,-0.7769342974172853,-0.586768475013817,1.7865445573881904,1.108560758574132,-0.703924595911633,-0.9899961885974478,-0.5943552055626813,-0.23296213586370812,6.410804702245188,5.316399466197418,7.577023439239883,29.995826686586696,6.219561968727843,3.61241064825483,6.479562353761211,10.257103689669368
S7,stress,1.0317893566677345,0.3246051883240245,-0.6703301991325424,1.0083439814266035,-0.7070386124299274,1.8153645260035434,-0.6172133998483679,-0.08534017155386862,-0.33869330580026324,1.9774287429151776,5.376520756659734,0.792487307236781,1.1113278406089135,5.399600490132321,1.303744052093891,2.243910156632799,-1.019288728764073,1.312265188867152,0.5784471702155338,2.7213890625858688,4.679754051344645,-1.2331168150216454,-0.1224494868254221,0.24457641837351476,-0.49025163381362175,4.515458083309782,4.6340612506735335,-0.6028873436702323,-0.03053252027533518,0.39776631627223014,-0.37535345670657283,4.719603855906449,-0.6157320209616272,-0.6157320031941688,-0.6035156375014229,-0.11616889492147554,2.602644902436166,1.4724467893650055,-0.6522117850927871,-0.7572689457393775,-0.7107821508811085,1.9492273824089748,0.8020008821374865,-1.2127562169199708,-0.8892546117517185,0.39176667166165124,-0.9865824224347886,9.095728315696228,7.322574280783055,11.415656894901883,33.83207735904906,9.976753630608812,8.076682677738651,11.961052007887117,22.10669169301601
S7,stress,0.24463319589725052,-0.003204834550305142,-0.41503788617088433,0.23859022995543636,-0.36370582409835317,0.5084718136755951,-0.6172133998483679,-0.049043093686006935,0.453418951825699,0.7284170698002511,4.393096824608071,2.507215785566112,-2.4813205651471453,4.4437230627485995,-2.567694128175845,1.93889293308048,-0.7165297004183088,0.9565093286277129,1.0070578698685255,2.076533887315438,3.9273312475464373,-0.0176954544793013,0.659912805801023,1.2742564699261019,-1.239883320993771,3.7527117854534,3.901993224160723,0.8811300891726856,1.2165827944380656,0.8504526067071099,-0.2501343461059686,3.738623839667233,-0.8460727500208359,-0.8460727536901915,-1.093140040330059,-0.8448646903382149,-3.4891162366551978,1.0744881976447338,-0.8796371079791043,-0.7629793896473996,-0.621875636000401,2.0521780748220486,0.7471412792816692,-1.335690213404336,-0.7915633294684283,-0.22650305360230924,-1.3830820867411429,6.553334820717565,6.568310783916433,8.75571382758048,28.132504931390688,7.318632305821364,8.861294914955712,10.07486377865836,22.670957788413467
S7,stress,-0.24788651341817042,-0.0436398471435829,-0.590640049774379,-0.24234470170233163,-0.5664017739538929,-0.968566866607022,0.3086066999241835,-0.4978195106575211,0.0006060312047403896,-0.37321885249694453,1.9080166398246643,1.3134847551866422,-2.010401351756002,1.8988577701599973,-1.9042508269603353,1.4636899706923134,0.19174738461898386,0.6538359776186959,0.8851551580386671,1.2914667398261384,2.8677006334189565,0.25389192223606166,1.0824042989441853,1.270292428244292,-0.5897408801409415,2.6848669684544646,2.942753555108562,0.8024134413419791,1.6952938046000876,1.8009540435573537,-0.8982043412313909,2.92114049280122,1.503487927222673,1.5034879487804966,0.4201192979182456,-1.510195633979583,-6.5022454022272695,0.8755089017845978,-0.6719867073475212,-0.7914355168059897,-0.5852755462168864,2.1130722904096433,0.4645029725370612,-1.554251301762774,-0.8701520128301341,-0.4424219561800214,-1.051276276977424,11.619566052266478,7.893192423902315,13.925806314985758,33.94168452111941,3.5130196139468306,7.2672228060874495,5.749012485877382,17.592562929836337
S7,stress,-0.3860156347481328,-0.9114405484931359,0.49736893489255296,-0.3816352266415532,0.47814612529925676,-0.7639441754538749,0.3086066999241835,-0.4224461825758588,0.47515492541777804,-0.13578470345865765,0.3578254176076434,0.2895031763993779,-0.8020339942572706,0.3164809064374068,-0.8755105461175238,0.8865605037446842,-0.41377067207254453,0.7120191134845982,0.4328908055141596,0.9820757887060494,1.890593256854886,-0.2811651159952126,0.770851211239601,1.0398825054890897,0.9059736060335474,1.7695714110268062,2.174215961417253,-0.09388678778190647,0.7619591862096703,1.4752525170876218,-0.6931677223010964,2.1036571459352067,2.6679640716739,2.667964071648339,1.5810179224301595,-0.528040431461379,-6.764256634016146,0.8755089017845978,-0.6842889435811517,-0.7961802333950682,-0.3689443269719554,1.9948805638534073,-0.37333352717007606,-0.8276371756135414,-1.1205307874809112,-1.1299445833308082,-0.16762154970964577,13.212882967758611,7.613572439458505,14.850312743898641,31.201505469360583,5.946031850600364,7.4614766584117955,8.01839790474375,19.097272517562896
S7,stress,-0.3784078298215434,-0.7795941415398319,-0.08642720348438149,-0.35400347619156064,-0.14432883218877404,-1.5351487006995646,-0.6172133998483679,-0.1079747724396021,-0.8703574495041497,-1.0202039173636157,1.8364510790408357,2.9202234060903103,3.3556919785321013,1.8671597546910947,3.5540990155438434,0.714584721662144,-0.7165297004183088,1.1572092826693046,0.4906523568667693,1.1050562421798686,2.1499200580641618,-0.6163015972034132,-0.3216015198995965,0.2182744394693207,-0.9552740934635428,2.074669930169359,2.5068688509054997,0.0639073457260749,0.8091520622581089,0.7398616941503894,-0.37601080497089745,2.430650484681612,4.025761444048695,4.025761405397402,2.686785797214846,0.32738506750608204,-3.2926078128135408,0.8755089017845978,-0.7272556407733314,-0.8015626711656287,-0.10571721176004706,1.695694430267219,-0.5251835341979444,-0.33377086423086677,-1.2523490963977117,0.18576644543007928,-0.505016499942218,6.243021960800445,4.998681753493857,7.2033212040149595,19.58314628990313,5.692560604813129,6.7914908960943965,7.428499570875573,18.344917723699616
S7,stress,-0.750902497478742,-0.7277716972249155,-0.1101106964256524,-0.7692643419600759,-0.13287934704968465,-0.02654869160102788,0.7715167498104593,0.36470631500927686,1.3350263548627186,0.05654821028875158,2.1404224021891194,2.3608756107628857,-2.6451920768274517,2.189613060636538,-2.796845394662257,0.8732934873851917,-0.41377067207254453,0.9533612367184675,0.921389060485643,1.1815203528578442,2.695745690503539,-1.2352739886705189,-0.06396274982048573,0.2872100911554298,-0.8419265658277687,2.6848669684544646,3.090019335024785,0.03869165337695374,1.3080258083307712,0.9274436707144456,-0.3889644976259332,3.0846371621744226,4.432052671541337,4.43205261839415,3.4559541272532175,1.5629996771257504,-2.965093773077446,1.2734674935048695,-0.6743002941166987,-0.7909656352965919,-0.48011670388839456,1.4223283235225337,-0.12302168923743356,-0.8357815140452299,-0.9424447905532587,0.8594133343487805,0.1626726136226596,3.398973211521247,4.359511392144266,4.574781952057242,13.99318102431511,4.996215599249258,7.34216742353315,7.107662747515725,18.533006422165435
S7,amusement,0.1495568008030316,-0.4855296726484761,0.7202166799494502,0.16200937359682474,0.6578863473075652,-0.17929376057749746,-0.15430334996209216,0.9702226449960963,-0.4947931170811669,-0.14798842705240878,0.3177280109239447,0.3146608330651643,0.0386913877476285,0.2696148017638701,-0.06137140034024965,1.1837469430885097,-0.5651501862454267,0.8533819467267126,0.23876567670341883,1.1370629039607898,-0.03340754641276626,0.9496100464344408,3.0596256010486615,0.9233221916246929,2.4427459804687945,-0.06101970382851145,-0.09165567355956224,0.4782634027588476,1.4960757286792374,1.2818196212158677,-0.20902738182428068,-0.18529622528963077,-0.6566383607437732,-0.6566384905195449,-1.2679338305446366,-0.7181349867874721,-7.353781905541116,0.07959171834405442,0.2541798135305459,0.3025706071140458,-0.5119346349519882,0.6381696320812166,0.06937252308380505,-1.2501825003551588,0.8609915391870475,-0.28154825297432534,-0.044414262864176914,12.272549379609147,7.086110588628071,13.605473719590453,34.16089884526012,4.773261842601785,5.924797646676671,6.173996639735166,14.95932115131486
S7,amusement,0.5347672904585989,-1.0029433814554345,0.45509012969661333,0.5251966095817254,0.4287884254550785,1.1174797352656782,-1.5430334996209192,1.7979492596191458,0.4310282638764582,1.1763563608406784,1.2271118587000576,1.4611873891788059,1.576642427650671,1.2530056272453314,1.858272307262573,0.6485873163679104,-0.41377067207254453,0.7781127821967398,0.4203173542850745,0.6829245692020692,-0.03159085582508158,2.254400398594702,3.8496756671992505,1.3454908905962377,-0.20669761537926637,-0.2135689633997879,-0.29106201094050954,2.0235777120337164,3.2478704036235846,2.7674523317382262,0.3041820785955448,-0.3487928946628334,-0.5135337709875926,-0.5135337654117288,-0.5853881583228746,-1.7636550410810474,-5.6507088989134235,-0.11938757751608145,0.3663291622693809,0.3442311322782423,-0.6294304448832413,0.45964818480928843,-0.11435505300540581,-1.026419646262103,0.8295061948659811,0.038166568439603255,-0.7687833392218208,9.736272987990297,6.163758988253472,10.817863213112647,28.351719255531396,0.8835970568320902,5.338744757835714,2.448537875866072,12.890345468190844
S7,amusement,0.4726122934903018,-0.8551326112608626,-0.30368553275279336,0.4726741980227866,-0.2773369164546101,0.2350674773987581,-0.15430334996209216,-0.41792242406524016,-0.3702601754862953,0.40421120426530616,1.3169007589325237,1.0894489397354663,-1.5791138034613357,1.3203010594761648,-1.6980603692345002,1.2784687552360738,-1.3220477571098372,1.872339926025,0.9968162179592243,1.5535559648340183,-0.16900864502549356,2.604250051763013,4.908920582442668,1.1399595426453901,-0.5400555380984383,-0.3661182229710644,-0.3030345486215155,2.855774796657569,4.046102462512368,3.256851085069701,-0.7532324902210636,-0.5122895640360361,0.603046876034944,0.6030468968872801,0.7312828942298325,-1.193371375102726,1.2925887434917867,-0.716325465096489,-0.36449674407134974,-0.15204216594790762,0.6130992694776106,0.4951830999063121,0.9108048020894882,-0.7812117241318243,1.1391671349615575,0.8911285332328829,0.08104315291098914,2.168178652888928,1.042099860963407,1.9098852535203727,2.374821844857655,2.052363515351249,6.405143991949681,3.9966818101383357,17.780651628302156
S7,amusement,-0.06918963989906868,-0.41486628053042657,-0.334930556227914,-0.09094788668552627,-0.31522544074532327,0.29794260494557995,0.3086066999241835,-0.49000202437421764,-1.2104406692174192,0.605319518686555,1.093338312019669,0.4779027372669031,1.4204183995168458,1.0723625680885698,1.3926595733949871,1.3952074458048176,-1.170668242936955,1.2424620934581547,0.9968162179592243,1.5579379055523004,0.02105686060585025,2.7108800161286157,5.033342839920699,1.8558047025398638,-0.8028977898378817,-0.06101970382851145,0.012722768085011658,2.9331099610580753,3.6097761071676784,1.9557148713497219,0.6584253884968522,-0.18529622528963077,0.7700268806154195,0.7700268981975888,0.8609213620813004,-0.46467557968600764,1.8166112070695384,-1.5122426485370324,-0.5699600833398251,-0.6923297610935318,0.3206827439176678,0.5741195537676378,-0.009658482337000526,-0.30960778333898287,1.4749021433315574,0.21607148069926896,-1.1791714789808676,-0.7444389592587431,-1.2612687364587463,-0.8385466696424348,-0.4749643689715322,4.6099216637181195,6.885027280258873,6.516032317216137,19.285361216028715
S7,amusement,-0.03655894929726109,-0.3452105131080521,0.8603848268595354,-0.04663343624290976,0.8344481736294413,1.1580817447662863,0.3086066999241835,0.7098108862286117,-0.26076275619717004,0.5494504960568143,2.7721119439763657,1.0629702687696696,1.2097252715495375,2.8218091345878467,1.3324898697017253,0.6362823730715701,-0.7165297004183088,0.7056030273176406,0.46442586058992585,1.0084077969681682,0.34152185427310827,2.7551205347287664,4.268845494554513,1.7758776301757058,-0.9136224273756767,0.24407881531404146,0.5983439040996629,3.1250681461978185,2.4677318646960305,1.4334460524959851,-0.3138719033906406,0.3051937828299772,-0.14103953786738174,-0.141039537488765,-0.042689364442130256,-0.08448646903380039,-0.08297022339981155,-1.910201240257304,-2.1377460529314734,-2.0822951233924725,2.046220173606909,0.2434371059897281,-0.9031363496798397,1.4001760186450298,1.609051786086007,0.2610684337911181,-0.5490106300814586,0.3275632264717652,2.0784912039335155,0.9281761559891302,15.527681293300056,2.5938282192844953,5.271002299622605,3.934450487724677,13.642700262054122
S7,amusement,0.8260141825925379,-0.02713753803374774,0.7137665497986274,0.851232704336249,0.7348349335853868,-0.5914761747092285,0.3086066999241835,0.02666769557839395,0.6115028030473403,0.17609757031385223,3.237409912031586,0.46502303141910556,-0.9161919174917147,3.2385048899026216,-0.9796222038673079,1.386199791417375,-0.8679092145911909,0.7598374550673354,0.404993113495176,1.884183922654353,-0.09149586337916697,2.743147764890704,2.3684661470054995,0.6595897642951507,-0.13169403377582053,-0.3661182229710644,0.3540316184655998,3.736276922156686,1.3525030825604158,0.669863272748729,-0.5595607976045295,-0.021799555916428105,-0.0077042408695454,-0.007704232195689341,0.06955830566841137,0.3907499192814534,0.44105224017794015,-1.7112219443971683,-1.4387992071509277,-1.614154652137184,2.3848460085388523,-0.0627212402589893,0.32383524869308916,-0.8843935387263987,1.743078149528742,0.3512826381049156,-0.5219516480582748,7.084605210877971,6.9247931529036775,9.494664713874425,37.22989938323001,3.770960134291097,5.537045694598336,5.100509017343919,16.46403073904142
S7,amusement,0.703245705674218,0.01255574513588412,-0.8131927542890138,0.6751393268879575,-0.8152810731011993,1.116809426280798,0.7715167498104593,-1.0172930889589737,-0.3507368333810473,1.4250095571126218,1.8767451647120486,1.3594239270695623,-1.8253874779707895,1.9248404829122097,-1.7886597528265635,1.0115591940709328,-0.5651501862454267,0.7959117365283594,0.8450691027187512,1.0458455853717807,-1.7550379537425478,3.8687784295481835,1.6763066650601341,0.7568074575326985,-1.170929027285015,-1.891610818683829,-1.6963722994224466,4.719453085810757,1.0359571239264311,0.7884320273678689,-0.3737471984444793,-1.9837595883948602,0.5286709498948635,0.528670959322957,0.6639352041628077,0.16897293806766409,1.1615831275973487,-0.9153047609566249,-0.1975102995245095,0.1415487229828774,-0.15281636220415407,-0.02108151421690247,0.5717422377987226,-1.601934814105651,1.986194646736156,0.6585330935319529,-0.1520499485030408,13.05282980024508,8.003397186174004,15.136299493063234,35.585791952174716,2.0634937931756694,3.0883281772202578,2.6048208972008866,10.069014991203549
S8,baseline,2.071838579889932,0.31580424334179713,0.9186464576642015,2.094408892762024,0.921159904904294,0.0034562720864256256,-0.42887120480964297,0.7263661059494426,1.6270860557071831,1.1560175443664125,0.42019642490927445,-0.5041078515586146,0.7709947309732182,0.447864760663168,0.7363817031892324,-0.9499993478308189,0.6270544465288197,1.4529684914046859,1.3894043968033796,-0.2512093155423552,0.6092193285253211,-0.8655338567442366,-1.149475286809459,-1.0329613917697846,-1.1690020669857266,0.6411312328687344,0.5948179889620148,-0.8563474154630741,-1.543161181436782,-1.5825506835952048,-0.5288871916317567,0.6406638887196272,1.41968939473595,1.4196894041770365,1.3760125238572025,0.5626555755065534,0.3776558274580978,0.6612158992233839,0.312055792057823,0.5889067189484998,-0.5777167118365378,2.172356497141362,-0.6914222806727396,0.16646041642735585,-2.587156328542744,-0.005475702843228585,-0.8827958160158063,-0.8771091965102124,-0.6804282656508547,-0.8874931043086248,-0.5168591634151156,-1.1108933994266037,0.6404070435596437,-0.8406764762858739,-0.13431767237933384
S8,baseline,1.5032233256935557,1.0595306977276648,-1.3917206754060236,1.4450584206856165,-1.3986014287532438,2.6999557420324023,-2.1833443153945478,1.1429497575794958,-0.18512024880404318,2.506341213826182,-0.14419081120394417,0.42610745185973686,-1.341406713699739,-0.1283979597681156,-1.2908415529571573,-0.38390902503369184,1.733621116873796,-0.8660320808432503,-0.36045808983540695,-0.5886790881980078,0.780292349063561,-1.0379882124071402,-1.209548216926223,-0.6748597447672691,-0.8224143034929351,0.8856304318440995,0.7372644627718831,-1.0128149645019244,-0.6964673615437784,-0.7543816372456439,-0.4890290227649077,0.8658972870976211,1.635258832383079,1.635258836696281,1.6457102544925721,0.8061123149084357,0.6334871944458412,0.04132599370146136,0.8877268929687767,0.5306062041392262,-0.8583461355730733,1.153431541268938,-1.3524826777313503,1.048947174422952,-1.8007641858719703,1.5210454137163885,1.3746569926560344,0.42524368860785017,0.26116321782718377,0.3439790182196221,-0.31806717748622526,1.3725766294921926,0.8021731505479194,1.3397389517639209,0.13431767237933384
S8,baseline,0.022334494625404606,0.9678353844178922,-1.1679897297486466,0.05077145328991659,-1.163610880152509,-1.1317657365290053,0.15595316538532536,-1.1785692360990743,-1.272947750424702,-0.8098678799144682,-1.6048150912776358,-0.7930159006197478,-0.6913827224200619,-1.630003632951723,-0.6670131393697347,0.3545982132604862,-1.0327955589886448,0.8520326810254888,0.3291994054240219,-0.49787303173328773,0.9480750557223745,-0.9207550612504394,-0.793700209578884,-1.2968257632453208,-0.7130243965923888,0.9671301648358879,0.9067553883023854,-0.6590870646310409,0.34015110807028903,-0.06674729766838085,-0.8404793536039911,0.9409750865569525,1.5023521176865944,1.5023520837615207,1.4659455007013873,1.1036705519551646,1.291339280985753,0.04132599370146136,0.6863937039829625,0.604956152616003,-0.8643971863094219,0.5446406009102928,0.487711775422966,-0.9799796520904284,-0.3068542141294715,1.958635675526541,2.3903752473113835,0.39720258570772776,-0.05461072174567152,0.23982190194976857,-0.25180318217659514,1.8458064938970526,0.8516253307963194,1.7606348808134864,0.6715883618966692
S8,baseline,-0.8025264089192956,0.2642361296797744,-1.0263880506445575,-0.81271861835108,-0.8709952481960079,0.07061377661849018,1.325601905775262,-1.569027965737401,0.352545122409586,-0.4541197165874086,-0.9005816275836672,0.5551499979370047,1.350757065268554,-0.8984800936002579,1.3360127824938484,-1.037216413534681,-1.0327955589886448,0.25141077132493,0.17115227934162333,-0.9303472826239476,0.402542944049675,-0.08245161053177032,-0.4714123739247956,-1.7958735962534018,-0.8227790937938336,0.39663203389336943,0.4009699493877113,0.10752257114617213,0.10521629565628127,-0.4222967212576021,-0.6945565435342501,0.3403526908823019,0.07334545570147527,0.07334546660597425,-0.11863268841763835,0.15689434317009507,0.3776558274580978,0.6612158992233839,0.029997749376970893,0.6613054669375038,-0.4684356650640355,0.3899127685699396,0.01468966977048617,-0.8470844921993774,0.890243279410006,0.6959766447929755,0.591266223403557,-0.355865783108912,-1.2128621402248694,-0.5454168510784521,-0.5831231587247456,-0.5868030040978468,0.20988475596246817,-0.490069811907731,0.5372706895173354
S8,baseline,-1.098055201436054,-0.9729877335908879,0.17956234650314623,-1.1005615788553156,0.14355006168210477,-0.8483146718834095,0.15595316538532536,-0.07586122528901161,-0.02348504934804768,-0.665191030525624,0.20098665338759517,-1.2304107873123897,0.18146884874443292,0.18726287180268078,0.09432447819482542,-0.12281649347507094,-1.0327955589886448,-0.3965813155623335,-0.21242612263667687,0.04291058940524314,-0.31845907057703243,-0.808096654810232,-0.3585304336581077,0.6636185423896701,0.07200073975803106,-0.2553658300409374,-0.4092556380077782,-1.0283769234753584,-1.1590240368443097,-1.099599854995925,-0.7184977715587623,-0.3353475042516801,-0.39765914007807607,-0.3976591630426182,-0.4582020209318506,-1.2226938467738742,-1.4497110795972123,1.900995710267229,0.7128143876120826,0.6421777848057514,-1.309419290143162,-0.026032862856612313,0.09487862211086963,-0.3826716990834161,1.0939320467989924,-0.8665262295945309,-0.8647876147713637,-0.4483415872611228,-1.0283350663607937,-0.598728373469113,-0.7156511493440059,-0.08265034438022338,0.12439720216024237,-0.07445354611305498,-0.805906034276003
S8,baseline,-0.3965884223846744,-0.08806247892194835,1.5023244036847623,-0.35199560599149654,1.4890288702856687,-0.9465178836043655,0.15595316538532536,1.408584200804508,1.922013989788826,-1.0776915939778728,0.7417468283894578,-0.18539516949631496,0.6623806488197772,0.7501861745698217,0.7244138082888838,0.5524183792274207,-0.47951222381615666,0.4125181131031899,-0.07817827302842305,0.26604395817548077,-0.20681139979811886,-0.9627352690235556,-0.6305542509375657,0.29548020194922064,0.057833005519660766,-0.17386609704914902,-0.21113318384143628,-0.7877773339887033,-0.9096411454489803,-1.3728976107148974,-0.05100128570111073,-0.1101141058736861,-0.4955359389889799,-0.49553592927090123,-0.6000074306218672,-1.2497445955963156,-1.7420897847260621,0.9711608519843452,0.3471528838253291,0.5614945278637266,-0.10448523596716704,0.5828571774774691,2.5956000908832535,1.6264959022063685,0.5297878479714717,-1.2765898510386506,0.12469268221033623,-0.7068724488006185,-1.0189176356581289,-0.8008574544728562,-0.6493871540343757,0.3336422163760433,0.11554133352246428,0.282295974053758,-0.805906034276003
S8,baseline,-0.25972141240514257,-0.007240627219058985,-1.3561683979488395,-0.23440982181416978,-1.3594902997087255,-0.9908997223535579,0.15595316538532536,-1.0598517927932378,-0.5245535470523338,-1.252805458110802,0.14942035437262477,0.9102743724187984,-1.546198426293373,0.15423193525041498,-1.5368952530090805,0.07615427242904015,0.6270544465288197,-0.4966495199216385,-0.4053624167369417,0.05564990097869592,0.11179273422183053,-1.0006387259203657,-1.1746086982171724,-1.3803734373692387,0.8697865249078696,0.23363256790979273,0.1686831866891048,-0.9896547661086245,-1.1316212302070907,-0.8181439573151924,1.3390739817360595,0.19019709196363924,-1.11893447825981,-1.118934514431937,-1.0876033092099544,-1.357947590886027,-1.3400690651738938,-0.8885088645814225,0.27512902458684474,0.1783607593264591,0.14371925274802774,0.5147291296008476,-1.5508576993148313,2.3895737870386093,0.007936939748925183,-1.0384034972949985,-0.1065608077321082,-0.705256005024681,-0.9393564641514695,-0.7898017519836659,-0.5831231587247456,-0.4555531317146492,-0.9265177742081672,-0.5868747388757349,-0.805906034276003
S8,baseline,-0.809277769624887,0.8298946996487767,0.13690685869074426,-0.8546781604223841,0.06156666079462315,0.29581997761429474,0.15595316538532536,0.782101140049236,-0.3112865728479105,0.4591832222243457,-1.075392534922133,-1.7079796606560467,-0.17362676897969953,-1.0589486445186915,-0.11098772884832005,-1.396454660104685,0.6270544465288197,-0.9650685532072223,-1.0637736370379955,-1.2376609519408446,-0.35856991436199587,2.0355057196397097,-0.5764231681689773,-0.09218587845809316,-0.3438667005745124,-0.41836529602451406,-0.3289784696053845,2.075668752172042,-0.8554714503905939,-0.39279531434341,-0.323619181779847,-0.48550310317034273,-0.7254370996828321,-0.725437090353986,-0.7920014937728876,-1.4120490885308918,-0.5360276260695573,-2.1282886756252677,-1.742378111071109,-2.2466936657743863,0.251056890297446,-0.3871399338857206,0.11877647859863887,0.5256586126151749,0.05617225615349982,-0.3807389480868077,-0.4269960478183442,-1.0756413026308669,-0.7645308265135728,-1.0566117519694096,-0.5831231587247456,-0.3219984325058844,-1.9580321732681907,-0.5922473703573136,-0.805906034276003
S8,baseline,-1.291473515597847,1.4156294690511142,-0.6375669310392003,-1.2849622343962366,-0.6907075107130126,-0.36595758010267826,1.9104262759702304,-1.6954299337555967,-0.6012310432340194,-0.6768907563193378,-0.8687563347748278,-0.053395557712999434,0.5784024373813136,-0.8715871860062426,0.5595165216353752,-1.0209861350540732,0.6270544465288197,-0.38707599700360257,-0.6657848779425627,-0.6150108748823598,-1.582079784828143,1.5837806609146314,1.182401622859401,0.9854297095171161,0.3899771584363079,-1.6408612909013391,-1.5421010983215877,1.6856251589001567,0.49309173990877114,0.7637939339970676,0.7867110478670392,-1.5365922956009814,-0.7901658069707428,-0.7901657990297744,-0.7625639109434019,-0.24886688916638133,-1.3035217270327877,-1.508398770103345,-2.662139442167762,-2.066205654566036,1.946277952013457,-0.0084582523532194,1.2457613480123357,-0.07427673205920404,0.47899644131315067,0.23191991858920402,-0.46436045170731205,-0.8468162610588421,-0.7079740557889936,-0.8680636613798641,-0.5168591634151156,-0.098729992165726,-0.956426959095432,-0.28396851504710047,-0.5372706895173354
S8,baseline,-1.0272507391851835,0.8139879035837455,1.0632998724436515,-1.0334894058444677,1.2313907784726745,-0.14734621010954227,0.7407775355802937,-0.13139123989927712,1.0441329072242966,-0.08037706186945906,-0.9962921422998668,0.38172804666790633,-0.18953558911754528,-0.9704248172030563,-0.2985909403628515,-0.26730969708975966,0.07377111135633149,1.6159873004461156,0.2819755331986657,-1.1143034815975896,-1.6362616560856789,0.7431680186242036,1.7815272333614987,0.9854297095171161,2.8755488092410952,-1.6408612909013391,-1.7339611998213902,0.5150380654067378,1.7144452871377274,1.5600539140740737,0.5004371088467147,-1.7618256939789754,-1.2991435908737423,-1.2991435870574373,-1.1427205105728855,-0.032460898586922436,0.8527712232924785,0.04132599370146136,0.07021100050903104,0.37570397569421676,-0.3549771602188265,0.3142393695472871,0.13003628841162582,-0.9804471040759074,0.4551160114153186,-1.0798139734445058,0.017326210431604146,-0.9088178083215788,-0.027899751870988834,-0.7805382262865346,-0.6493871540343757,-0.705168588636975,-0.0459141326667569,-0.6462862408740733,-0.4029530171380015
S8,baseline,0.13297853287164713,0.04844249466233707,1.2068648809554914,0.0964421532501692,1.1681623043658977,1.04831816197883,-0.42887120480964297,0.6938260603617141,-0.6162473228152896,0.9709242268228309,0.1998854139066899,2.50787532472224,1.931781857171071,0.1439112294986875,1.9696996227265346,1.9663567149311671,0.07377111135633149,0.9203120401974969,2.8232066335403725,2.0993666329289695,-1.3851565183472017,0.1228932083855733,1.6329137748673108,1.2051739019959318,-0.3008355138694106,-1.314862358934186,-1.3701503194811337,0.4348975927272708,1.4839927305500886,1.074899679637638,2.7969031839219904,-1.3864366966823187,-0.9407420596370341,-0.9407420540574841,-0.9596872694005045,0.7249600684411296,0.6700345325869475,-0.5785639118204612,-0.6474409876683331,-0.9257478049001705,1.603425181979977,-0.20663660332003858,-0.6750231389362668,-0.1591430514168644,0.03738475204747554,-0.8900460041936157,-0.24130042291598183,0.8620939956514692,1.0814598179578165,0.9598388005167988,0.34457277561007577,-0.7881015144607765,0.4683717288567667,-0.6043780055499477,-0.5372706895173354
S8,baseline,0.7886965928104218,-0.01508757009156953,1.1385546193914589,0.8329063996029193,1.107729429643425,-0.9599633883454453,-0.42887120480964297,-0.021114151914637592,-0.4692619675491279,-0.7514873659413329,2.0737309316901746,0.22628111862912975,0.5184084015391228,2.0869807060874552,0.5639749906241173,1.0462476327996693,1.1803377817013079,-1.319886324095413,-0.9533978917398166,1.0567513916591555,-0.5471843106811102,1.2124101217841279,0.471881861834165,1.0900698011736953,0.4294735673455555,-0.6628644949998791,-0.46923754011534824,1.1066800866213173,0.4815677659299831,0.9642694037094179,0.05488339360654225,-0.48550310317034273,-0.4072715745701557,-0.40727156671527215,-0.3774029582225629,0.2650973384598065,0.8162238851513722,-0.2686189590594999,0.17432911096683196,-0.664442026519345,1.7837590936595837,-0.9439364606179466,-0.35214732646860586,-0.7010689782628948,-0.15855043000942648,-0.28693670669601273,-0.6931391846848651,2.585357857188705,1.1519375890208468,2.343185742492086,0.34457277561007577,1.553419366870111,1.4472149119862154,1.6747288014871318,2.1490827580693415
S8,baseline,0.9718898579467433,-1.8367295467999207,0.13195587959469782,0.9580940854055886,0.09204981226561805,0.5444164049980403,-1.5985199451995795,0.2354410969098455,-1.6865033645651146,0.28976446903644415,1.5034975233246082,0.3971052285872413,-1.2543337849070795,1.497027412426452,-1.248388453486676,1.2438453631113062,0.07377111135633149,-1.7201131761525141,0.17425582100322673,1.1636927256978062,0.5113267613941654,-0.006547939586158378,0.1972852485427172,0.446154106718862,-0.05248236463479803,0.39663203389336943,0.557854998737603,-0.134589279340389,0.13548807577031854,0.9501333128963682,-0.4221306912582897,0.5655860892602959,-0.07670468558059701,-0.07670467442871842,-0.023921196336754488,-0.7357803679701278,0.04872978418814195,0.6612158992233839,0.9821541374003326,0.702987362964339,-0.4502155572473657,-1.1848366524908889,0.27948605695472056,-0.6884888580070926,-0.03382736967297832,0.06749054343624723,-0.8671168957580931,1.0241555875156345,1.3536414938043804,1.1964812409764838,2.0674366536604585,1.0389698278715214,1.305174882444027,1.189513310877779,2.1490827580693415
S8,baseline,0.5394677329047275,-1.6963286073618957,-0.12194727102739084,0.5348103435892856,-0.10866666815734728,0.3343510033771037,0.15595316538532536,-0.2946191114622974,0.7807990706919111,0.242547073300724,0.5062749357994107,-0.8212071224895362,-0.1263112779264551,0.4729906911102706,-0.1425478230170633,0.9308770625003009,-2.139362229333621,0.7270435680770827,-0.7149063801767351,1.3288123945761936,0.863329941105036,-0.16234843163447737,0.6549870729857346,0.012695417477558275,0.4994941314130652,0.8856304318440995,0.9389718998545087,-0.5333800429805666,0.7889137369690135,0.8276817210482562,-0.6392471704320772,0.9409750865569525,0.5076669702603167,0.5076669739964811,0.5858867979392932,0.9954675566654352,0.779676547010266,0.04132599370146136,0.6272037311939741,0.5274234711266894,-0.441672879892978,-1.2826021620117352,-0.13303310066355845,-0.39260663668368445,0.2578263526455315,0.061306168594637465,-1.1594238033532878,0.005273636627000183,1.6510029193892484,0.5251417356170978,2.5312846208278694,-1.2111720045633765,-0.6129495563315183,-1.1876505947393114,0.0
S8,baseline,-0.3455356471893612,-1.0989244581278226,-0.576334263113495,-0.3396763229103783,-0.6225657867334597,0.39383385422240297,0.15595316538532536,1.0365962952962842,-0.035940279181212564,0.14365311366937614,-0.20571052371776466,-0.10900949097641693,-0.6713987065535367,-0.18261344736086735,-0.6890590161019341,-0.991805866136621,0.07377111135633149,-0.08086599879304013,-0.7149063801767351,-0.7781435669031403,1.8079435405973192,0.14933803256012348,0.443255823770348,0.5890284211239579,-0.9697094966779787,1.700627761761983,1.7594995744888535,0.0765955635159879,0.7525196658790488,0.36858111177343794,-0.7705605037133526,1.6166752816909344,1.1132816038745517,1.113281613150836,1.2491877114398542,1.6446855284037758,0.5238451800225226,0.35127094646242263,-0.05320987357375703,0.529166727337512,-0.29857254844592485,-1.6325241569792335,-0.21197410637754394,-0.5513686888315913,1.0797566007280532,1.2881565485363569,1.2081636887442466,0.6253930414237056,0.9357098899658653,0.7190627351782979,0.07951679437155537,-0.7833441225569051,-1.464949744265992,-0.940306619247139,-0.805906034276003
S8,stress,0.028758581543222077,0.734733692666523,1.960470001568693,0.011087636287104952,1.9082478135894947,0.9515833595974917,0.7407775355802937,-1.4934877261668151,-0.7133837207254049,0.9266644074224432,-0.6301979130729366,-0.4904927572400356,-0.6791056641562124,-0.6299554901595308,-0.5948198657223884,1.019502925407654,0.6270544465288197,0.018636087954391502,-0.4766569881612636,0.3375855835441073,2.26463280703471,-1.2388213434680022,-1.3916652244698178,-3.170019607752532,0.9284976316930131,2.3526256256962896,1.9433286616948104,-1.4354006440355893,-1.3927893980723243,-0.850067121513385,-0.9815463730244757,2.0671420784469223,1.032908722076915,1.032908734937065,0.09176045597578412,1.1848227984224526,-3.4598146773580534,0.35127094646242263,-3.0522567713410567,-3.028075153926485,-0.4877525645302981,2.4088006391419103,-0.8954386032289634,0.19935190599018424,-3.5956637764897614,-2.527252511711884,2.411674933379388,2.535453555159733,3.0648112830524954,3.286806984430083,8.495044198694579,0.6353305941236957,0.5419924985616114,0.6393760868677422,-0.13431767237933384
S8,stress,0.7764542328087601,-0.010041561338379244,0.06030852919833856,0.8134262864447671,0.09239014836442376,0.9133817370893914,-0.42887120480964297,3.1616137587014324,2.613512240710208,1.251001597478602,-1.426686856995453,-0.22795105832667792,-0.5647747135622918,-1.4483711643245045,-0.6015927979821653,-1.199224253304671,-0.47951222381615666,1.17886205479199,-0.628173441838423,-0.529497783363563,2.029884832404748,-1.0744301823795315,-1.5970917940954268,-2.393747650379339,-0.3920249014906041,2.1081264267209248,1.6952002522590652,-1.2108664919122056,-1.7108857002331357,-0.9132604760966258,-0.785658864374775,1.7668308806095971,1.2874319304886874,1.2874319433082209,0.5724794837389757,0.833163063730859,-3.6425513680635846,0.04132599370146136,-2.8816858290670404,-2.9510715937174736,-0.5782762011628866,1.551330806157203,-0.7050236080302367,0.15677522448177275,-5.376759375449415,-3.795915630184344,4.70162583531379,0.9781038902121979,2.087012840507405,1.5010627311484883,8.428780203384948,-0.46836536756850233,1.8580444853658749,0.06005900256300483,2.552035775207343
S8,stress,0.4377367179121466,-0.32426601139234623,-0.38384319952476736,0.38214434863336,-0.34352786854194073,2.6296779065405507,-0.42887120480964297,1.2579223810979134,1.1459275216952436,2.284500177155396,-1.8215151070909816,-0.5833290075771757,0.045286244707392655,-1.799575900122985,0.010961756506463052,-1.6440223529026459,1.1803377817013079,-0.6174685304507113,0.4314126989472422,-1.846646366516324,1.4626054309996324,-1.2316133678760754,-1.2499737034489375,-1.5032394583152546,-0.4697357877844162,1.5376282957784062,1.227023938508242,-1.4311489515681914,-1.599942887106243,-0.9119134444419317,-0.016808849231830698,1.3914418833129405,1.5158377378770018,1.5158377522884283,1.2218017711636586,1.8340407701607933,-3.5694566917813724,0.04132599370146136,-4.257091757926393,-3.0661609316177354,0.3236882185312342,1.00143840760003,-0.22500681735738268,-0.014407587993787697,-7.73825810445223,-3.648960933457211,4.189669475588654,0.45292103201738837,0.22118155728024652,0.3546521675981495,0.21204478499081558,0.39275589022258484,1.9480420555371238,0.831238346765794,2.0147650856900077
S8,stress,1.606963257128426,3.315392440616413,2.7981717964762702,1.6392954706353928,2.8707318857029973,-0.02263416844122635,-1.5985199451995795,1.2882930745795165,0.26657031942467674,0.3963046431385626,-1.571711722862998,-0.6718709642373704,0.08162575293891693,-1.5807232065093153,0.12819348208180487,-0.5511670749881535,1.1803377817013079,-0.48801969852920757,0.8526958446766789,-0.1826333983201231,1.2148376551136726,-0.9965564184404637,-1.0197889461869436,-0.8897207329687784,-0.4920021122064373,1.2931290968030413,1.1252174635837067,-1.0793565985841707,-0.8542728620462224,-0.40117225704743986,-0.7448170181909329,1.2412862843942778,1.424764662796214,1.4247646778833207,1.037789866354647,0.5356048266841121,-3.532909353640266,0.04132599370146136,-3.126622660059294,-3.1341607239662084,0.4256631459026447,1.0574487503740173,1.5003000255887706,0.5092427930648585,-9.227537477502947,-1.870121527822192,1.011603329082148,-0.2696274184694202,-0.12500324035700694,-0.301103938683096,-0.5831231587247456,0.35058216047777674,2.174950806379023,0.8712062687614988,2.9549887923453446
S8,stress,2.571628589780973,0.8473211404595483,-0.8874536202522264,2.6140203431022617,-0.9097917691154384,-0.03283618201124079,0.15595316538532536,-0.03269773811547931,0.26657031942467674,0.5537103369832519,-1.1374342150193035,-0.890658822327225,0.49914706003013093,-1.1434311990263681,0.501805737876881,-0.16038739197436275,1.1803377817013079,0.6954706424075171,1.0235467964386058,0.5053514871000866,0.6331729514138352,-0.7966800538097275,-0.5505338846648348,-0.7925917930968626,-0.6056215383802703,0.7226309658605228,0.6137822479620844,-0.43655040669890416,-0.08116503033283279,0.3043269723275628,0.03965021798265462,0.6406638887196272,2.7509406913234367,2.750940643156626,2.2548817622016637,-0.3300191356336694,0.23146647489367297,1.2811058047453066,-2.854870990419343,-2.933486457044911,-1.2799900551435397,1.3985728831276398,0.6407399542615768,0.9439654705824764,-9.923619318248189,-1.7395499409180704,0.19888920758557918,-0.17475097340310602,-0.7096029771034545,-0.339986260848334,-0.5168591634151156,-0.49128557386749516,1.1638000430375561,-0.169195422680246,3.357941809483346
S8,stress,0.5130260208394949,3.3389659286867546,-2.919128550669562,0.5102021286863138,-2.9753016937861365,0.4923418836763608,-0.42887120480964297,2.4599456409180034,0.7429853101893925,0.7615531507632659,-0.20119800845864605,0.057122936405805076,1.1516658859875415,-0.21935180982089095,1.0709181424687464,1.3689700019484135,0.6270544465288197,-0.22605556188813003,0.257354920381796,0.9614782297713821,0.5978333334685471,-0.4495439933531593,-0.17350846467053893,-0.6748597447672691,-0.90651684838518,0.6411312328687344,0.34356561758572934,-0.40480736220130564,-0.06151617354870635,-0.3734086755140848,1.1343966156559095,0.4154304903416332,3.6755405942805863,3.6755406108805793,3.3040002979193277,0.23804658963738315,-0.4629329497873449,1.2811058047453066,-2.763587832028411,-2.9001656643668814,-0.6644964295388469,0.518437870500044,-1.877198302393033,2.267833717491633,-11.23756822697379,-3.31012724440078,3.505362292215887,-0.23525093204510175,-1.0698330548829509,-0.43593501412319235,-0.45059516810548544,0.635568671310339,0.06873272599826202,0.5325113182181224,1.4774943961726723
S8,stress,-0.5225228000888309,-0.03712307600299015,0.7620532150429816,-0.5020186881223392,0.8341394392285698,-0.944773198557734,0.7407775355802937,1.4567152881746324,0.6794510704751897,-0.20585103975888344,0.7772887044021904,-0.7141785722833934,0.30781887965420424,0.7974226654469909,0.3083522075079834,-0.39330042554380695,0.07377111135633149,0.17904294578327118,-0.5078829188508943,0.18391553639782318,1.0832496556818016,-0.31644946127797163,-0.34679490357160775,-1.56778852690341,-0.4187284327084775,1.0486298978276762,0.8279299375926378,-0.3573583189137011,0.03481007453991464,-0.8838384689019995,-0.6396140253136074,0.8658972870976211,2.056069960774336,2.056069948486062,1.4575635075492595,0.5085540778616887,-1.8151844610082744,0.6612158992233839,-2.7630771738547946,-2.8342281176643827,-0.4598935316967362,0.161301816718487,1.66721643927516,0.5492779088989449,-12.98459063146595,-2.992352728671158,3.0661003662161836,0.3775359026047276,0.4119573972854567,0.3501212599893957,0.8084207427774865,1.8639618689890698,1.181057198820158,1.8655021754034191,1.2088590514140045
S8,stress,0.1151350910835244,-0.8600816284156652,0.7377583722347041,0.12566874930775984,0.6151442971349229,-0.13393455590401573,0.7407775355802937,-1.4150387477447386,-0.4510204411647435,-0.49596525433430416,0.40324165863199585,-0.5553881361012817,-0.9374905048771122,0.38539623785470284,-0.8775622868305877,1.573019492381955,0.07377111135633149,0.5927305975475564,0.6965350902716017,1.3242426926627149,1.1016578356344515,-0.8327669403389379,-0.944519753750299,-2.252320164474549,-0.006945449136803953,1.211629363811253,1.051237649722811,-0.7040703078963775,-0.16329131429341287,-0.23819300469182278,1.0416940308985354,1.091130685475615,0.40528660954345097,0.40528661369654573,0.29141239839776506,0.4003510825719593,-1.3035217270327877,-0.5785639118204612,-3.0853932714006658,-2.972032360726634,-0.2343495888323448,1.129471448557742,1.1330457393009732,-0.46500503986424485,-13.274444265321698,0.8994381933541918,0.5548755500470451,0.8337845049526444,1.6261843834524143,1.1654387118307592,1.736116677112308,2.3166674572699244,1.6068212515711693,2.381384706544424,2.0147650856900077
S8,stress,1.0444506470220487,0.640292773688765,2.0354583881349493,1.0669914473100892,2.0060261540286533,-0.4781897544919598,0.7407775355802937,-1.1415639197493719,-1.0490379454143752,-0.11078133743372931,-0.5620677861599856,-0.24235958316678993,-0.7502383245106379,-0.5198160506017834,-0.6714008178499058,-0.6752627290766042,0.6270544465288197,1.4436260675343247,0.6449505385998221,-1.0517037059889476,0.9453060760137024,-1.323800431676825,-1.362748627578683,-1.902636820204462,0.9992638259856603,1.0486298978276762,0.8047145447318245,-1.107691032992919,-1.0002751850343374,-0.7543816372456439,1.8426245762900362,0.8658972870976211,1.7880634964897189,1.7880635120287331,1.4566086480100693,0.18394509199251843,0.779676547010266,-0.8885088645814225,-3.6512166667086623,-3.008731183355497,-0.4172089675962176,1.4235333662687133,0.26064718792776476,-1.359573394153038,-12.938297177560278,-1.061865809574099,0.17956261633212306,2.1254918611403233,2.0553603522228934,2.387725194708461,2.0011726583508285,0.696368158603697,1.2870085356637302,0.8889719832614378,2.2834004304486752
S8,stress,1.6200078370507505,2.216272846834293,0.6983186783702583,1.556615959316684,0.43451282678951375,2.8169317854261737,0.15595316538532536,-1.5113373918789317,-1.513093342702126,2.1281577403348235,-1.3474771472583071,0.11411014065394366,-0.7106983188256407,-1.377271161170984,-0.7242689662188705,-0.8083641544430427,0.6270544465288197,0.17421538624053212,-0.9963954727133487,-0.1485853760489493,0.7981832645772091,-1.2367145763022558,-1.3441259201237112,-2.2218588598181337,0.25136755630476765,0.8856304318440995,0.6292031675822172,-1.5594267399559718,-1.3497109629910113,-0.9356212015645416,-0.6530063021808196,0.7908194876382899,1.7843440843151672,1.7843441007033978,1.1535743340367597,0.6708585707962649,0.12182446047035436,-0.5785639118204612,-2.8674744190008283,-2.898956947174182,-0.7466232805677583,1.7786781232964157,1.3576633107000182,-0.2971924782123186,-13.880698689590199,-2.746624681511974,2.0256579182072496,3.004116309418218,2.0268378082057916,3.064915833104366,2.398756630208609,-0.5092304187375092,0.6355771990299461,-0.3238278483734855,0.13431767237933384
S8,stress,0.1527418643383943,6.301426455200469,-2.113847894598193,0.21788915275771575,-2.050072647469216,0.09171782817026193,-1.0136955750046113,1.4903677825250248,-0.1220358795524169,-0.4160623579783406,-0.6296298182049227,0.9169294253935619,1.5212928318972656,-0.6358713982192117,1.4135572758390058,0.9464032388890834,0.07377111135633149,-0.48268889549126615,-0.3389811160991825,-0.18713150277320975,0.5107784896975353,-0.6355672918797425,-1.5873578996571402,-1.6432472972247734,-1.0673140972027098,0.5596314998769462,0.4617612704218146,-0.8604697263982767,-1.323515647682481,-0.962950977136439,-0.4222820922954946,0.5655860892602959,0.5944351930967202,0.5944351952497228,-0.1532374942756906,-0.38412063327853413,-3.1308886340880977,-0.5785639118204612,-3.3381016186532895,-3.477631309748322,-0.7687091533502454,2.1786472005322013,0.4848160972939097,-1.1196715668948685,-14.745607299311578,-1.1568513241013934,-0.6797476934818935,5.316044939259503,2.781338996713004,5.301880280480945,7.567348264359757,0.353499915985757,0.5198998235201062,0.3912013760888157,-0.2686353447586677
S8,amusement,0.2080364748798716,1.2623807463691048,2.2743458859083083,0.2419848141565869,2.2294722737820925,-0.4922273500993265,1.325601905775262,-1.6103497827050124,-1.0312512699589633,-1.0332996095846574,-1.2649398196652695,-1.106912689554163,-0.08360076990023557,-1.2652353794639446,-0.0643996205004502,-1.1085016133467778,0.07377111135633149,0.3657834997067844,0.30601439027502164,-0.691736395289109,0.6991845396238289,-0.33343821220955794,0.7924134248710648,0.7967908593526528,-0.5912134977299942,0.7226309658605228,0.7841010979794746,-0.46232582560660923,0.8458094970905953,-0.6249248055892891,-0.5656192988477525,0.8658972870976211,-0.48543575727238697,-0.48543575446361226,-0.5057974267572779,0.45445258021682405,-0.9745956837628318,0.9711608519843452,-0.7622672220134329,0.037619216246697944,-0.8970776632217947,4.07236705984946,1.4548982098856655,0.029773413602701207,-3.1912838514162805,-0.6442247147076372,-1.1972557033457731,0.9679327464285301,0.9412279773256088,0.990510065340712,-0.3843311727958554,1.592033729026598,2.9471476253754774,2.2251977924286392,5.507024567552687
S8,amusement,1.3610082004131236,-2.6057918752067244,0.22610541516846222,1.3622328392175014,0.17406023657855216,0.03379105095690076,1.9104262759702304,-1.387147946742067,-0.37142626654836086,0.25433210110323684,-1.1434762175382875,-1.1849546788016614,0.46842796741506665,-1.1244747138657176,0.4179810022402756,-1.0964846061721258,1.1803377817013079,0.572310031124435,0.09599620006593013,-0.8851481752733894,0.2639348578345097,-0.010846306481598138,0.735962968941971,1.1209932909468325,2.174735267061031,0.23363256790979273,0.26107648374707065,-0.080959358575346,1.0350047768602528,-0.32793560355412116,0.7754135458307442,0.26527489142297056,-0.5044345522925562,-0.5044345426617225,-0.5558025153104399,1.211873547244894,-0.9745956837628318,2.830830568550113,0.1697768848383439,-0.05161421998078203,-0.4559776134873718,5.009658856481835,1.765534014018266,0.6475386772301784,-3.8277326920828507,-2.2631178200286035,1.0593950743936476,0.4499210949100364,1.0347078397815308,0.6178508798284051,0.9409487333967468,2.388906515886805,2.89170947354302,2.890927994331793,4.969753878035352
S8,amusement,1.9251246028559212,-0.9379230321472113,0.8098773843094598,1.9360876622722816,0.8825332695894922,0.6044053524107914,0.15595316538532536,1.6576791773408899,-0.04273668695434961,0.6860086553012614,0.3875928460615347,1.0885443277015079,1.4245272895779586,0.393926804299301,1.4669955412651368,-0.45903478491409866,-1.0327955589886448,1.745487094380469,1.5231013956250032,0.33826557996986256,0.31508162428597325,-0.24143630706320082,-0.1917496427731833,-1.4963870525965675,-0.7475645975694808,0.31513230090158106,0.05037740123169549,-0.7146348502923624,-0.7766763875873444,-0.5778495940778873,1.1794932788642722,0.1151192925043079,-0.6735530047842844,-0.6735529953980786,-0.6644449490171498,0.8602138125532824,0.6334871944458412,4.070610379593958,0.14745839908991162,-0.12839497319732837,-1.3749920758645995,5.878939741046542,1.2727413385933966,-0.13139590365922568,-4.758741598339844,-1.3554886275488152,-0.7505401234506892,-0.8264078771768859,0.7816921278926595,-0.4772179069979738,1.3385327052545273,0.5373052591150063,1.4906493953217301,0.8117892124567485,2.417718102828009
S8,amusement,0.7058316567081024,3.953172972592584,-3.0159234541781874,0.7360575234557746,-3.095258091215836,-0.5390985118350625,0.15595316538532536,1.0151142470144836,-0.4003761633285546,-0.07420674502442148,1.3779510813186053,-0.43276141033464904,-0.07788799401823611,1.334440457088675,-0.2118118489624067,3.518501842706031,0.07377111135633149,1.2354794952959949,0.0741780834310623,2.364952259153743,1.0991483219711229,-0.6635525254317151,-0.4241675134800379,-1.997081210622708,-0.9918690778680218,1.1301296308194646,0.95932926695738,-0.3195996340762135,-0.5046963267470314,-0.19452287177075656,0.7440980495879891,0.9409750865569525,-0.7795073314085925,-0.7795073224753979,-0.8373784981962329,-0.05951164740936381,0.4872978418814164,2.830830568550113,0.2826494575042784,-0.009873204802767465,-1.1162962558516245,6.601179567449603,1.4361057490688576,-0.026490163736641908,-5.37549387633618,-1.6928144892671113,-0.14445458913832102,-0.5385643943882475,0.08227238195126649,-0.4619105232581036,-0.3843311727958554,-0.5591455706321377,0.5504914079189192,-0.3875969075914828,1.8804474133106737
S8,amusement,-0.8023024582703793,-0.08545356273596981,0.41385743055613455,-0.8347376501528546,0.5672689294861857,0.5332251084484024,-1.0136955750046113,2.0295406246260796,0.3951894738576219,0.462180895799618,2.3201820488975318,1.2126916259502305,1.620362720309936,2.2995434637879755,1.6414131732984403,2.083565073371967,-0.47951222381615666,2.471689333489187,0.46491377952923263,2.3578920108587,1.5065442014022865,-1.0860333778842646,-0.936680284528211,-0.828331879196918,-0.8273978723962732,1.6191280287701946,1.401788839935988,-1.1404827645621871,-0.8988887591630856,-0.8653446358082337,-0.9282562093492112,1.4665196827722717,-0.4358760106458712,-0.4358760035718602,-0.4151377680202922,0.2109958408149418,1.145149928421328,1.5910507575062678,-1.1012240371370898,0.1487241038793454,-0.80967006309064,7.425273780282725,1.505591040663731,-0.04077329229250966,-4.973482525027103,1.3590667483591674,2.126452795020402,1.0110319625965425,0.029865194437805567,0.7433468164117196,-0.5831231587247456,-0.5882767642705735,1.464046171814478,-0.16581659509969388,2.0147650856900077
S8,amusement,0.34298550991269605,0.8157922270798271,2.0112909396592804,0.3743244693591532,1.9746781361812455,-0.8335047117480684,1.325601905775262,-2.2694348257465378,-1.1396829853866814,-0.6603812412884547,2.8807202764415543,-0.49773728694672675,-0.7179995680912326,2.84292918134017,-0.6794989009422154,4.608558420023734,-1.586078894161133,3.557193730590913,2.969722769445235,4.1826118589198735,1.4947784501034447,-1.088497214432769,-0.5699359194267867,-0.8819546731542661,-1.0614299410426484,1.5376282957784062,1.3269485699279158,-1.2737057548801494,-1.0262752016672227,-0.9119134444419317,-0.8798831549675179,1.3914418833129405,0.459677276562653,0.45967728855936796,0.27188805007932676,0.23804658963738315,0.3045611511758854,2.2109406630281905,0.3229020367809238,0.07861043206686874,-0.5641261379036733,7.947316411718258,0.6340197904205389,-1.184743554743338,-4.372809143377863,-0.7092851266696218,0.03548980904175969,0.5366274516516923,-0.4025415227777692,0.2736238929139616,-0.7156511493440059,-1.2961964990291643,2.095969699897545,-0.573931815599102,1.7461297409313399
S8,amusement,1.6714840130417987,-1.1017547545494255,1.0004747083262298,1.662123357855888,0.8288055347959485,1.5379798543689855,0.7407775355802937,-1.4949431404547393,-0.7180901378675516,1.0703554921200495,1.359469932351823,0.4551841395835452,-1.3089816424044214,1.3545465463001602,-1.2251393285332455,2.5888308756287475,-1.0327955589886448,0.7390772610213193,0.28465068725759424,1.3090908426983558,1.6280377582967853,-0.5516433703767675,0.12009459558793958,-0.1053486917030302,0.14080179533918452,1.5376282957784062,1.3537209285747673,-0.7726224678329324,-0.14934459131726557,-0.20068073076364243,-0.04700296274847028,1.3914418833129405,0.2092597561457653,0.20925976651741635,-0.1632190003206707,-1.0874401026617215,0.5603925181636288,3.140775521311074,0.31038728910521546,-0.009431269328605758,-1.1327908334933088,8.192750037844077,0.9214226426867722,-0.6109873317377653,-4.942966705394618,-2.0320042917821612,0.8104879773385449,-0.10680255827215403,0.20176777092747017,-0.09080499719339524,0.34457277561007577,-0.7579160254108739,1.4776687901006003,-0.3078147528686835,0.6715883618966692
S9,baseline,-0.1319597064041592,-0.9127017539589066,-0.5241066327254782,-0.12262020506125094,-0.5089483412608252,-0.2293723244985557,0.19804649152993975,0.13529356310785712,0.7905400932622118,-0.06887300384448639,1.1692323702263456,0.4664046158054505,-1.5904992285104131,1.1753864133399248,-1.6228966034656442,0.4962055951908953,-1.3977830548244707,1.7357559332821557,1.4498182232009182,0.9389871096967922,2.3149176936265325,0.22230738281732831,0.3576161213437922,0.8379693638468277,-0.2138255127080494,2.200618068121833,2.0907217547132357,-0.30032667798733803,0.2983753205400703,0.1794446574102078,-0.769052221605346,2.2064748964199583,1.6162661969339225,1.6162661946596644,1.8093243648527255,1.3311033564860209,0.03470751997574843,0.36450909721421165,0.2911906620128319,0.511056512486535,-0.6144642190506115,-1.7622725129831514,-0.08982907921758573,-1.0840819068799705,-0.26530139252249474,0.8042037542860029,0.8802645311697267,0.9274361871778684,0.47837977141024474,0.7864225398038663,-0.3139224960532806,1.678516267049682,-0.050471190050166224,1.3767651748274856,-0.6284649007697218
S9,baseline,-0.884361144960724,-0.4841922440690543,-0.8706391795941434,-0.8879102981966354,-0.8357591215880057,0.3100196822699141,-0.6507241864555161,1.8213486897097941,0.9363970833718581,0.05717040799160521,0.5369293905374677,-0.1488081457573486,0.22215531798976593,0.4716597104406237,0.27535778104815256,2.516265765775324,-2.063394033312314,2.2913690790055217,1.4498182232009182,2.269156011606767,1.1186640825308092,1.150530122968204,1.2628123761826573,1.0000620601825272,-0.4306082519104376,0.9240164263936974,1.0263795234980535,-0.10445510484397845,-0.08953742934152764,0.1794446574102078,0.37037460697648583,1.0845385084098098,0.9086746071159317,0.9086746340881466,1.0122176641366227,1.066645735992096,0.6247353595634718,-0.11093755132606445,0.6284207822072012,0.43250041832052927,-0.14461800815531486,-1.4253413243285555,0.9458150920438642,0.56615660903704,-0.020429992785591638,-0.7092951790014763,0.05388042436172772,1.953607545926748,1.971357885901015,2.0136323975436783,2.0404962243463256,0.7273000924349444,0.5315322662497215,0.7141355240100393,0.3467392555970884
S9,baseline,-1.6924134801481898,-0.9787106741262284,-0.6104589774632598,-1.688805534469709,-0.6487976689998973,-1.5885200030087225,1.4712025085081235,-1.7844402276081148,-0.8648325674705073,-1.645289246029157,0.16307469852496378,0.5350432369542042,-0.6578628879452527,0.19780935673656178,-0.7850024567370606,-0.301918395649746,-1.3977830548244707,1.0457338688108597,-0.9608697610799656,-0.3125308430420572,-0.07832605441923356,-0.6766803063361698,0.19630354464502447,-0.44705794475065075,1.6615402785103661,0.0121581108736006,-0.2381531822117274,-1.0216707073413118,-0.7016519472401178,-0.35162445222001165,-0.8378663954204669,-0.22438727760203026,-0.22300183077271485,-0.22300180567150737,-0.1814396960562973,-0.43194744680672337,0.17353759987874218,0.1267857729440736,0.6394637789972873,0.48899493203940314,-0.27557295548404837,-1.064664910980619,0.16577049667956464,-0.3047060526199535,-0.2564954081091902,0.11631905458479827,-0.8989974030227008,1.9214514577940742,2.178909944280334,2.0619566938842815,2.5981217107567587,1.1317315488020048,1.3321651244341075,1.2971313652483738,2.405503585704799
S9,baseline,-0.8078412242449136,1.81852584022599,1.7141056985504215,-0.8258194920731464,1.7373726168800465,-0.663001674425112,1.0468171695153956,-2.091108792998377,-0.9408880025796991,-1.0148814949641753,-0.04911570012302779,-1.0212704918994076,0.21635823649350833,-0.0918546886217065,0.30325513703794355,1.139669195395972,0.26624439139513756,-0.1906338719773583,0.2908290791239062,0.970698726805139,-0.51840986354721,-0.973292389119276,-0.9554246963150943,0.19634275094840872,-0.5898573104830368,-0.35258521533443815,-0.754382978010431,-1.2578293413089094,-1.155291005750039,-1.327520679318276,-0.22707164445867686,-0.5983660736054132,-0.26921435209509137,-0.2692143351331265,-0.41602637699600525,0.7581118454158651,-1.5618383989086795,0.6022324214843496,0.37596563007800166,0.5498116695721614,-0.8152598799931606,-1.0661525920537271,-0.7126510953578209,-0.45875817593038626,-0.6522188596103063,-0.969715063299207,-0.07003914731799767,0.9664214167584109,0.7868345058028382,0.8921771713314287,0.7393700893886486,1.9264211802440638,1.3227899320511927,1.96833224217803,1.9720795162084388
S9,baseline,1.6048705414729827,1.7941046220712318,1.8221231004541274,1.6107152904925486,1.7750183697508242,1.6933371337702732,-1.0751095254482441,0.3639494040419956,-0.7339869253351504,0.9286095162272523,0.6071225712724962,-0.28121153926092674,0.9297341623562915,0.5842750711444651,0.9350500683662123,0.13181319625315055,0.9318553698829809,-0.5092129976409241,-0.5153203253556415,0.6782880203531542,-0.4305443461845137,-0.618235440905896,-0.6519331958384041,-0.0023545227233596425,-0.7525617560633451,-0.35258521533443815,-0.6365522263736332,-1.0041912124823646,-1.0967156908871445,-1.391842370520102,-0.41882729414261927,-0.4113766756037217,-0.10582909377518139,-0.10582907411563974,-0.27744707722199835,0.9784931958274544,-0.798272959442214,0.8399557457544877,0.42635071319322915,0.5279947563208802,-0.6198075994531517,-0.7395582684373281,1.8206537655985848,2.199740802055221,-0.8259749734106839,0.7325261074244108,0.5060135791468473,-0.25231828955519453,-0.5297830067161159,-0.32468089773151415,-0.43783927081115465,0.43630366428872885,0.794850944751834,0.5410131111621764,-0.08668481389927171
S9,baseline,2.010738208052562,1.0197612735903883,-1.1998376141576017,2.021887808446898,-1.2493707631914721,0.9773143792529284,-0.22633884746278818,-0.21915460008394475,-1.1052969615447747,1.5264606528423337,0.8177954245204953,0.20792245807640986,-0.2847477428430838,0.8367802777295269,-0.19095080575385887,0.36207861333361535,0.5990498806390592,-0.8534535679974246,-0.12112281554256127,0.3365011829892613,-0.07535774509961728,-1.7007040951185313,-1.241414089771707,-1.0289571033608307,0.6893484523024228,0.0121581108736006,0.022239473896014498,-0.8080211085098981,-0.7206144080966707,-0.4260324868110576,0.5381042431398538,-0.03739787960033882,1.0464257074313374,1.0464256980965911,0.7916125151372163,0.3173491445926863,0.0,1.0776790700246257,0.6655854309986973,0.5317068765902366,-0.6294462819974591,-0.12380303372837151,0.7152499024918642,0.5367410416751124,0.7527387650214435,2.426768641079183,2.4048811660711253,-0.4380125822609296,0.05748355649142198,-0.36285132136977566,-0.3139224960532806,-0.9474000887729704,0.6384162242186696,-0.6759634289368803,-0.30339684864745176
S9,baseline,0.8890226262960099,0.19150587262372443,-0.8533872050006477,0.8537998684370947,-0.802564667947,1.9489755406798035,-0.6507241864555161,0.5840720821140121,1.7949345477278458,2.0275138379284394,-0.3282626556163145,1.3567375751727848,-1.9183686481458566,-0.30931109430998033,-1.9396548965536482,-0.8433387318076578,0.9318553698829809,-0.7660870395813152,-1.5858580429091451,-0.8102926284394818,-0.07637649185746724,0.17386437897046692,-0.033785641798096996,0.13484121385952805,2.4935625436623505,0.0121581108736006,-0.11050657191425706,0.6997295012574424,0.510398100319515,0.26114759735331794,-0.14059575751455053,-0.22438727760203026,1.1745917066330485,1.1745917182620262,1.0596992781225028,-0.07933728614815691,0.1041225599272453,1.0776790700246257,0.6638531853420861,0.535370848216878,-0.7796659821858353,-0.033068886248555675,-0.8239342070887948,-0.9477246293221324,2.166848053268429,0.1871758255135625,-1.086417595320547,-0.43152315448380385,0.31183101144807973,-0.30406362265504716,-0.49979765819009164,-0.7480044324276042,-0.012786964141229226,-0.6720292898809453,-0.6284649007697218
S9,baseline,0.5342964653916754,-1.6360262058259856,-0.14821124997018015,0.520404895389391,-0.1441048043377184,0.21000124468337306,0.6224318305226677,-0.734014139894757,-1.020432491371895,0.44820553231016186,-1.3854422244203228,-1.67747196375708,-0.3203644693680258,-1.3625593109802616,-0.26161265129607686,-0.8148452844632522,0.9318553698829809,-0.2633272700215639,0.26262410866022945,-0.9953935090330049,0.5484299349897117,1.772867000798008,2.0093502051996777,2.0143086112096458,-0.5625423973110805,0.5592731001856587,0.5135414167471805,1.9300661519667965,1.7986286828019997,1.677648567762362,0.51486577414099,0.33658091640304405,-0.4349600461470436,-0.4349601006003295,-0.2876261888012035,0.14104406426343247,0.6941503995149687,0.6022324214843496,0.3022010854933234,0.5206991709046855,-0.3463070983672808,0.10022185137736397,0.7472310401986649,0.23090149243018673,1.9088345064900765,-0.5673899381098204,-0.5096868184023102,-0.3226347938820109,-0.5491024796945853,-0.38217037291902756,-0.49979765819009164,-0.4791296381025682,-1.0600079052959095,-0.6428639811621158,-0.41175286602154176
S9,baseline,-0.098919679424355,0.18481251655543657,-1.0836748102538776,-0.06855053602241329,-1.1001970631679199,-1.238954284878391,-0.6507241864555161,0.2949249513402645,-1.4298783319929558,-1.0209282271616187,-1.1152628058661884,1.3123219170459128,0.9878702980160123,-1.1291498958388946,0.8845818767699892,-0.8466586806882698,0.9318553698829809,-1.108146168162223,0.2161993534746493,-0.9026786883975129,0.38998393738867887,1.2967033934785142,1.6793628961232263,0.8340223734298968,-0.6683759267628199,0.3769014370816393,1.05980141849527,1.8388869606501097,2.073594478067112,2.1830235710151227,-0.5867763485545511,0.7105597124064269,-1.3726154054142652,-1.3726153867822728,-1.285980490891929,-1.357549118535387,0.34707519975748435,0.1267857729440736,0.34986383801995535,0.5072597280174885,-0.34071057607825495,0.6040867667324987,1.2155571997962482,0.9692749002949541,1.0072640123141408,-1.1125227848616412,0.463450439298895,-0.6572486877090971,-0.870553089598552,-0.6876865550707709,-0.43783927081115465,-0.6462912899956795,-0.1585786653313624,-0.6184387315274198,-0.41175286602154176
S9,baseline,-0.9580196894750801,-0.2909884726225286,-0.6230317688102229,-0.9635113582925036,-0.5721513266826123,-0.5491222094949421,0.19804649152993975,0.5605524885312814,0.27056136913312073,-0.6301219726911407,-1.0111899275297735,1.3171043230821873,-0.08178957653386944,-0.9681388250061878,-0.14924373836446025,-1.374429484645256,0.5990498806390592,-1.1194041266061803,-1.2114352685302483,-1.740760570089543,-0.6014047663172987,0.6707149038213931,0.025951822789119647,-1.1647335737032063,0.4360491471008401,-0.7173285415424768,0.06491573278641592,0.8110868040956999,0.9433946633291048,0.6638263727872201,-1.329906454971656,-0.03739787960033882,-1.8499170440336905,-1.8499170214030334,-1.6545612994441727,-1.0930914980414914,-0.3817827197332328,0.8399557457544877,0.653909407850789,0.5137163481002145,-0.23059334110971802,1.0143314073143723,0.35820313462034115,0.11745199188081934,-0.37932767848404053,-1.8065636889540866,1.253716681187902,0.11842046544045688,-0.28971871617038086,0.002509507096067048,-0.6237144329479657,-0.18424531632542396,1.040374638175963,0.08832468455427936,0.5634512903452684
S9,baseline,-0.8651495033747925,0.006534217679535881,0.6507483273710729,-0.8674379681160427,0.6625537995080184,-0.9838219087648026,2.3199731864935793,-0.8043639667047753,-0.07018465199823831,-0.9121477958469665,-1.1173235078999386,-1.0760378453818693,-0.28958920089391427,-1.1342309917253337,-0.21958458668320116,0.8207168594106565,-0.0665610978487841,0.3744746684906775,1.7044783477905945,0.17406982313057015,-1.1773051687618779,0.6897347098949916,-0.012431158574571869,-1.100418403541029,0.7034088618363007,-1.4468151939585543,-1.0507966442068517,0.021406355952090235,-0.042295344329761245,-0.16391453323678862,-0.17453986546522712,-0.972344869608796,-0.739793866034093,-0.7397938857340067,-0.7070742849540504,0.5818067650866112,1.1453481591996983,0.36450909721421165,0.2996588199324317,0.10968833529466851,0.20376943555973542,1.117113890688816,-0.5754381398911047,-1.0278866019337616,-1.0284125397602193,0.1638940529051695,-0.6627076253332412,0.04256342681200112,-0.4079025246158303,-0.07650492616201836,-0.37588088343221765,0.3262150475433262,0.5440039967353985,0.37742384721801636,0.3467392555970884
S9,baseline,-0.13031036658630646,0.19402838824283414,0.7702515069794278,-0.09870182459554593,0.7542056310376001,-0.5174584813441557,-0.22633884746278818,0.5277913904387762,1.5049824676580352,-0.38979561718738215,-0.8864735917503591,-0.8230991015537784,0.24780839841721225,-0.8906754550863859,0.2128118930581623,-0.8009596185454647,0.9318553698829809,-0.14186520760184299,0.2911643813724552,-0.599930393776592,-1.7232265647846785,0.07037506372934108,-0.0630850521735081,0.5460499526107204,-0.5605389529064848,-1.6291868570625738,-1.8703275044816101,0.2788353559651852,0.252769516428021,0.4085441173858214,-0.26558413309385975,-1.9072918596172532,0.4106585232442734,0.4106585433888994,0.4490352580497711,-1.2253203082884392,0.7635654394664656,-1.5372774969468928,-1.4723243989625925,-1.8513257957941647,2.3138352595469778,1.1426869525921721,-0.12424084968332788,-1.01585697939044,-0.8304122939130928,-0.2452276455265799,-0.8596916048496833,-0.9316217464751964,-0.5016868029943525,-0.8461929931695434,-0.43783927081115465,-0.4858047074259541,-1.0706592672652215,-0.650117832980387,-0.7368209181438119
S9,baseline,0.2121942822328433,-0.7464407547315196,0.058455820459911705,0.21557422190831266,0.07222596901354836,0.31222079758657967,-1.0751095254482441,0.3618980890546134,0.5863121504680279,0.24932868850605736,-0.3843330920131174,-0.5258633711938185,1.103074313014342,-0.3876760391036223,1.0652754962934974,-0.5146220679987654,-0.0665610978487841,-0.4050606855586443,0.13559200577126904,-0.5595206091941318,-0.9512259567184946,-0.2932096411337165,-0.5969555521444068,0.5376944775127269,-0.6606827335228577,-1.0820718677505157,-1.0345775394963344,0.35149314857179903,-0.36562754260048363,-0.08137626625433797,-0.4633297307327857,-1.1593342676104874,0.9134691891422719,0.9134691470804253,1.0378446841064273,-1.8423880894409013,0.6594428795392202,-2.012724145487169,-2.9209947624682813,-2.7435941499570657,2.3986968415833596,1.1748539720778957,-0.5563862389014967,-1.0960819323594708,-0.7465682423023785,0.13032982645942173,-0.7830349139412801,-0.8046189473868813,-0.5297468049756217,-0.7523288453761012,-0.6237144329479657,-0.6142699709395534,-1.7902315471534591,-0.8472242267380633,-0.7368209181438119
S9,baseline,-0.15770971231361258,-0.7762077265888895,-0.3130428444314803,-0.16039733301676037,-0.37767894843774696,0.12182978559713893,-1.0751095254482441,0.26152739360155003,-0.04672683983277515,-0.06620899226463771,1.0716005588187612,1.1843751348821772,1.9091436098856978,1.0627165567109238,1.9068420848331777,0.41640343966926396,-0.7321720763366274,-0.32203652677504824,-1.157398597012701,0.33639831368038364,0.4735414708723199,-0.40119071897784747,-0.6825280997273763,-0.7948597407015636,-0.8380729417440631,0.5592731001856587,0.3057789980439232,-0.46638398405831766,-0.7663800675003178,-0.8728328622019238,0.856710998268347,0.5235703144047354,-0.1308371628004942,-0.13083714454291717,-0.1719294925952877,0.9784931958274544,0.798272959442214,-1.2995541726767545,-0.6327404212734028,-0.6349408160015018,0.05672703672332673,0.7837494172128809,-2.030190572590298,1.3697669342291827,-0.56076339903717,0.15333837020888075,-1.091596878191982,-1.0337635666076528,-0.8573772838080795,-0.9774316113356195,-0.49979765819009164,-0.634488315412991,-1.3026898095358348,-0.808792619696267,-0.7368209181438119
S9,baseline,0.47556238348606195,0.615995100933978,1.2107058285919303,0.46137246516975655,1.23819631942316,0.19655232257467806,-0.22633884746278818,0.7217236753498164,0.32849906050489547,0.5109577141837055,1.9116484913185081,-0.8261468022148974,-0.4729225819324139,1.9449689145703377,-0.4142285985531853,-0.38638040123045775,-0.3993665870927057,0.23189391233331602,-0.24851891216468133,0.21700805371026272,0.7866398382823344,-1.3837843648868133,-1.2938394799403248,-1.5629095148196102,-0.7068435000001039,0.9240164263936974,0.61191832851477,-0.9686261419269916,-0.9390473257397567,-0.9379358905617652,2.9334942234340633,0.7105597124064269,-0.9439171294282116,-0.9439171815929086,-1.1776488574443202,-0.1234135562304924,-2.6030639981811325,-1.0618308484066166,-0.2704037514215564,0.0010611658890659669,-0.17658263153856532,0.277817270764109,-1.0558104486987034,-0.05493749316639878,-0.26978055715938587,0.6961586672913814,0.3999651651435145,-1.0581587315538092,-1.2489259667604142,-1.042787163869375,-0.3139224960532806,-1.4868540409609219,-0.7587077778437024,-1.4476958382780538,-0.9535329528919919
S9,stress,1.1136530603810795,0.33656778162896267,0.8264134622301139,1.0931693535193543,0.8038600124822154,1.6550775824781325,-0.6507241864555161,1.4677824573698708,1.5242177397978576,2.1879086279666735,1.5182034321708737,3.931878342385481,2.521569394348662,1.4372126202282516,2.6197238712617184,3.3491057614414466,-0.0665610978487841,0.25936357874789995,1.5290448358459081,3.2164200444469393,-0.4308364643384017,1.0224113006073752,0.2183468506378083,-0.07349305280337634,-0.24945475307177503,-0.5349568784384575,-0.004703872955633705,1.3749286256199085,0.3843627440320367,1.2693035170084854,-0.4489436600259771,-0.03739787960033882,-0.7620798938581979,-0.7620798730198729,-1.3275227628843516,0.40550168475732795,-5.55320319611975,-0.8241075241364786,-1.6512236263657218,-1.9494042353932028,1.4592812789618146,-1.5571082611764469,-0.30865081683627493,-0.7084543771991256,-1.0023469728430858,0.4416671926691722,-0.1915222857042965,0.7108184784231403,1.9263243807524888,1.0349856909983377,6.687375277766601,3.8269496733448123,3.651089739866992,4.551722091181641,6.41467622854613
S9,stress,0.9673914848711334,1.472322998203138,-1.1351668677034172,1.010026442393402,-1.2286303974126207,0.17344822689496694,-0.6507241864555161,1.6294415361336505,2.592170564443544,0.7288734850581322,3.1654688237294977,-0.7473067285491685,0.5248980201873751,3.1435638249939117,0.4798794610722999,2.4663043292393483,-0.3993665870927057,1.035322254444421,2.764010258617963,3.2371605666250036,0.2203956400700642,-0.919981469635582,-0.9431705882877142,-1.1407730201133752,0.7738400496715198,0.19452977397761997,0.7215134344920484,-0.2816670568358836,-0.04347329757008423,1.0271126593199793,-0.6618458599310086,0.7105597124064269,0.2573490574931817,0.25734908007718243,-0.8729462579479168,1.4192558966506625,-6.490306235464957,-0.8241075241364786,-1.2662780339618336,-1.8046396057149494,1.0007528300740118,-1.6059859969164918,-0.3772255987493102,-1.2941731601978528,-0.8796514176352366,0.12628866277975187,-0.26695434165791015,2.1955638904288817,4.006392947901162,3.058704462136334,13.378881114691799,4.9231713936551635,4.895039907295688,6.168117877198424,11.615765062502451
S9,stress,-0.27867275338191727,0.6153224482688312,-1.0914668534409147,-0.2951950849445639,-1.070776493325116,0.23685612477569715,-0.22633884746278818,0.3498119658789235,-0.31001575061343994,0.6344128573993449,3.733732938566404,-0.0003981800269759505,1.067891823730182,3.6111868545799983,1.066218875805669,6.884119169712047,-1.0649775655805491,1.5421124603702936,1.7588743567115792,5.856933376137045,-0.7349979213341707,-0.7077213660016797,-1.1236869656188835,-0.7574041626760808,1.9378999023006167,-0.7173285415424768,-0.5362593543867239,-0.27871398028832356,-0.6880698470678452,0.5929412437076573,2.8943725628485275,-0.4113766756037217,1.184236894862027,1.1842369222949363,0.4172764163904428,0.5377304950042757,-4.616100156774542,0.8399557457544877,-0.7347875055771743,-0.7381236933951586,-0.57546136110507,-1.63108508621547,-0.4014202487340182,-1.2289275552974714,-1.1739668831205594,-0.3873221330969038,-0.830649001377881,2.302209783486501,3.6380540511866464,2.96320406445542,12.077754979734122,3.9044583413774663,4.0831924358040395,4.842189431971128,10.09878081926519
S9,stress,-0.16573765417642988,-0.22580649122914395,0.5134411055890679,-0.1494287288628458,0.6080690421195711,-0.6039702423932373,-0.22633884746278818,0.8813833235355735,-0.02248235545059618,-0.3593904811980905,4.380613377644435,-0.7561621693375782,0.5540809064205897,4.327466165482717,0.5848109898810795,4.129676818831644,-1.0649775655805491,1.6513103562190317,2.35954914310504,4.439579499347937,-1.3022550314466275,-0.24793031872725516,-0.3568574413509132,0.2582743687162316,0.03284651406699444,-1.264443530854535,-1.428040534352949,-0.046096944397702504,-0.5913418371045885,-0.31131050159018675,0.7380322366477212,-1.5333130636138703,0.33383557621835974,0.333835594759917,0.4871278613231533,-0.29971863655977565,1.2147631991511951,0.6022324214843496,-0.588227410411708,-0.7422608222032614,-0.2023364029605612,-1.6195812046911024,-0.2759325744746879,-1.297647628768884,-1.202561881170332,0.2268471707827565,-1.0610067446766314,6.339228008356974,4.719022571960888,6.648266971090634,15.547424672954595,3.5754157291763606,2.6801883679338108,3.8843830540704456,8.04001648915748
S9,stress,0.4167081421270343,0.1617690457062872,0.2588884958579147,0.3829752259150048,0.16234847159802956,1.4092063212553783,-0.6507241864555161,0.20241992773670683,1.081175823809615,1.9267205112816344,3.3136777834940583,2.1174509826170316,-2.2368830981463033,3.27807541902101,-2.1644165525437775,3.6120198838418824,-0.7321720763366274,0.2511300547425619,1.5095812433375277,2.348056222305465,-2.064265626792024,0.6126218054204561,-0.1386326101809507,-0.2663769274652996,-0.6528481927940106,-1.9939301832706124,-2.304963764581151,1.0379852964264542,0.024419517517676705,-1.1577217681376024,1.4893153420407819,-2.4682600536223274,1.1153096369125226,1.1153096633112474,-0.001403616529864725,1.1107220060744316,-5.830863355925737,0.1267857729440736,-0.5917658888154498,-0.7661246538247203,-0.43846896418171394,-1.724982972010037,-0.9789186297525474,-0.6293003156977777,-0.6971480256263237,0.7297333612875501,-0.3201004151995594,9.813331580227093,7.12511517529286,10.891885403500762,24.0976821312479,4.477124582118496,3.2333909630037905,4.900590577674706,6.84810029804249
S9,stress,0.8632925035143284,0.8852374832236225,0.5455240494048457,0.9309419479283221,0.5763242289281745,-1.715824208822799,0.19804649152993975,-0.2674955450079366,-0.7534370479611358,-1.319882612526512,1.42081003148185,0.46238866463048645,-1.02256726991864,1.3599349194463473,-0.9990019094280362,3.0037486114334633,-1.0649775655805491,0.9324809271609197,2.90748589337219,2.2193423530622436,-1.3737617411365344,1.465976082708564,-0.6376182095430919,-0.8860345030004364,-0.4397229440336258,-1.4468151939585543,-1.3290560845781523,1.6359707602596065,-0.11144230186281211,-1.0535269817312791,3.488912610430152,-1.3463236656121789,0.865925300193363,0.8659253151733339,-0.30257323341076425,2.785620269202505,-6.525013755440706,1.553125718564902,-0.6500343004701692,-0.7915090108877129,-0.3808808366491849,-1.5912996332522225,0.8115128335171031,0.5607160168788246,0.35602086919554365,1.3395947462974973,0.8894484619536183,11.64491991664423,8.74119185479012,13.59715882117418,26.514059239026444,1.6620799426752555,1.0609717420744285,1.6604185346200153,3.163995707323429
S9,stress,-0.14274616046971056,2.4400001993656115,-2.152729872444349,-0.16445861395491568,-2.1974753860262126,0.7540958073160232,-0.22633884746278818,-0.7549226457351199,-0.4887343961319331,0.17964872445598898,0.2915780777525079,1.362987338307982,-0.7998050716757378,0.2927363946354004,-0.8961391453883958,1.7363201579319825,-1.3977830548244707,1.241528875866203,4.1620216456970125,1.5999538785971748,-1.2040191051767133,0.31005982278261607,-1.1391573868249034,0.04667467467616573,-0.4886279099025646,-1.264443530854535,-0.9273446135217213,-0.033215883828467775,-0.7514424790491022,-0.42143392622203646,4.449751070212973,-0.972344869608796,0.18555116440956365,0.18555118282203908,0.23802677031966654,2.344857568379326,-0.9371030393452078,2.266295691375316,-0.6380056709511003,-0.7923169859311128,-0.7798767380551564,-1.3328330449466539,-0.317507064846477,-0.7374481298367903,0.9487614246530058,-0.320401161036316,-0.47130865488936136,7.762330553203288,6.43809272619619,8.811969344136795,24.593349230279397,1.7657291297874105,0.6527400811068117,1.6283073476265184,2.730571637827069
S9,stress,-1.7544698574386821,-1.2962012382870736,-0.32559252695257035,-1.7459767015772343,-0.28008656663083575,-1.4420344314162654,-1.0751095254482441,0.324996319771414,-1.1346347209946777,-1.7725071692391738,2.041862136170937,10.437074798205003,4.037284300615717,1.8871335403018785,3.8931065924950303,8.304614949261486,-1.3977830548244707,0.9905806206580616,1.8728299984127788,5.169871384328456,-2.7979063862666114,-0.2799683463554768,-0.6827475417673841,0.09267460816313768,-0.7923648688049778,-2.72341683568669,-2.3983205563769006,0.5811545552807271,-0.5888367052045759,0.22788282894790815,0.12791672362465337,-2.655249451624019,0.8011261136688518,0.8011261393173157,0.9162506929385633,-0.035261016065850775,-0.798272959442214,1.3154023942947637,-0.7924916407416656,-0.7581515911815472,-0.7975775725354975,-1.4545429209699416,-1.068019355246359,-0.49833968712314064,0.8892825898075758,0.2590189537809007,-0.9329224188850048,3.412028535963326,2.703399152724802,3.4174109876932492,8.112418187482152,3.1887822532811674,2.6970159199974706,3.563165343554993,5.87289614167568
S9,stress,-1.9652875286042286,-1.4607474838987482,-0.23101758161850075,-1.934153451176834,-0.22559799641235354,-1.299053392380836,-1.499494864440972,2.409387798796666,3.127414935800987,-1.875031951815039,6.93221290273261,11.451475721754,4.9918976014716145,6.885283541153931,4.951925051425561,6.983857730255344,-0.7321720763366274,0.7583682283914246,2.9123967646494484,4.9406054564853,-1.9212920268581855,1.6838811192127858,-0.24429917366201426,0.4032056660039471,1.5098076122944715,-1.9939301832706124,-2.4106894355773414,0.3543021040228755,0.04159652492962988,0.7047600388754184,-0.1496998773593572,-2.4682600536223274,0.9352382192515842,0.9352382409731047,0.2355155556629461,-0.035261016065850775,-4.164902397089812,0.6022324214843496,-0.5815888783112663,-0.7524843897156412,-0.7174827573177274,-2.0237122001502703,-2.5687554127716083,2.218861910402746,0.7519842647265729,-0.44459049860172917,-0.31445723969010464,5.167089643861876,4.2096822108851635,5.467000758974949,13.378881114691799,4.205823713244186,3.8425746527377926,4.971550503185409,7.49823640228703
S9,stress,-1.8735665849073195,-1.2996339841516003,0.0016191227956992937,-1.8459668523835493,0.009938609541948558,-1.3808773842026154,0.19804649152993975,0.647043025821914,3.127414935800987,-1.8964382864217244,8.653123518619985,1.1007024180252971,-1.702011746967583,8.500865999128912,-1.6996376067246708,11.611635585725194,-0.7321720763366274,0.188886689503456,1.895328351488919,9.028582264092531,-1.2327055100584812,-0.12334075755718872,-0.2203372238941141,1.3162728389165586,-1.0586889897701939,-1.264443530854535,-1.7729651570551808,-0.09985357922485558,0.07462469092541675,0.8575790589380244,0.4171987158590839,-1.7203024616155618,2.6414183990226343,2.641418428782252,0.8283006331032282,1.4192558966506625,-5.032590396483523,0.8399557457544877,-0.5940444514865393,-0.7826341225862596,-0.5834446505586535,-2.6982006105278393,-1.3633511101142435,0.4511560930058631,0.3733920431855616,-0.45183707036103204,-0.458078077809822,3.585881400726286,3.919250451710371,4.093961489406429,9.909211421471326,6.988091390200957,5.45657628443893,8.272525343455648,10.53220488876155
S9,stress,-1.4867838180115518,0.20126075639289484,0.562894595454782,-1.5021762333406519,0.4847514658527118,-0.8976938587260842,1.0468171695153956,-0.769901771223652,0.29510721793111205,-1.1421952995072966,8.313038107447385,0.46946527143587047,0.5168115534975822,8.161838386776653,0.7439608423510373,10.324569019022698,-1.3977830548244707,0.9206657674685874,1.4651128674395901,8.255590052817409,-2.193522576100946,1.0108827208812377,-0.36955310363196237,0.02283245562939803,0.12521637667003874,-2.3586735094786513,-1.9127824350397018,0.22052850758752812,0.6752766544563652,0.6439202748950132,0.32269723516741217,-2.0942812576189445,2.4185691040836286,2.4185691287711264,0.43237486067163156,0.9344169257451483,-4.65080767675029,1.3154023942947637,-0.6729430732032684,-0.7941044297457313,-0.5823935186991904,-2.7331599340743473,0.5275415089522558,-0.23986953105687675,0.9101275189449287,1.1149080271083265,0.5193744456875735,1.907784774656636,3.030900037965519,2.3858605071755954,9.41354432243983,2.618611877024404,4.696464107538369,4.092636823296154,10.85727294088382
S9,amusement,0.9829283686934834,-0.013039143621921254,0.0991354773658904,0.9743911929963457,0.003512080858567131,1.7129978553294338,0.6224318305226677,-0.7996161340041993,1.6145204587962656,1.8017681283573932,-2.245748068806106,-4.626716420753715,-0.017128426323447663,-2.215331648969681,-0.04169057132871892,-4.5182543568500275,3.9271047730782755,-3.413462221609996,-6.885636075962914,-4.196443671465489,-0.3961672291985658,0.5264890178845507,0.34751733340603186,-0.47579370566967366,-0.3275360931870295,-0.5349568784384575,0.045605063420136496,0.8745913358047069,0.8668917195161874,1.1482080881642325,0.029354205983935552,-0.03739787960033882,-0.5708737955677063,-0.5708737779232531,-0.2981574524994987,2.0803999478854305,-0.06941503995149687,-1.0618308484066166,-0.9086346563543298,-0.6766415709337246,1.1548765720906058,-1.2782845505209373,0.40689047553844165,-0.4764852464153355,-0.6953599116273932,1.6448965263704742,1.0448545459199963,0.733077085442171,1.8278372162704264,1.0189320599594254,2.5981217107567587,3.068826187064086,3.591566618426879,3.8777615291163214,11.182340993006092
S9,amusement,0.78045570068865,-0.633095534970307,-0.29578136268305966,0.7661329198271425,-0.314350152705621,1.2568516617621956,-0.22633884746278818,0.15616930552530608,1.186002957128185,1.3978174544757946,-2.147149619655362,-3.9772318117755576,0.10328790253664526,-2.1352603338570773,0.05232785881892291,-3.5012848749446754,2.2630773268586672,-3.131424080658808,-7.205637693983768,-3.5114807205074214,-0.9959661712639409,-0.14129306131022673,-0.5306763926942528,0.39755517998310935,1.9646529339221863,-0.8997002046464962,-1.0169720940997795,0.2682966603181003,0.10960051671963614,0.7010865047392979,3.8520706305614802,-1.1593342676104874,-0.019138891687211827,-0.019138871591954335,0.18896901845854974,2.30078129829702,0.17353759987874218,-0.34866087559620246,0.05913340443194913,0.2641155358587524,0.06816357857870535,-1.2947355432353578,-1.3878305709986212,0.7350081921402492,0.14574251618975764,-0.4405280650243241,0.22356864033104543,1.1543535276303598,2.631498246721752,1.6383079223243715,8.484168511755774,8.770755507072108,4.706281342207274,9.333487532019852,10.315492854013371
S9,amusement,1.1212859457218403,0.05506277510264218,0.54775369719842,1.0570405968464052,0.5443066982817418,3.266854428125253,-2.348265542426428,2.5662538080168344,1.4534849346163317,3.4535142671492616,-1.470349996906569,-0.20085327804647865,1.2544432596519168,-1.4869285449795924,1.1757918893456678,-0.8076587117786623,-1.0649775655805491,-1.298738174956095,-1.8237131522079848,-1.392116516637661,-1.5024019657406296,-0.40915271087489447,-0.11717691308210075,1.0434206018648948,0.1913450209678397,-1.4468151939585543,-1.2698810168565784,0.6032202588661615,0.06876196750079329,1.1922427895621432,1.735545915681998,-1.3463236656121789,-0.3473039248878078,-0.3473039519964973,-0.17610960312227883,1.5955609769799164,0.17353759987874218,0.1267857729440736,0.4306718127005239,0.23306437441118638,-0.26077800148076297,-1.683963044311558,-1.54459796826416,1.2092765862597918,-0.06850506571581276,-0.65652789052263,0.28325132633579014,3.9420348529763847,3.7594900339632655,4.29281984367896,12.387546916628807,8.512277531539294,3.186539163883226,8.314137941695192,5.76454012430159
S9,amusement,2.023910944715108,0.21958532311745252,0.8234739639975482,2.0379044731082447,0.8682935262291643,0.6680545002967542,-1.9238802034337,0.8068794665796284,0.13831938205142968,1.2897050653782445,1.0517140202950803,5.8119639030678725,3.455068088322913,0.9982250623050096,3.4728227358293386,2.4182000259581566,-0.7321720763366274,0.1325518712487837,-0.09698347544674377,1.7445367808672865,-0.029360800481914008,1.8488491894669878,1.20961111551336,1.048586478986354,-0.06718601486329857,-0.17021355223041876,-0.17389903394205186,1.2955050808482316,0.356409313404072,1.2415828766706454,4.2285016547588725,-0.22438727760203026,-0.4426183034245595,-0.4426182787153323,-0.5149420716269143,-0.21156609639513402,-3.609582077477837,0.36450909721421165,0.32287469617907794,0.2836667469007353,-0.364363731273632,-1.6671451642397048,0.9103999331150795,0.3280340391442539,0.9006781799253841,2.069942070461293,2.099146463370359,2.537906374678713,2.580387992006336,2.6907777347365984,8.050459800103216,4.909314023156684,3.4342235983239315,5.3644633506866874,7.93166047178339
S9,amusement,2.1140332639190107,-0.25343798746362756,-0.603646590757553,2.1146135805305284,-0.5595504563241784,1.5333913312764553,-1.0751095254482441,0.4978376682406754,0.5848837178029801,1.885411078311071,3.3315267105377036,-0.4329792500817742,0.6612798379198755,3.3007724010869244,0.5885799172260887,3.6731624567496852,-0.3993665870927057,0.9463612344015464,4.069192773563554,2.535465351905724,2.3413019895268956,1.2445275896633252,0.8213254395303757,0.328807600062921,-0.4650384734992994,2.200618068121833,1.3296344792743886,0.4778993638093721,-0.15804091897630831,-0.1891066477679547,0.015083583101746591,1.4585173044131927,-0.6610018552192729,-0.6610018485018982,-0.7788383877037391,0.40550168475732795,-4.720222716701787,0.6022324214843496,0.3854628237976974,0.2924505448032809,-0.5544874939833194,-1.3738021291815212,-0.10250456318570415,-1.0962958758371308,3.5023356287251026,2.9845878652616222,3.1452441871578825,-0.7587413985854512,-0.11822581954405305,-0.6454986947742616,-0.12804733391646958,7.97192708044928,6.342631296694972,9.706291759780187,12.69932523624335
S9,amusement,0.8689032553778298,0.5568629930330947,-1.2703173484675723,0.8573067680620449,-1.342453570032047,0.889982264216723,0.6224318305226677,-0.9149726774886615,0.6985548914047652,1.2446136438651088,4.167110242414645,-1.2085325421435318,0.3579743052844768,4.065789177543334,0.4166521715294685,6.087904343563729,-1.0649775655805491,0.9438410361484668,5.382568693475847,4.904781791232253,3.3185998531312215,-0.6477121551401944,-0.21375316864516422,-0.6296145435303164,1.0879067651624361,3.2948480467459493,2.258971468870989,-0.478698416559941,-0.4028293304341501,-1.1488598404277859,-0.6641336785360401,2.39346429442165,-1.9519003075402677,-1.9519002857819294,-1.6708478716223005,0.4936542249219696,1.041225599272453,0.6022324214843496,0.47591887422815393,0.34194352284344137,-0.5831176096707915,-1.2464714135522885,-0.09266893751271994,-0.9125484003832167,4.694159544591491,-0.7648387852905153,0.2822681520960863,0.025583697557048694,-0.07525764560407522,-0.029960684377302496,-0.43783927081115465,5.297513517551626,6.6946988672937175,7.682007047376983,11.940833114624722
S9,amusement,-0.2674527516429538,-0.885346501396428,-0.5953067965238517,-0.2667673862043138,-0.6182187908980766,-0.3874514891043286,-1.499494864440972,0.5449247445531797,-0.980055412501377,-0.025957624320001534,4.1072661853460595,-0.4238164741031005,-1.2289605569977358,4.044021810031473,-1.2133952739963383,3.801774680175128,-1.3977830548244707,0.3239676977632085,-0.03680189342700492,3.4925489881071363,1.6713077443137068,0.6477981082191312,-0.6280047910666369,-1.2479514103646616,-0.7842036120041824,1.6535030788097749,1.0600835597055536,0.7112885144492771,0.40636089720351753,-0.08723741060635044,-0.49961421100366327,0.8975491104081184,-2.687053336815684,-2.687053330756917,-2.226036337927609,1.1547982761567377,-1.2147631991511951,1.0776790700246257,0.4695150070727913,0.3493617421300221,-0.5546529192840052,-1.2113996661530044,-0.5588164221598408,-1.261148194283448,3.262387770087585,-2.611339515368526,2.51362582339918,3.510288261174165,3.2005759905995323,3.701760117166875,10.280961745744948,4.797664783037273,5.734930811571376,6.589087969442729,11.615765062502451
S10,baseline,0.956831462034165,1.1806954385926165,-1.4065444173320403,0.9526707430502569,-1.4064478367975033,1.0409701748313607,-0.9486832980505139,1.3122485742539658,1.4599293311608883,1.1193942817890263,2.020750760437553,1.0702709330221016,0.7254572635156473,2.0433994582792336,0.8256528597407534,0.2959217182971549,-0.20334751282094443,0.44041934796469073,0.8981663921024479,0.8953696740345631,-0.4101095694183541,0.6249194236941744,1.023332002253889,0.48368928211280576,-0.6276132711353599,-0.5455619078304401,-0.902373842332846,0.5854836966782769,0.4998290010021815,1.1519354162453095,1.4094560149534094,-0.9527731557474912,-1.4319221430030418,-1.431922134794861,-1.4587894294653432,-1.3322499592888528,-1.0726299540659758,-0.7438153066526578,-0.2550035683700349,0.16598824395834694,0.10285496023102125,1.9005258910287979,-0.4994593785255204,0.04691250099657154,-1.6712280472034962,0.2811371568559254,0.5608808603439903,-0.3289576300929791,-0.40456216416963436,-0.3893548429476306,-0.6763099463174111,-0.7791008418419254,0.22848555304873974,-0.6769107500992312,-0.4141581026387983
S10,baseline,-0.2979014108417222,0.7262525476519562,-0.9908887989047198,-0.2961426041629163,-0.9098938953743413,1.2471495170508142,-0.1581138830084191,0.9659601670912059,1.4599293311608883,0.7833272118173258,1.3581060243000849,2.157435288530179,-2.129262263601642,1.3559851361486381,-2.076407609745718,1.8845574254489914,-0.6390921831515396,0.9979140099764279,-0.6463178100578741,1.1941394433226982,0.3582515374410575,0.9661811869876955,1.2894554188712626,0.9526058054446257,0.5987682110479584,0.21216296415628344,0.15613757014038776,1.153157400650428,1.102329176929303,1.129038148867832,0.20939905032440262,-0.1498744289939879,-1.4211283074877752,-1.4211282955443403,-1.4343012371468318,-0.9185077359072124,-1.6622956356205698,-1.0581034643932175,-0.5470289711511875,-0.3277797867644383,0.5525942750940439,0.8679449476870779,-1.2787375201319895,1.9966257465531227,-1.0840962589854246,1.393568252585118,1.6570696466716146,-1.275258860054379,-1.0616091584160354,-1.3355526334840144,-0.40213023835089334,-1.075893330414438,0.12319456308122971,-0.9651421788510461,-0.1882536830176359
S10,baseline,-1.1088431311249245,0.26371668981704965,-0.7789749723469258,-1.1162747900642758,-0.747646017344541,-1.0186955097032901,1.027740239554723,-2.0995701635807227,-1.8952191943023335,-0.981342216109139,-0.9403786090605359,1.133286390107123,-1.7574137561336076,-0.9262005832663072,-1.7601100375599632,-1.038627643489212,0.23239715750965068,-0.6247367659951921,-0.5320253990878446,-1.2404129896772278,0.7623732200417853,1.1351339384612726,1.2752094197029427,1.0713571977474896,0.38651829302986274,0.5152529129509729,0.2271640847013681,1.4868121393537905,1.5288093823948754,0.5947685767267017,-0.7261023823856927,-0.1498744289939879,-0.43036871678445476,-0.43036874886040316,-0.47354175882414085,0.6537127129430164,0.022463454535413027,-0.7438153066526578,0.42610503673355377,0.060761998965923276,0.5688535006116433,0.5274499959839849,1.1713064729635168,-0.4350837189110459,-0.5798057247532536,-0.12846260270715382,-1.261904227531745,-0.7835015161357667,-2.103961234459218,-1.0582739221420405,-0.9504896542839291,-0.1220582823528917,-0.6742859214638137,-0.24408190523289214,-0.9789191516917044
S10,baseline,-1.3425008284896844,-1.6292962661437307,0.3141835125805893,-1.3217723552061782,0.33105809582123813,-1.9357966338372106,-1.3439680055715613,-1.8388451694031138,-1.3744798983450912,-1.899004217356074,-1.6845920854795313,-0.04127124430418761,0.547276918469029,-1.7096220805972933,0.5298166368613091,-1.4145506254439317,1.539631168501436,-2.295665863634962,-2.0914420153351636,-1.492601570862278,0.25991306105406387,1.0208601530387675,1.0588833283446546,0.8454222159146142,0.44185218231538353,0.06061798975893874,-0.14757255535105426,1.1988050591978572,1.1402589019151008,0.5702210558445424,-0.9008789880444926,-0.3104541743446885,1.4367261349260394,1.4367261419705282,1.4869785814630678,0.6950869352811969,0.4857722043283083,0.5133373243095805,0.5266453469025097,0.5747694647171151,-0.2728217251105931,0.5079944683933364,-0.7186258058700737,-0.09473468746888274,-0.4478662162992047,-0.34961691113972415,-0.835599484304585,-0.0463144076133859,-1.2014301151149855,-0.2846760974662392,-1.087579508267188,-0.08667443071335104,-1.318722939941199,-0.30962592737780237,-1.2048235713128668
S10,baseline,-1.1272772526201364,-0.9040463266826559,0.40822136503710893,-1.125648321649152,0.3346596791399389,-1.1398275696026419,-1.7392527130926088,-0.3936366221758841,-1.1332445721733806,-1.383493626757571,-0.671380806560489,0.9554402873748541,1.1043002486102205,-0.61253567833972,1.1736619074833088,-2.1379020364973385,1.103886498170841,-0.9419128648599199,-0.46177614996784466,-2.273868805232727,-0.06852274179562513,0.9773600636635799,1.040850423078532,0.9029264846607662,0.7796571853225494,-0.24247195903575067,-0.15710625970747127,0.7115928134893842,0.8601281908186199,0.8951147145790129,-1.0081406950814593,-0.3104541743446885,1.5331274615250223,1.5331274885683879,1.5921567009884339,1.1502033810009906,0.0645824317893126,0.9847695609204199,0.45172973561542284,0.6155172551853225,-0.8082535984095274,-0.042439552843280104,0.10423763586689103,-1.0710373902314423,-0.814379276523571,-2.1590695588230444,1.0789495359599743,-0.5964015085803388,0.5616064645090867,-0.41510115105915557,2.065487133347767,0.1730429828352928,-1.0630027867044627,-0.037946690218979284,-0.07530147320705467
S10,baseline,-0.2261889491199037,1.436585974417123,1.5574762634339132,-0.19645483389265486,1.5742154548113287,-0.9219256070393972,0.2371708245126283,0.1081728961050468,0.015330475198137815,-0.8529626770359973,-0.12241038848526192,-0.3987655981600143,-0.12018129339338099,-0.13864950587338323,-0.23182865116044604,0.13079135883988963,-0.6390921831515396,-0.2768288784745399,-0.18900311098047165,0.06359807512447456,0.4834009737269654,1.0452697203063275,0.6821921097598572,0.968337590359514,1.41644868831466,0.36370793855362815,0.3151189934379948,0.7210481343465777,0.8626014408077075,0.8501078008149308,-0.9806575695538894,0.17128506170741342,1.124026436472096,1.1240264641429574,1.2529163831268493,0.033099377870555495,0.31729629531271003,0.6704814031798603,0.6209323904266685,0.5613880769969712,-0.7203748757525786,-0.4146855672075297,-0.3325466567807156,-0.1356242382016367,-1.002498313354626,0.533188815687824,-0.02497927075664345,1.5207760510825585,1.1203437876639617,1.573513393415366,2.065487133347767,1.7926009748034888,1.4965267414396795,1.9210924076203097,2.296694932815151
S10,baseline,-0.24665501957773522,1.4351398487314826,-1.3304906701170962,-0.25883115541596236,-1.4091146459162496,-0.48938817944031476,1.4230249470757705,-0.8511723770449683,0.31814912703846504,-0.19020135119074344,0.6531226615637971,0.8066924198447134,1.4214101638433345,0.6573362335543066,1.3994901226894585,0.16223936731777763,1.539631168501436,-0.8330851651455469,0.12823012478506504,0.03951775364913832,1.496160793062571,0.351057080148467,0.22234534676198123,0.5164063146227097,-0.8291148373612444,1.5760677337323858,1.567311282203303,0.22512694785464255,0.5004000950713221,0.6199106742392254,-0.6498246520667147,1.4559230245130188,0.6631496953005732,0.663149723589497,0.6767802730438028,-2.0356117390376474,0.3594152725666096,0.9847695609204199,0.5769315144819959,0.5289367992534828,-0.7295085324933871,-1.3913829898154926,-1.397192223477978,1.5232020097556933,-0.6285690626528837,0.11307893239213038,-0.7189619642723197,1.9339202240740743,0.1877296885170123,1.7116953727028021,-0.6763099463174111,1.8963693107016026,1.509901458502705,2.0181543943914972,1.5060294641410823
S10,baseline,-0.5418696171398726,0.6170573445629081,1.3930714724994129,-0.5580766042937919,1.4175939892278886,0.18969837455591174,0.6324555320336757,0.057030215103608665,0.7000212278061647,0.04525756867028518,0.9556318363704004,-0.23419172289118936,-0.7879677502733536,0.9441102149945005,-0.8255830817450137,0.6086336213340935,0.6681418278402458,-0.4638777697558814,-0.5087803098652187,0.9114283836936846,1.768986940807757,-0.4584414888808133,-0.24459187285104445,0.025986386281945856,-0.3926769166510341,2.03070265692442,1.9096553703283496,-0.6333065169429868,-0.39809947514354954,-0.38012331670834804,-0.10667029980769696,2.0982420059158216,-0.36920114257789377,-0.36920112185287857,-0.285724352537223,-0.9185077359072124,-0.5250832497652814,1.1419136397906997,0.6597443947597111,0.5651139659773801,-0.9114865960711375,-1.8717096042214434,0.6892802860720444,-1.4986796515878098,-0.36083428492026043,0.21325752991395125,-0.46438873539635733,0.49018715970923904,-0.3006736473102836,0.3471022191220499,-1.087579508267188,0.1603543377517654,0.03037680676227197,0.13417401576502283,-1.0918713615022857
S10,baseline,0.4566181380465519,0.2525124345374327,1.2796983688161625,0.4556637859412396,1.2218738354423795,0.7538043307658018,0.6324555320336757,0.981490332777493,1.064280929601971,0.6481247588906158,-0.13526830202119122,-0.4225162264992411,-0.6393084982882887,-0.13985790631181746,-0.5650737015159173,0.6346229371399622,-1.0748368534821346,1.415269448102555,1.3190750801843414,0.371150868041875,0.6404865155341863,0.166787380206444,-0.2834173607308944,0.21918670383761593,-1.5414759999317416,0.6667978873483176,1.1203630425523239,0.0700806401092589,-0.2201465724522295,-0.16465745795961792,-0.31912072186466234,1.295343279162318,-0.5598762172475517,-0.5598762007631312,-0.5456402085128239,1.067454936324657,0.8227240223595049,1.1419136397906997,0.6661802334113711,0.5864057329976337,-0.895673945936224,-0.9503899559221372,1.8591496949902493,1.3018688502436186,0.06878835473212912,0.8867433949955678,0.22571055162254186,1.236762449144219,0.8197247863408034,1.2493537697166017,0.14622917758214232,-0.5479707669606787,1.04982733999191,-0.29744500217178244,-0.1882536830176359
S10,baseline,1.3806401131610844,-0.2871982617388052,1.0823097279209204,1.3802182674920895,1.0839974056288335,0.8353517972431361,1.027740239554723,0.7901046879361555,0.658856655365812,1.1826713385693497,-0.6289888319977415,-1.0733982859711462,-0.026111946012488178,-0.6321517453927417,0.014688954287954609,0.3380332856247428,-0.6390921831515396,1.2593796135581068,1.4993160181566834,0.4077077462488133,-0.762002511627788,-0.8753326333761153,-0.36708686002357344,0.07088697968647618,-1.1652882098461455,-0.6971068822277847,-0.25544504978503363,0.014978450439884305,-0.1494867722791391,0.7016224911549285,0.44418993478165303,-0.1498744289939879,-0.6765682138145073,-0.6765681847931102,-0.5839864016133353,1.2329518256773242,1.3281517494062998,0.9847695609204199,0.25515987890087993,0.5817245278173582,-0.5979050441746807,0.2339671080525214,1.5505365172634475,0.4527791050014201,0.9665028157425348,1.5406778480706012,2.1277407000630553,-0.23125694120460238,0.39480387921334414,-0.1346680684275619,0.2833190315654012,-0.3069037202619653,1.313288891981123,-0.01997482030346926,0.8283162052775951
S10,baseline,1.8781875439081446,-0.9784073937398566,0.22416879581808438,1.880054279187827,0.24478858328352035,1.081754902239741,-0.1581138830084191,0.7157167320531613,-0.04929903229403981,1.307137664784247,-0.9167078114855389,-0.9816793275073605,-0.21338698728375788,-0.9150618547738734,-0.28016306816041914,-0.6057654380778471,0.23239715750965068,0.10929588621729688,0.2361835110794377,-0.501870090069978,-0.7486648677950607,-1.6089767951247187,-0.9588873920350606,-0.8598901862939108,-0.3537264667259174,-0.5455619078304401,-0.705520222664642,-0.9968306395062452,-0.7273199010681722,-0.7723760270536139,-0.4960122392643955,-0.4710339196953892,0.8407601859053067,0.8407602119269941,0.6869332361637003,0.6950869352811969,0.31729629531271003,-0.586671227782378,-0.7038973016683573,-1.0646650078936735,2.1992840873914035,0.7681552027331465,0.4563941091269039,-1.124536711335876,1.2205358539482232,-1.765249652054512,0.33145912913371256,-1.0209611511182641,0.20596539895149069,-0.8671667440584748,0.2833190315654012,0.9951262248187056,0.17298175722456696,0.9157897395456391,0.6024117856564326
S10,baseline,1.2882307073638797,0.47612624148014704,-0.8748109675167003,1.3022584196338907,-0.8925724015475602,0.5137023277872734,-1.3439680055715613,0.4618427472317061,-0.13577576512666534,0.4021557693663941,-0.7451391913918926,-0.5405163279081381,0.5402696521638208,-0.7265902511807949,0.5392789971129636,-0.4291475627901296,1.103886498170841,-0.4470486582802019,1.0229502452581918,-0.3299256163809502,0.08863149590546673,-1.44357980902103,-1.4182891547905168,-1.8341675223356704,-0.5955520671329333,0.21216296415628344,0.23653784612854914,-1.2368501434054047,-1.230505239573351,-1.342127694934305,-0.7150728215397384,0.49244455240881474,0.6457206052836494,0.6457206337253738,0.26221869904576295,-0.09102328914393117,1.0754378858829023,-1.6866797798743365,-3.197729901895719,-2.999313698395646,2.0709643907754383,0.7631715913536691,0.3061664496868117,-0.8213451016863513,0.8003343750583667,-0.5165784762090395,-0.7857569252998788,0.008543618030964968,1.2964794532583734,0.29775188052717944,0.4204088855486602,0.701003246265738,-1.0124009734378998,0.44686616864329465,-1.0918713615022857
S10,baseline,0.2274539865933341,-0.30458673472846526,-0.6085283018022289,0.20384985092295815,-0.6258769895427001,0.8651565222279723,0.2371708245126283,0.37258759210649545,-0.1207441058926535,0.772660983425846,-0.1336220827003355,-1.262846257749934,0.09055039435020953,-0.15003448812317913,0.07873779516280227,0.5039982532653886,-0.6390921831515396,1.1603562856930356,1.0229502452581918,0.8173069740207914,-0.5172675763278353,0.27663386543576135,-1.2054044493404994,-1.9552273529188149,-0.6778426187595473,-0.39401693343309535,-0.22196888995415243,-0.2796159101992713,-1.1068953011721652,-0.9011862252684624,0.15793627185338371,-0.1498744289939879,-1.0998441265130041,-1.0998441108863493,-1.0987341965315522,-0.04964906680577813,-0.48296427251138185,-1.372391622133777,-0.3599313806660013,-0.9219429141591585,0.25156291866899694,0.41628528311841295,-0.20544450338011866,-0.32888154892882404,0.9620707542727492,0.4264502303244913,-0.21774473125007973,0.7255012592649387,1.214843284064501,0.9028688633140725,0.2833190315654012,-1.16472531996999,-1.451468380254657,-1.3017151970248442,-0.1882536830176359
S10,baseline,-0.4324558074085731,-1.1297459985047407,-0.1355033883735885,-0.43188899272285636,-0.09659291351280198,-0.2105596365863113,1.027740239554723,-0.1500751795434472,-0.09019898135924471,-0.20912768116674738,0.15918652432924568,-0.9534929369673348,0.35064324951724596,0.1363942736733298,0.29904026475631357,0.0835502040977988,-1.0748368534821346,0.296428010220749,-0.7571483720354261,0.47348727434305915,-1.7257540687470159,-0.9320762080391656,-0.8994183364002731,-0.650761612320157,0.41489512024273434,-1.606376728611853,-1.559812985380779,-1.3813755461136035,-1.0831827505022367,-0.9378674197736737,1.4159384651255076,-1.4345123917995932,-0.5477143281202868,-0.5477143159814089,-0.4541645811082693,0.6123384906048633,1.0333189086290027,-0.586671227782378,0.24989988632342014,0.5506094352443609,-0.5973430488507255,-0.25921593260360576,-0.7529907529323374,-0.14689070280380567,1.2569083381660997,-0.25902529193001034,-0.8425911833466092,-0.3088575858560471,0.28734947258613114,-0.2267905303170674,0.14622917758214232,-1.4413370498950906,-0.10685905685576186,-1.3379008697077837,0.4894595758458514
S10,baseline,-0.8642699347846023,-1.1548055382524611,-0.13338798971289104,-0.8696256888204772,-0.12004234331943019,-0.8113948104928487,-0.5533985905294665,-0.43185443291069026,-0.8775355278389164,-0.7445978076968182,0.831690302181434,-0.21444739092041856,0.8937246045170109,0.8134787772091087,0.878798611792613,0.9836451349326492,-1.5105815238127298,0.2040933644133714,-0.9403784494944989,0.6649728797440505,-1.6258832018622038,-1.2457958775006388,-1.2151726226012578,-0.7567582868000053,2.145150707270784,-1.606376728611853,-1.5824883843163253,-1.6391065259525879,-1.5787201767482728,-2.0143807367744575,2.265560632570385,-1.4345123917995932,0.29311267613583597,0.2931124495527429,0.3768982919078979,-0.7943850688927256,-2.0834854081595657,0.3561932454393007,0.6302627061957757,0.5224859060990025,-0.21274676597369213,-1.0556708857373625,-0.9520743248711312,0.3354255386052625,1.3141366927723417,-0.21009966796212604,-0.8298839016366806,-1.324181160642664,-1.0166098956345617,-1.3707015088967174,-0.8133998003006702,-0.19383333477052092,-0.29784305337442757,-0.2453333849773874,-0.30120589282821714
S10,stress,2.1244489703530047,-0.6602085993186063,0.6654076725794071,2.1352988533466783,0.5991935472484358,1.2246453534380397,-0.5533985905294665,2.452773680531817,0.8335552961503959,1.3631290050744513,3.3901340749536133,-0.2955668032488225,-0.034863004950080385,3.375735893419117,-0.028514754380831814,2.567261041686522,-1.5105815238127298,0.10170680254479023,-1.159210648282175,2.7080692611269135,0.4357342814089339,-1.494159806189331,-1.086279949599192,-0.8200977630135724,0.1590093752747044,0.6667978873483176,0.6509545076328376,-1.1857911133173042,-0.7787817605968863,-0.42294980337627897,-0.14616584818057768,0.9741837884609167,4.613548072746704,4.613548079584144,3.1224037043286947,2.929294941542067,-2.5889131352063606,-0.27238307004181844,-1.213506802434379,-0.993292487501079,-0.48774723606098636,2.9781484170356154,1.0848798883758437,1.0410918844382064,-3.7353772011954933,-2.510246725108475,2.1335694484733336,14.457548537139482,13.0746900370615,18.96168547302745,44.83752157612455,1.9616550114931144,5.067689288903998,3.1422742707478983,7.266592164480724
S10,stress,1.70665116105785,2.780737213163936,-1.5954480489731298,1.735178029682482,-1.4641240774707558,1.6237124162084637,-1.3439680055715613,3.394477667218101,2.155542344551562,1.2435320177436786,3.3813665904255292,-0.509041536253494,-0.5956670012025375,3.3139250125753996,-0.5468937397806803,4.4684981991747845,0.23239715750965068,-0.5447036020977981,0.033830940975509025,3.6359624706924443,-0.31912361922823,-0.4341156395909261,-0.9545826409354345,-0.3713158341460142,-1.4583049224312024,-0.09092698463840596,0.021053762691663817,-0.6591156284847095,-1.0628672634349412,-0.815148008456124,-0.4519197287626672,0.17128506170741342,4.029288446587287,4.0292884314641695,2.332884935201545,1.8535651607497852,-2.546794157952461,-0.9009593855229376,-1.2341322569089617,-2.0427485454675067,1.5735195920523333,3.1187587097529916,-0.1078068602168794,-0.8403686452623085,-5.168302540759038,-4.195422625698143,5.791079758760814,11.501373257837827,10.411846984207996,14.506117150260994,32.77361442559776,8.380521587012545,9.254382655986904,10.77561467573931,12.801250445199203
S10,stress,0.058843612021082556,3.832683805162777,-2.2094200737138356,0.03295764995404912,-2.158171168287293,0.8964411573941926,0.2371708245126283,0.1484247507855564,1.1209777762724067,0.8921608672647411,2.5996225741110974,-0.11832683447217408,-0.7946371097283146,2.558392926875992,-0.8251432862724939,2.6961793038159394,0.23239715750965068,0.23320746214876517,0.7381155799109451,2.8207202961274276,-1.621931479453037,-1.2432366213800718,-1.272080518311917,-0.54476493784031,-1.0632390265416582,-1.606376728611853,-1.384398815986575,-1.491193214721682,-1.3081532710708208,-1.0730816528269123,-0.618362420258138,-1.113352901098192,3.5411222298390954,3.541122187154961,2.336255228795161,-0.13239751148211176,-1.5359387038588712,-0.9009593855229376,-1.2481507484445333,-2.139334748330673,1.5582085877514043,2.9964259443599355,0.39925040428853914,-1.1008973171954475,-6.960770855086399,-3.844081443496059,4.763513376284195,16.58600686175606,11.878272519886647,19.95487015770242,41.54736508052633,18.25995769452584,13.904617840243048,22.50467091047455,16.980482208190708
S10,stress,-1.0455481948685323,-1.1767785698742301,0.20708946771548076,-1.0523105874713419,0.11544613741857568,-0.5968448409624102,0.6324555320336757,-1.230609050623328,-1.0368680028512658,-0.7859185625132279,1.5727589425528858,0.45567934086463124,-0.8012478840838392,1.5649072303765061,-0.7486810256335813,2.136369264085552,-1.0748368534821346,0.9569752985800751,0.0700306937673225,1.7687266133060477,-1.0098476550769044,-0.7990203457646896,-1.4649117921155073,-1.5898025735571173,0.5130433723228365,-1.0001968310224743,-0.8702900818595639,-0.9939071709517254,-1.328330680024815,-1.5392997424173038,-0.796640238388219,-0.7921934103967906,4.721460187184994,4.721459682447791,3.7848500891899413,-0.2565201784965984,-2.251961317175164,-0.11523899117153866,-0.6659102247514823,-1.0188277221324742,-0.5248722111902869,2.7477207097805163,-0.3648804830557814,-0.4726416513796243,-7.912959199953876,-1.1962383227810092,-0.6148480942463358,10.1086718567036,11.423811466955478,13.959422374556476,34.14451296543035,18.515162776733796,13.539889412342603,22.49741089383587,15.625055690463732
S10,stress,-0.9450629013613647,-0.3115318970122073,0.6842361676902243,-0.9471771865473178,0.6063126133363808,-0.43468091884415216,0.6324555320336757,-0.6400244520357907,-0.25485823701874666,-0.7559987689183497,0.7019042358184787,0.5086728932628993,-1.013714008888768,0.6532211478707931,-1.04164621104004,1.7124208586859322,-1.0748368534821346,0.7705760462012674,0.3615865467782191,2.0936675280076495,0.9271366081882262,-0.9543095851502279,-1.3118615635854942,-1.7157164359176855,-1.3248330916948279,1.1214328105403517,1.018713331587062,-0.7036722581461302,-0.9204802159713544,-1.2577950722156737,-0.23349077613799563,1.1347635338116173,4.305598534276106,4.305598482588584,3.5062824703773625,1.026080713986504,-3.0943408622531554,-0.7438153066526578,-1.1588828654300103,-1.7454653392409536,0.8749758558340534,2.30167645705907,-0.3109204932339873,-0.7726192206183279,-8.07757871204563,-0.5640660788802184,-0.9890689488031873,4.506721704216923,10.38706261549402,8.365213687176166,28.935098514066517,7.322707445113649,9.487635347109547,9.933659781867862,14.156676962926179
S10,stress,0.013935265879071599,1.2334604506703608,1.5824405704239475,-0.01124301687113742,1.6106413108431357,0.7140710217817432,-0.9486832980505139,0.6957088902292258,0.5494480157310789,0.6094223721362706,1.2473087770884905,1.0702419535984324,1.3950981470943726,1.2320731212211635,1.4474378499539922,0.5322322892852943,-1.0748368534821346,0.20675480193411888,-0.7851478509511522,1.027343517380164,2.556557609970674,-1.5129186147929206,-1.096892061435132,-1.1948057680687632,0.2138338454647916,3.0915174777058327,3.3933188932592837,-0.8407245764741716,-0.745293050309187,-0.6648124145635977,0.3063216643000608,3.704039459422828,2.1019799125125127,2.101978184046685,1.442934848503937,1.4811971597063252,-2.546794157952461,-1.372391622133777,-1.7029797111569445,-2.483169142982584,1.1280923781761039,1.6470424838674682,-1.2210136005707748,1.1139709104522402,-7.967267864095485,-0.03976592563854413,-0.8130711045860971,4.728433152289849,9.545870659401835,8.032494933461233,25.370762310501785,2.8004814592811624,9.55173304378935,5.866639988848037,12.57534602557804
S10,stress,1.2771159960117189,0.6084510558364244,1.3507333293289492,1.2496635465371997,1.2268487732331235,1.9972401817734666,-0.9486832980505139,1.1127195374380814,-0.1660742494768814,1.413401364792258,2.6211820680510924,-0.396805269879532,0.507089733391558,2.6210974684811097,0.5571836698584173,1.1183651974708946,-1.5105815238127298,0.8171095323326317,-0.6387862086165033,1.7116236364618576,3.200026903680274,-1.4430035275793853,-0.9557952455209602,-0.43461153102792005,0.06458720877308366,3.6976973752952116,3.979246771531631,-0.8843930391239376,-0.45547157656145326,0.05421348020744167,0.7376890763491453,4.18577869547493,0.6434276352428323,0.6434276249140853,0.2859493371241508,0.033099377870555495,-3.936720407331147,-1.0581034643932175,-1.022828418750432,-1.6147864913591632,0.8731587843470439,0.5689148561714855,-1.179640492081343,1.345913684869678,-7.528517274748275,0.8626923605613995,1.0111416518640812,4.180753571446573,8.368126483123259,6.8652793213199175,19.064629027271874,6.991907173443755,12.24745962356193,11.18206052343354,14.721438011979084
S10,stress,1.979511743854022,0.6278284154134266,0.49271912153742775,1.998279619960454,0.5560048121818117,1.0029407133816721,-0.5533985905294665,1.6099498885803376,2.291919944548387,1.423052311113848,2.681565980636237,-0.7485320768098986,-0.3888461841451661,2.6632707811728866,-0.4135706363348869,1.8469093550820095,-1.0748368534821346,0.24518205559709272,-0.49625627066133654,1.9907019261949623,2.982226692430712,-0.9926946078115866,-0.6261091338655403,0.2743002740494217,1.9858913032759073,3.2430624521031777,3.618796671564876,-0.21366225615737716,0.035942128000328484,0.7757660236153292,-0.37604248176303956,3.543459714072127,1.3842848137673376,1.3842844324187327,0.8200688619170435,-1.4563726263033672,-3.726125521061649,-0.7438153066526578,-1.511112676534672,-1.0832540520991996,-0.3961565265452549,-0.1317555545930377,0.05896955278421399,-1.569714021718193,-7.399745403538418,-0.6275932309975896,0.45406946281372984,8.515485516123737,8.563749774633445,10.769843939366663,20.983886983037497,9.068113925372941,11.448261586839324,12.592503935256998,14.608485802168502
S10,stress,1.8208244197786017,0.875529892671655,-0.41369753480857946,1.769097045817212,-0.4279991384345258,2.585001144425257,-0.9486832980505139,1.6305229198064912,1.3478402972321388,2.642222088228599,3.207229232577208,0.22920936938697603,1.1113055592289462,3.174375617033162,1.109266519762183,2.6403282304024938,-2.38207086447392,1.5206269880124765,1.50175987123305,2.54994487654025,2.7392624756482657,-1.0076283137210456,-0.5491968613298549,-0.18026616947593643,4.5174178378449605,3.0915174777058327,3.6605179146737155,-0.22967851465444256,-0.012278558551979707,0.22563687233828558,-0.7083423528444105,3.704039459422828,3.8284769894462745,3.82847701567544,2.653951724504283,-0.21514595615841783,-1.2411058630815741,-1.372391622133777,-1.4651193093862118,-2.127458462426323,0.5751628866913241,0.18100573368864803,1.3275410504171405,0.1825941685192777,-7.764799979758844,-1.2322750266351161,-1.0966589698746716,8.68605825348005,6.206752492649103,9.696219138839018,12.210136328108927,4.5166253779096,5.746093358622179,5.708677718914817,10.090397409745254
S10,stress,1.7180681934721853,1.2125413715201203,0.5922588366106553,1.7481016316640792,0.6273053899700497,0.5493616042107409,-0.1581138830084191,-0.6421427932472868,-0.6577741653469448,0.6308193122556852,3.871736351832705,-0.15973745106225865,-0.5024035267997877,3.880445465347443,-0.4616493289549811,1.606339886647652,-0.6390921831515396,0.29496147236548165,-0.5955047687339445,2.0089099694383816,2.308155557031543,-1.1276195108697058,-0.9906898710913951,-1.2657631507084406,-1.1358951275967997,2.7884275289111433,2.972420841945005,-0.8430465012913815,-0.6055478887554301,-0.8786906643362036,-0.40768210151361356,3.061720478020025,5.268471958757822,5.26847197752205,4.0923300901827355,0.19859626722322274,-1.7886525673822686,-0.9009593855229376,-1.6077053955768073,-1.953238116946928,0.9961874802824652,0.8309113853550311,0.8955703291236392,-0.3531651131689243,-8.381327781420811,-2.2791140369669063,1.3888862925607501,11.058874163759446,9.241731804770385,13.392469557444967,28.523828952116737,1.5277162959178703,4.820612455774999,2.6616056071506096,10.203349619555835
S10,stress,1.430877858422019,1.2825777399790153,-1.2272571005063933,1.4368661911533793,-1.1722855849960243,0.4360660803718085,0.2371708245126283,-0.23596484391040973,-1.3676966864943094,0.5548865366715482,2.178763916149216,3.0578281661798554,-2.5796438520521385,2.1682814804259474,-2.563847818824337,1.6719582865928733,-0.20334751282094443,-0.4535587883957787,-1.001316206228152,1.506662968762688,1.86337382688542,-1.4304774842009624,-1.180344533861006,-1.3397399964391667,0.3169095145331902,2.1822476313217645,2.5568303741101484,-1.4855422623321186,-1.1185342578739852,-1.0842019723210612,0.336564690651022,2.9011407326693246,4.406128074379679,4.406128084825302,3.674335073220434,0.40546737891404305,-3.010102907745356,-0.586671227782378,-0.6673274347927483,-1.0320060698987745,-0.30606815552310146,0.7945943564888982,-0.15090487801299338,-0.8135933571730303,-9.624430408133342,-3.8882432892239196,4.69307549047992,7.996040325831053,10.740489883863578,11.649480476917331,32.08816515568147,0.17302845039459044,3.991059080986072,1.1564175032319075,9.63858857050293
S10,amusement,4.669902367547703,-0.6763989872411518,0.03330676076508027,4.657762140398131,-0.028712882644433252,3.8114090563156404,-0.5533985905294665,2.890735845351634,4.463825697139311,3.5746199348250416,5.737932761821223,1.5055046570676573,1.6546828988286544,5.682750666712316,1.6675194969393436,5.776960020816,-2.8178155348045153,2.0215932411332154,0.9066342147009688,5.684793948743618,1.0505721445616054,-0.6132900843089674,-0.5169497822599673,0.45659188106930904,-1.0335001888528794,1.1214328105403517,1.243028624950126,-0.6383065165962956,-0.30181097337208984,0.6199106742392254,-0.8267188401566603,1.4559230245130188,2.0164935841190426,2.016493604307499,1.1438440895507909,1.5225713820444782,1.6229845901835969,-1.2152475432634973,-1.0155874343199605,-1.9832706922946666,2.576208252681082,1.330169357120062,0.9346695658022977,-0.5040175394605311,-1.5212496243725586,-0.21800508727939302,-1.3163895287190697,0.4815825948525845,-0.7029094819608638,0.262695417727434,0.14622917758214232,10.673511403386167,8.486289296390094,12.482517456847846,11.332871717661648
S10,amusement,4.325079232935525,-1.471940306086857,-0.04154608264983469,4.293562563981428,-0.004990546988272584,4.221884972367503,-2.1345374206136563,1.4627864205564112,1.3981588520295665,3.639330366104964,6.172221615821452,-0.0006056143306896953,-0.7521459804554795,6.112327991676952,-0.7575895464409922,6.562220042896906,-2.38207086447392,3.0475058378136,1.9278826118481196,6.021118329910497,2.140876938112849,-0.4418794577799706,-0.19224522630975147,0.9129742735545828,-1.4584677899190042,2.3337926057191094,2.5150655754852758,0.24562866442613268,0.4933993742896762,0.6499568622006215,-0.48761296198199366,2.4194014966172226,-0.4627573943359733,-0.46275737951646867,-0.8283172116825049,-0.29789440083475144,-4.231553248108444,-0.11523899117153866,0.2852886791560231,0.009345972893500752,-0.35922668050203177,2.250775265120992,2.1100150952008505,1.8630819929984315,-1.3963975415808298,-0.05913334063548852,-1.2037116768401652,-0.03267892346400678,-1.1032127504220628,-0.2566398972442968,-0.1279505303843755,8.767690730081364,5.2775512980497785,9.390555903512167,9.977445199934673
S10,amusement,2.907205518752877,3.140150349765152,-2.145818917616472,2.891704703308665,-2.1316749257337966,3.330889641987911,-1.3439680055715613,1.8012738043734215,-0.13303033162733657,2.5814252108722506,4.777898833260151,0.49883622904725156,-1.2701022777454165,4.727966279737414,-1.2476741832197638,5.118202536342837,-0.6390921831515396,0.7715348809288647,0.58696457491866,4.304446884404915,2.2319405192598034,0.1358426837686859,0.1668752114598783,0.7602478823685656,6.271463526355212,2.3337926057191094,2.099480968431826,0.622748441575509,0.6691804118756867,0.5899115806163276,-0.629620399772754,1.9376622605651206,0.6607717756095477,0.6607715025066823,0.29138227022099156,1.3570744926918108,-0.6514401815269801,0.6704814031798603,0.45931582051961567,0.3192525262458486,-0.6877446170425607,3.4296904372324395,1.607754142386588,0.6811635099871045,-1.2400946405769964,-0.17589801851754075,-0.7848910022067005,0.5739101165855142,3.3184685306137434,1.4144561895017573,6.86363202276183,3.1268074557765866,0.7264542266492214,2.9560781923812076,2.296694932815151
S10,amusement,2.3454931078552708,1.1354315290311234,1.2749009894954686,2.301156084315903,1.3091755675879968,3.2056242957914862,-0.1581138830084191,0.7946148661430749,-0.6051652473772134,2.4510795199573,4.350980949835095,-0.4337012636707017,0.0944658002439511,4.271910246695276,0.18388036570451566,5.713000747387717,-1.946326194143325,2.433586514621543,-0.390177070215979,5.185658922391142,1.6166900230865595,0.048835886394589176,0.20578520732560218,0.8392143687204274,0.42286363780109937,1.5760677337323858,1.9142738723626012,0.4715950229607641,0.10572393622698076,0.8453225829721975,0.5586156911683628,1.77708251521442,2.014449906663849,2.0144499332605728,1.6648000951189532,1.7708167160734514,-0.2302504089879844,-0.11523899117153866,-0.09037467722851063,-0.4249971054926832,-0.19233975041522436,4.056198656793653,0.8836242504014917,-0.0033705234039817017,-1.265600923354195,-1.0002230366239158,-0.804867069677935,0.6317514166756006,5.552898252152887,2.3505615811495533,9.605429102427008,2.085625586384855,2.281034128579038,2.3831255112768472,3.3132648211103817
S10,amusement,3.225698206618134,-0.7339314966293635,0.6176637681458393,3.2232496606934187,0.5389204948198396,2.802460077197661,-0.9486832980505139,1.5161059977325198,0.49828367061316003,2.3892889916726436,4.55141690959797,-0.8280759815363226,-0.051045370967376644,4.482832131876849,-0.09384641571737709,4.6969240245334145,-1.5105815238127298,0.6839962238721605,0.45001171451863653,5.056927136602765,1.6373718953690772,0.16161780575728968,0.3346094878943183,0.8392143687204274,0.907740957128921,1.5760677337323858,3.0700755467724967,0.8572962104903881,0.7385979627303759,0.8433200733314888,0.7497688725687637,2.5799812419679236,2.7815959941502393,2.781595665647987,2.579821341828479,0.9847064916483509,-0.6514401815269801,-0.9009593855229376,-1.1924925399676751,-0.8729459809315772,1.3330768623739648,3.577529885443023,-1.1936541902090891,1.2578152815019366,-1.5072767527724429,-0.6196934472565003,-0.4592977077056317,0.10757441413818461,2.627891776869608,0.7751214644076773,8.645800124544195,3.2939554367657196,3.392721699096246,3.792386213294796,2.861455981868057
S10,amusement,3.2578944966705787,-0.244786759949959,-0.3873723957100885,3.257800535641655,-0.3076752235073428,2.5568224794706906,-0.9486832980505139,1.3918635672828288,0.49828367061316003,2.590197772374474,4.771101758659596,-0.46374773707701783,0.5435667638335566,4.720188292368897,0.5733878818979522,5.500298870010976,-1.946326194143325,1.0347887442515669,0.7949438742568654,5.00455020850611,0.5732279174238057,1.3794576694013168,0.45331624209785853,0.4576233664999772,-0.0056522372119175305,0.5152529129509729,1.7061537732064345,1.4269886368937819,0.6801088863067366,0.5767450248954356,1.5087577307531963,1.1347635338116173,3.2899947576752098,3.289994685175163,3.221144621333535,1.8121909384116321,0.44365322707440874,-0.27238307004181844,0.3976783482279943,-0.05959504534387882,-0.16675880926432962,3.0607177622350026,0.6394664258316028,-0.1818362403428709,-1.644039160021195,-0.21880097126030032,-0.63408135336812,7.671112928082622,6.705436468567865,9.046940355414467,31.128536177798658,4.512940996773769,3.0228274331412615,4.787032849809033,3.6521214505421256
S10,amusement,2.3580909083684745,1.4054965914092725,-1.3441615050349986,2.312424846522725,-1.3310305811748142,3.394413747773442,-1.3439680055715613,2.834431163654824,2.5428491685115087,2.889024194471832,3.805442670517264,2.5712373573794474,-2.082097447309789,3.7512997397412002,-2.1612080458895124,5.1910518473737755,-0.20334751282094443,0.11439623273062892,0.11018702539026128,4.434183020150614,-0.14118534527399657,1.2845569723949555,0.5956773589464565,0.9029264846607662,1.9186944765758616,-0.24247195903575067,0.4644622850598759,0.9253018990410815,0.5043568884908823,0.15091385525560963,0.3291614911217444,0.3318648070581141,3.4681747658863147,3.4681747462025765,3.4058372152826415,0.033099377870555495,0.3594152725666096,0.3561932454393007,0.36700396685554515,0.29534178468998845,-0.7452052015220714,3.440258457629818,1.1083689697046617,-0.21432792811765305,-2.3164073111218686,-3.313889402559878,3.979844057545827,18.38501775636766,12.71645692691931,22.13971727508946,45.11170128409107,2.5707370035811357,3.6521383643527825,3.2173512968191935,2.7485037720574756
S11,baseline,-0.07335294420998785,1.7280904325248543,-1.944879010822067,-0.07833519018289858,-1.9448946890572798,-0.04537588716424703,0.7292344929694662,-0.5637135479445706,-0.7730532035447055,-0.12236426926747086,-1.6487273085578167,-1.8812598236032307,-0.28359590212601765,-1.6368384673410115,-0.28623878096374955,-2.056706683905251,1.856234560304903,-1.8760644323469948,-2.155105522552548,-2.0583630912990265,0.7301872002901735,-0.3313497142140912,0.4487971895004728,-0.022289767202513536,2.2402579227575448,0.700865672194952,0.8707218426737018,-0.278671062291066,-0.40313339616682436,-1.5414112046013329,-0.2842689019888701,0.8451001821886991,0.6978645605829177,0.6978645321009214,0.7102307564818372,-0.07067635793485913,0.19545555577910043,0.9261982170436852,0.5178881761109828,0.908526446615724,-0.6189021181412113,-1.3498720061963425,0.7257580028688498,0.8269451051178419,-0.17718784556696474,0.17332377352194783,-0.618193462760193,1.397231744838418,-0.21248095956046284,0.911905134917431,-0.4714958348790805,-1.033852341463214,-0.2674335540656448,-1.0258089646434163,-0.4670993664969135
S11,baseline,-1.008297952791816,-0.6178332788872682,0.041748874687579554,-1.002528087536442,0.1022851571271311,-0.5056153905008648,-1.6147335201466746,1.2901301133315308,2.008421996466911,-0.7390552548858963,-1.6429387284070922,-1.8631475290854518,-0.2675806203627263,-1.6315766718837375,-0.27128732611592693,-2.044707359889429,2.619070680978151,-1.8742625727984625,-2.1332648030735664,-2.0388555016646563,0.1751829101672944,-0.3560973518968178,1.1550836603013186,0.07307535977545636,-0.2818392524816018,0.18803713156449947,0.18859765600661618,-0.2900155182402972,1.047086227654301,0.31453749334533,-0.06329880039974367,0.32235780145342147,0.4652559615779305,0.46525595839151346,0.257865200969095,-0.7915752088700438,1.700991593537035,-0.7409585736349488,0.3093785127827628,0.051166800607345214,0.10896497498546914,-1.045782660752875,-0.5346510427802129,-1.274102754558516,-0.10578365168229475,-0.7111867309452831,-1.0154012747530194,2.000428924631671,1.1017582530676293,1.9793006327664335,2.3176344559549245,-0.7840182716697172,-0.9474026297332291,-0.9520465750944119,-0.856348838577675
S11,baseline,-1.1201099566841404,-0.6558924909703682,-0.346227222677509,-1.1173268564139411,-0.33601719815721337,-0.7874545469714561,-1.2240721846273177,-0.0735871010472987,2.008421996466911,-1.070745713982624,-1.0413349286826155,0.04561105527443179,0.9849103248116251,-1.044188256782276,0.9681361818972869,-0.6121923501926937,0.5212713491267192,-1.0528789355637693,-0.15133049373785454,-0.8912253310082817,0.6073157182521971,-0.46430294661123606,-0.04458804367366563,0.16844048675342624,0.48678610270359207,0.700865672194952,0.6789578756537994,-0.14122890587561585,1.714981850470136,1.2219487139000047,-0.3007000734807458,0.7144145870048797,-1.2783482749058743,-1.278348265709885,-1.416107289103986,-0.749169394109134,-1.5477966984669291,-1.29667750386116,0.29141758997495726,-0.0369007549833715,-0.5217230584758361,-1.0245426548365546,-0.9454018435520657,-1.3006193261862327,-0.3279835421646048,-1.1404764200004267,-0.4980760200132822,0.09895388562828238,1.57034628667387,0.8134966224335652,1.9191872715500669,-0.8871581166110719,-1.7609986945706013,-1.1534427021397369,-0.4670993664969135
S11,baseline,-1.313893246982345,-1.4215880306740163,0.10340195167096784,-1.3026464475819277,0.09750407658205822,-1.9163177331057504,-0.052088178069247384,-2.4778521420788993,-1.5663031196216575,-1.8206914558573573,-0.5889829374615047,-0.37971472747086876,-0.49533029003498097,-0.5426221684562604,-0.49340257155694367,-0.32169921500812826,-0.24156477154652867,0.9498514811712038,0.8679130176194928,-0.4646579334324257,0.4210200141562724,-0.4519569710424474,-1.0856723679921654,0.21998920403881733,0.5996612560151917,0.4444514018797257,0.3832881167947642,-0.050693178578874884,1.5583129108647567,1.2906508873310554,1.1514486187949773,0.45304339663724086,-0.6813559010928959,-0.6813559002244902,-0.7076452697698028,0.09894690110872371,0.5124105110965603,0.9261982170436852,0.2652208183523966,0.7367288636492413,-0.3972750330346383,-0.9281223001719331,0.327552016005205,-0.035655374150577755,-0.5712953183672524,-0.8920053126252488,-0.7619631742581942,0.6368373176860072,0.7226519836437831,0.745903011396809,-0.27227224267665157,-0.6718058259616045,-1.7484835483637517,-0.9633636270070468,-0.4670993664969135
S11,baseline,-1.1299711588991463,-0.7031536132070821,0.5423550239059334,-1.1319726838250026,0.5438506373776457,-1.3587993448962088,0.7292344929694662,-1.4832561960677628,-1.3750795712958512,-1.3111178029936983,-0.41105842619440497,-0.4334351948274048,0.2482523007457508,-0.4245121188808783,0.2583794509880451,0.10090276611195004,-0.6229828318831526,0.8293227817370131,0.8679130176194928,0.13772928025325432,-1.0004199193739527,0.58533249282,-0.6762529461974274,-0.013207374156991858,0.8007270281835076,-0.9658270848540186,-0.982688329883654,0.514516178060712,0.41563304682013674,1.295526111589468,-1.3948721519381015,-0.9844981503847726,-0.0289123021207529,-0.028912289118851922,0.12556586132116745,1.837585306305349,-0.5176930936851843,0.9261982170436852,0.836725042225588,0.7739081059368221,-0.833499433040321,-0.7004498407546237,-0.3228627779643062,-0.2085317494108689,-0.566710325522198,0.08327778230410511,-0.8113212530506206,0.8114218081484526,0.5905450753305047,0.8129761430531033,0.8234575144367076,0.2769065652706077,-0.5346213773849516,0.06126968122736141,-0.856348838577675
S11,baseline,-0.8121551637190414,-0.6450936587027444,0.42527219196532035,-0.7891369423724718,0.4169661958796676,-0.9025542895599927,1.9012184995275365,0.32298224229742556,0.36879643171934895,-0.8882811082338926,0.3443594334535406,0.005080587013255228,0.5940560202763061,0.3820451758548702,0.6217107743393789,-0.5945414739012077,0.1398532887900953,-0.4723278879598564,-0.427162908227358,-0.40547025776909673,-1.6179025850478,0.4413017114097752,0.18859335294567944,0.2605171610769845,0.20722815224350147,-1.6068627606420842,-1.6735656582551894,0.10744751260529456,-0.6326281633743953,-0.22349113103170937,-0.20267262800328437,-1.768611721487689,1.0623783356687757,1.0623783551733526,1.0330673689275538,0.9046573815656999,0.036978078120370475,-0.18523964340873741,0.36421956892424145,0.12053952080972508,-0.15380365082921396,-0.472826270005572,-0.2635282759625855,-0.6176177769601737,-0.4637634137164453,-0.2855849273836568,-1.0122197079018707,0.9684486623963878,0.6382615946980185,0.955202515171891,0.8234575144367076,0.5018125873462116,-0.14341984780824882,0.35316235424633907,-0.4670993664969135
S11,baseline,-0.1885840747268038,0.037770536614531565,0.9417420437537328,-0.1874850670350465,0.9462165706569466,-0.3315976232056232,1.5105571640081796,0.5013662495282567,-0.20444297492561986,-0.12167360672973994,0.4625224039707868,0.05532240916912701,-0.8807651397116645,0.47218657164476296,-0.8593227695835115,0.33447142818169817,-0.24156477154652867,0.020844618716286692,1.0094333002747253,0.4578043104356385,-0.08168258828857868,1.636635214418266,-0.6393373060845596,-0.6730165159933701,-0.45428307015533503,-0.324791409065953,-0.29686596847998253,1.4858972421507113,-0.7770252321629396,-1.0656104848467893,0.029959277348955454,-0.461755769649495,2.110115746775397,2.110115765904327,2.1882073480455055,0.7774399372829986,0.9878429440727502,-0.7409585736349488,-1.241004451815381,-0.15675115667561795,-0.4516517704906501,-0.5086240470215653,-1.943138044284121,-0.3523274817267403,-0.6066675425790723,-1.0578907014096774,-0.3766218557222095,-0.46036240272530826,0.43506247698763273,-0.22400921459727993,-0.5711076309802949,0.23993326728540398,-0.5919094880570744,0.01631493418767582,-0.4670993664969135
S11,baseline,0.10704006359169771,-0.45507012004030645,-0.16379438285727796,0.1225406711018923,-0.2633185381503759,-0.27371062329979945,-0.052088178069247384,0.11668435325844416,0.21447676649586672,-0.3110221852995938,-0.2017698247486031,-0.13357945150243242,-1.1092937445707698,-0.17747711069305727,-1.0997370994488838,0.1464140246631503,-0.8136918620514646,1.1418184919728136,0.6334276913191662,0.13610922263299183,1.6423827998828446,-0.060519474081607495,0.3457750271563095,-0.3583383098867899,-1.3054339220773679,1.726522753455857,1.5442754427783023,0.3462826164401201,0.081930854651185,0.29339668069355285,-0.24906955583054516,1.3678425629239768,1.2774634284929294,1.2774634065225918,1.1999982188088063,1.1590922701310458,-0.4384543548558194,0.3704792868174739,0.6746640872560518,0.5665141427101221,0.48116594380044375,-0.3988410490496394,1.3196620604885183,1.6155197686203333,-1.0940966558913898,-1.834469159365512,0.8046958654774444,-0.9600286047808801,-0.03058739776170253,-0.8032470933484099,-0.4714958348790805,-0.8746718963342384,0.2340828868291277,-0.7482654747516375,0.11677484162422873
S11,baseline,0.09855095899457861,-0.4647234024692245,0.3721133792151447,0.08622831435185849,0.3534989476877259,0.6242930929727034,-0.8334108491079609,0.8258078853425076,0.055915692437107416,0.5230577724181956,-0.6058485381443968,0.6742756423923321,-0.18722327443968725,-0.6775936926213165,-0.381088627811424,1.2721755429838941,-0.8136918620514646,0.18225261941412926,0.044338260613882165,0.9027889931007519,1.79581096937936,-0.2172479673820675,0.7368379130540791,-0.013207374156991858,-0.7790816555566373,1.726522753455857,1.7679688599052052,-0.38063300732190153,-0.8036992689455078,0.3034179750025126,-1.0899842147790175,1.759899348475435,-0.36624780585489436,-0.3662478080999451,-0.3942130768536452,0.48059923395674276,-2.340184086760579,2.0376360774961078,0.9798078533920389,0.9024657592765077,-0.6642970189761741,0.03805479424721161,0.8013827900267498,0.7038718759226531,-1.267641238191396,0.5278795240869059,0.7057475366587844,-0.010410718814311938,-1.6106047135085997,-0.5445104549564426,-0.5711076309802949,-1.388304362715298,0.646022822356473,-1.065914125463356,-0.07784989441615202
S11,baseline,0.5511031094070712,-0.4425816325622272,0.570258271754809,0.5547615356062764,0.5937695765112613,0.30315188793568637,0.3385731574501094,0.3169872372077944,-0.030263493407248168,0.7887619827859494,0.2911112680548734,1.7167676779846506,1.6799297550448975,0.28568776572217097,1.7150375774886626,0.40407017260791717,-0.05085574137821668,-0.49919694834987616,0.7380898599037906,0.4297070491853012,-0.0915312582025612,2.491837718575743,1.2036230004025361,1.3982236167379976,-0.910603291402192,-0.4529985442235661,-0.0699497353915859,2.3998948345195834,-0.2698701514579679,0.5182863147446063,2.153334344077849,-0.3310701744656756,-1.114315798527961,-1.114315807244109,-1.1075230511512313,-0.9187926531527169,-0.2799768771970894,0.3704792868174739,0.38759194596474994,0.009854081475899636,-0.8054680342126636,0.4064561313723218,0.8955685849359237,0.7777253939819103,-0.6267345360527031,1.646200309032267,2.1741014773710985,-1.0760539416255077,-1.4551312971010908,-1.321411395746113,-0.4714958348790805,-0.2351139350132851,0.9154133078197082,0.041935217314173635,0.8952737857857517
S11,baseline,0.9382142524812469,-0.3639522135124183,0.538335209490176,0.9147189094075014,0.487174287880519,1.6297016600847445,-0.8334108491079609,0.8780633482292917,0.02597869821732763,1.2784898641262659,1.3701724510217237,-0.5625815409536548,-0.2662274751219638,1.3501738056986883,-0.2107408999802968,1.1262801146226842,-0.05085574137821668,-0.0014860949796714265,0.04220776119415157,1.0534244206222443,-1.5670977138256164,-0.061631623229243745,1.4986779973839732,2.314964022799944,-1.3117841807462334,-1.4786556254844712,-1.5662007904497142,0.39475508768768663,0.9319705868587373,0.7024013704558185,0.061305030278391084,-1.5072405311200503,-0.8237193341481511,-0.8237193357719841,-0.7761330541914492,-0.9187926531527169,0.7501267275846553,-0.7409585736349488,-1.2564237373056337,-0.9362889678930626,0.8529250417843993,0.7789838868874668,0.1063044346761959,-0.36435606453508784,0.04178989712517124,0.5348500728864436,0.01825090678485083,-1.2562544374243956,-1.5571919477245035,-1.4780479115293153,-0.27227224267665157,0.2517021946882123,1.2771613264275177,0.6103250047098702,0.700649049745371
S11,baseline,1.6508653491299075,0.6776419156102358,1.2212630003916105,1.6782870811975934,1.1902913977772287,0.5186432429241087,0.7292344929694662,-0.9437547143533177,0.38155147413738416,0.6195228587427782,1.2954612281341924,0.18202741680501203,-1.211450482976916,1.3262434247340729,-1.0839158241799622,0.11479127808462217,-0.43227380171484064,0.5587796998567852,-0.0839284304718143,0.38856922914800157,-0.7698672678264308,0.07552966488916553,0.6040262199921164,-0.06630444119234612,-0.09610172721102976,-0.7094128145387923,-0.6830308254298224,-0.21361202721104733,0.2654555480990267,-0.28692736247071815,0.8766466121932983,-0.5924413648333144,-0.7246982679192305,-0.7246982561431006,-0.5862994538990763,0.3109759749131881,-0.3592156160264544,-0.18523964340873741,0.3422753393839499,0.06730039778647899,-0.15615310320965328,0.8512754256738391,-1.490292330812379,-0.8436832933024544,0.6937821998885629,1.507611525681202,1.674788586134981,-0.3903806823113963,-1.1280839566161895,-0.7278816488344453,-0.371884038777866,0.9208504394833515,1.0711429950116969,1.1155164996902949,0.5060243137049902
S11,baseline,1.9455007310314774,0.4443812845084719,-0.8531087738796903,1.954025071222835,-0.7920569418759791,1.2710813291608223,-0.052088178069247384,0.30941812176342415,-0.004095458301702904,1.2935308650849269,0.6059795092900473,0.5699197206052344,-1.367745037504565,0.5664497472611446,-1.3596187789869225,0.7502981921841183,-0.43227380171484064,0.6284850145343267,-0.15188203127423647,0.8895310634487879,-0.3981790744095333,-0.7076765026259206,-0.573629663462122,-0.6730165159933701,1.110539442491012,-0.324791409065953,-0.36564554718633346,-1.174246906608874,-0.26444551737244903,-0.15019296445302144,1.3270628153997608,-0.3310701744656756,-0.985691087967811,-0.9856910951090521,-0.8854771423034479,0.6926283077612354,0.3539330334378304,0.3704792868174739,0.6433366994716543,0.4236794712011652,-0.1063164316483055,1.079417981934859,1.5598623613317337,2.064171359345252,1.2609348968618461,0.2867582873450375,-0.4560090743239156,-0.8505521063492972,0.05705216576108677,-0.6848079255834044,-0.6707194270815094,2.44370070642164,0.685572290480684,2.310904181499097,-0.4670993664969135
S11,baseline,0.5286102332151033,2.365079131845985,-2.2530685561741017,0.5084601960608603,-2.265724683726251,0.8264862784541911,-0.44274951358860415,0.11451774551703763,-0.5648296010655416,0.9283569461951122,0.30843872684682855,0.4785891766968389,0.7051651728306559,0.2780876618162307,0.5241823647345493,0.8220238893001859,-0.43227380171484064,0.14970399276252921,-0.13749879886398605,0.5541795429535057,-0.16258281353241102,-1.1687333539328006,-1.1735324096905901,-0.2893121227408307,0.6420424102658707,-0.06837713875072675,-0.17570016021041765,-1.240295006749291,-1.0094764003765693,-0.6706518318283172,-0.8326839418894373,-0.06969898409803676,-0.22730405107219853,-0.2273040401282855,-0.28727403137186874,-1.0884159121962997,0.7501267275846553,-0.18523964340873741,-0.42155136492129536,-0.3173999952490835,0.07827376039050177,1.5495747901824655,0.3048392959071097,-0.22740112345677166,1.6981167070332492,1.0759830186806514,0.80482416224849,-1.1162215792434578,0.5044153550452756,-0.6882567312042646,-0.770331223182724,1.0024335356269574,-0.11712225764079487,0.7994971317772713,-0.6617241025372943
S11,baseline,-0.17352019983779918,0.5169251399215715,0.8045879995753715,-0.20959050400108364,0.8704552034869149,0.9480679471716874,-0.8334108491079609,0.866206405016132,-0.5454956337785214,0.9532311078970431,1.46261567142444,1.5261245815021638,1.8568983931400558,1.4739343339265956,1.9579063291796979,0.5584196741564845,-1.0044008922197767,1.3151581718335454,1.0368500796566666,0.9087290033930129,0.3173636083787489,-1.4111208970967206,-1.9884016236359439,-2.3265174298594187,-0.9481152150298229,0.4444514018797257,0.37983722147430576,-1.4793978585871348,-1.8550928955616335,-2.0018805678304528,-1.1822064297834876,0.5837289918210603,0.6175147905118169,0.6175147794569813,0.6457376140905321,-1.724503133609693,0.19545555577910043,-1.8523964340873713,-2.693546079797045,-3.113342715267873,3.187759931097851,1.7252978184906984,-0.5410552308846144,-0.7639385587005791,2.1132403688260015,0.0857289581912451,-0.632602711892345,0.20694212995212202,0.37398708106475553,0.25338831606468326,-0.9695548153851529,0.23758545364450206,1.281995768699092,0.5999164644450684,3.03614588222994
S11,stress,0.5864917130154851,-0.3630482007278862,0.7749235667854244,0.5934607789340591,0.7790292987801302,0.032260732972960504,2.68254117056625,-0.7619070495553362,-0.7120609408782651,0.2634028422753653,2.139333490254718,0.4632321819220257,-1.5904324888205026,2.134642438850985,-1.4073753772513706,1.832433170092626,-0.6229828318831526,1.3437918853021882,0.7032183138546703,1.6207528696432114,3.730006202591294,-2.2520669099822124,-4.66574113702189,-5.398616826732837,-0.8546338646266526,3.90604405113528,3.7687661754580004,-2.253294332040399,-3.5753045382205073,-3.2140563274421523,-1.3552777929502624,4.112240061784184,8.4452269511705,8.445226996447937,5.501426307674167,-0.15548798745665054,-6.302121028228828,1.4819171472698964,-1.4600964649995343,-1.344213613019092,-0.7040899381479314,-1.7596431555300498,-0.9437557323757394,-2.065915359634084,-0.7330013120279414,-1.8778395706731237,0.8556698095848031,9.475194854141554,5.320787196305539,11.202599497597761,20.54659314247717,19.521776866192663,10.267095500107875,25.461898316811446,28.92123577560058
S11,stress,0.7822676878962763,-0.26604409892904796,0.378083056620312,0.7808029648655909,0.31010999978539006,0.5886522090663169,0.7292344929694662,-0.3057522275162626,-0.388724519886458,0.5822450287046758,1.4034476230703177,0.14204823192125013,-0.5217322783203456,1.3552340179446667,-0.5059799980056093,1.471980705953205,0.5212713491267192,-0.00046069260955373,0.49615324911606584,1.5290697170165752,3.2641301427456004,-1.9463067059294186,-4.686564199821691,-6.176259797903371,-0.43587527363607065,3.5214226456624407,3.3241548468512865,-2.1046234543864917,-3.753229662661992,-3.4436350697928533,-0.36749277823846827,3.720183276232726,6.632841216466465,6.632841254786026,3.9950716458168474,1.3711213439355103,-8.283089498962953,-0.7409585736349488,-2.8925407886871066,-3.322531112410848,1.6149541052057639,-1.8591713933476472,-1.9941918970230263,-0.8260497084598722,-1.5625813307784377,-2.6330903853977556,2.2164635905879777,29.029945713236387,8.018274011641752,29.618083501542998,33.19729124733141,31.00919258262334,11.204864618898885,36.958815350274016,27.16961315123715
S11,stress,1.5266135153210894,1.12797845096288,1.7542301471123627,1.5436458988720785,1.71180151648437,1.3507812318362313,0.3385731574501094,1.0825720244809165,1.350744293996316,1.1398692706337756,1.2982934124153982,-0.02462656682305533,0.0636908470956858,1.319196886267175,0.1347366387687546,0.021281305084741523,0.7119803792950312,-0.0979589275380659,-0.009911854509656641,0.41418606538883773,3.601551511627763,-1.6351948147283524,-4.133451223375987,-5.217781884962334,-1.5600186854313063,3.777836915977667,3.4237689300101377,-1.9232410162443097,-3.243825399522733,-2.5253201003900507,-0.8974226975805305,3.720183276232726,3.947639466804445,3.9476394963167905,2.299877473233326,1.837585306305349,-8.679283193109777,-0.18523964340873741,-3.6666758978594673,-3.137363455263488,1.538075479093216,-1.9800652619754842,-1.3662941176804007,-0.9552193972994251,-2.1683222553608847,-0.870293519464462,0.09409323290032834,52.10890339796953,11.92468743672027,54.13930636847043,45.64876575998321,32.31967078856574,12.882276948361149,40.68389386493009,30.672858399964003
S11,stress,2.2778856081923906,-0.08476575474966458,-0.2617891584795931,2.3141278114716357,-0.21771014838363742,0.8248314845174115,1.119895828488823,-0.08865051718891231,1.350744293996316,1.0911549160247118,0.7508663838046176,0.18579008288145515,-1.534829357334666,0.7287600889599346,-1.4859504897263538,0.9890811249224412,-0.24156477154652867,0.5240359784134856,0.33294753902617386,0.8344250644104702,5.032274162826906,-1.5715728684750778,-1.5415701628981966,-2.7182876812283765,-0.8071433320951156,5.188115402711411,4.8650788725601375,-1.3748401337628036,-0.536932936270311,-1.059386112536035,-0.9484589679652581,5.027039228070921,2.851580634903559,2.8515806420481775,0.8088300096950845,0.43819341919586113,-12.641220134578026,2.0376360774961078,-1.4461869706516426,-1.2023402891546169,-0.8741938655648188,-2.235010235776308,-2.8090791959126222,0.9379308976077521,-2.1992113388748615,-0.11313719634035263,-0.6489413690094935,82.55855801647401,17.29145611939954,90.38999176894153,49.732849400133006,26.534776264148434,11.434653044839838,33.315534345090384,30.08898419184286
S11,stress,1.4449581165938075,1.5404923867978741,-1.8189052593020474,1.4688542554768689,-1.734444979137008,1.047194398136435,-0.052088178069247384,1.7459843825839276,1.3418360483728256,0.8543868951348444,0.6020390726484541,-0.05038879432522831,0.6575333800333723,0.5800263911186071,0.6865932387701161,0.8181172968849741,-0.8136918620514646,1.1270239400443525,1.0007463676385056,0.9854926919659026,4.787123684157843,-0.7287003474383863,-0.5194130507768925,-0.26246860551740225,-0.37628561120285864,4.803493997238572,4.5912394699617485,-0.7723077129528685,0.4934030902849105,-0.14073335201154574,-1.2423302379678351,4.634982442519462,1.8463138119763576,1.8463138163274841,0.9479624859479815,-0.4523286907829064,-10.264057969697078,3.1490739379485304,-1.124898022753899,-1.3470054683542427,-0.8581839114330537,-2.5692067055883268,-2.4642718832371284,1.2074935712922956,-2.246337595630259,-0.9401480489832568,-0.5164432395105897,124.04243887144703,22.90890049011041,140.14750472271598,61.58665313617753,26.516536082907646,10.503875665366362,31.983104540357598,28.92123577560058
S11,stress,0.24471650134186584,0.6539840147568966,-0.905582964796731,0.23734344491090514,-0.9073026507452133,0.4370393192432122,-0.052088178069247384,0.7564997585436684,1.2803958896141001,0.9017468249662547,1.893879265400622,0.6709472233634185,1.4598334482773696,1.8973483543307008,1.4411341051956208,0.8462859465678101,-0.8136918620514646,0.8667420528852449,1.0007463676385056,0.9424075934536166,3.6524100566181654,-0.9906013356387073,-1.0259170814379832,-1.1590420807799195,-0.7823680423401165,3.777836915977667,3.5511544068194016,-0.9712005355458537,0.4985744245584668,-0.04446409886564184,-1.4826210146977,3.5894976810489068,2.798534980297596,2.7985349727212867,1.9903388071727632,-0.19789380221753214,-9.788625536720886,4.816230728627164,-1.192628747613138,-1.3405814443861597,-1.0823092031019759,-3.101887708060431,-4.63568543952744,4.486122658002902,-2.2076367649431283,0.2764190760453477,-0.11172771515030738,78.00005172935987,20.423400300581932,96.22251568580758,54.215380224687664,20.522411770273767,8.839911006695766,24.53904915289846,29.115860511640957
S11,stress,-0.19710285655414747,-0.36038724800623206,0.30179129160660445,-0.20126771724749634,0.22312385888057137,0.45294302246603235,-0.44274951358860415,0.94235139066714,0.9164459440325683,0.4947821642150252,1.7576694996873612,1.4222311579766087,-2.2794873840416887,1.795511206209725,-2.2500707099113515,0.183633717587652,-0.24156477154652867,0.37636893512509356,-0.0927867459424603,0.17312794383306834,3.2557726910918627,-1.232769715012648,-1.10857734189801,-0.46863788728497313,-0.08436524753385412,3.3932155105048274,3.149748448724719,-1.0896379908299827,0.12233751760264255,0.33723984329524853,-0.4869637621537729,3.3281264906812678,2.560256399522442,2.560256386138261,1.4312588132578978,-1.1308217269571812,-11.928071485113742,7.039106449532009,-1.3199498588975325,-1.2964317327229502,-1.1056876611592323,-3.5524482238962105,-1.0244243605223748,-1.657336225038098,-2.0777064870658233,-0.37748756743619943,-0.6742969440049567,17.268695942739555,10.932494422835756,25.62131416087466,45.549153963882,8.915368460932358,5.662041417196659,11.018773649489205,15.492128988814306
S11,stress,1.0487914484046357,2.6390495921618937,2.765599609525563,1.0301227496447665,2.712854533593281,1.8129609570750909,0.3385731574501094,0.3598443435034138,-0.20448130450041374,1.2669824604752784,0.29055328123187213,0.8234271468438166,-1.517093482823179,0.2473076738500924,-1.4472687298801774,1.1264417559791193,0.1398532887900953,0.463501811116852,0.9438136626672625,1.1162708158990702,2.232588198042467,-0.4835196832199192,-0.2765671095701744,0.5672401086613019,0.5464785661394386,2.239351294086309,1.885060535367611,-0.4782788532978376,-0.32381952074477743,0.4848623507847246,-1.1658833781454507,1.8905849436592543,2.3747960020622827,2.3747959964314664,1.4697909610097033,-0.5371403203046696,-8.045373282474857,8.150544309984433,-1.652693961495295,-1.2922938738099554,-1.0304302334459745,-3.204347786560047,1.4314389172973794,2.46592085021253,-2.396610882839582,-1.6340473327519163,0.43608046364459935,7.647914118199377,4.68356041221236,9.123232914045,18.853192608756526,8.00580618470957,5.195496012045271,9.825932095902859,18.41150002942002
S11,stress,2.3533234083332597,0.536026489306427,0.37078454785166975,2.3911859519860243,0.32466540623829215,0.7392701768111741,-0.052088178069247384,-0.3111719259268159,-0.0004361158853219886,1.0422817364777819,-0.5364297379222174,-0.09073102342255676,-0.6302147995421747,-0.5419180501606488,-0.7542365104275032,0.379840110690494,-0.05085574137821668,0.3066871669196334,0.8170504524062416,0.24742210238026388,0.21824753018047147,0.9894420530406721,0.8359875937731669,1.4256483578996266,-0.6516337078412606,0.05982999640688636,-0.2297990165740871,0.5380691967560475,-0.1116951620243812,0.35116649494519936,-1.4875025422829573,-0.3310701744656756,3.6853154714921263,3.6853154989896004,2.369391953108768,0.43819341919586113,-10.739490402673267,4.816230728627164,-1.1439267554152355,-1.332115385017589,-0.6710077601071357,-2.7396873701239253,-0.13939228255476627,-0.6769310178727068,-2.73564691164557,-0.6622887613596622,-0.8256980385252302,7.744438055442264,3.58210870642002,8.129486679588966,17.55823925944074,4.251649665165336,3.0876905695830654,5.034351331829745,12.572757948208595
S11,stress,1.7370140254205304,0.9763978303217056,-1.4246108023875779,1.719382042266681,-1.3585417832307312,2.261472176904001,-1.6147335201466746,2.2408998523648727,-0.005614965078773314,1.757730094481597,-0.8167822219487303,-0.04816681397147762,-0.5919202399441202,-0.8033058184482255,-0.5214808858466984,-0.5632233234145982,0.7119803792950312,-0.487418519705521,0.1664933263693851,-0.6510080426043016,-1.015210408839795,-0.46208573115396684,0.05720861535753624,0.6770544973026021,-0.44561664273415597,-0.9658270848540186,-1.1551531483565929,-0.4635549231175696,-0.5547609340446857,0.14630994164270092,-0.5353908925666065,-1.115183745568592,3.6373033603930787,3.637303303982429,1.9079550693168938,-0.621951949826461,-11.690355268625646,4.260511798400953,-1.5261622347877568,-1.2980446195375435,-1.004932868992877,-2.7077029664422683,-1.3722969317237637,-1.5172786995183354,-2.6679486247036577,0.15826145669642255,-0.6939780609196706,18.586789962799394,6.510276409385921,19.565036520635832,32.101561490218046,5.682658689180449,4.568139580419249,7.290087952948016,20.357747389823825
S11,stress,0.9542057681627446,0.12124004814293715,-0.1589980393901837,0.9262064879631773,-0.1893370017030173,1.7167736469234156,-0.44274951358860415,2.7676750437145055,1.5881327811853394,1.7893765744978667,-1.1277941245087229,-0.059568950940070566,-1.1921077928955286,-1.1638372031963182,-1.162831563731119,-0.13671305114757615,-0.24156477154652867,-0.7721001365131578,-0.6580839796519128,-0.5246519794948622,-0.7086460259709357,-0.7251374073501619,-1.1666935786701078,0.23779694273740454,-1.0671514957489285,-0.5812056793811792,-0.7230173615098204,-0.4822542484490355,-0.21047227290087692,-0.6312954759967693,-1.0212021745751108,-0.5924413648333144,1.7234576075789925,1.7234576265215276,1.3730877402631738,1.6679620472617662,-8.996238148427237,5.927668589079587,-1.676086845928646,-1.3065820145815388,-1.2964709082970092,-2.806447129817382,-1.2253336458111523,-1.3212409235891693,-2.575302525805017,-0.5312915431752737,-0.7890223461022541,11.35838301689101,8.308588661930443,16.62169271827719,32.99806765512898,13.537044216537144,7.144715866300216,16.489141704004286,26.001864734994868
S11,amusement,2.4574586350806427,1.1847119412964051,-1.564875195014927,2.4597074840822084,-1.6048158948596893,1.8248365301607872,0.3385731574501094,2.2410723463032767,6.176305545573746,1.8213547158251326,0.6391504718013096,-0.223282857180212,-1.169629227070637,0.6400687704628567,-1.1606266338933462,0.31699964557390947,-0.05085574137821668,-0.19645264257535272,0.3004103766992877,0.3541907483937531,2.273443365984837,-0.13268063353094275,1.3781469735957987,1.6767441042440823,-0.04481158126573739,2.1111441589286963,1.93302538622938,-0.580888573832674,0.47739166202186234,0.7942283427854888,-0.705349437933857,2.0212705388430736,-1.2348957954124535,-1.234895802625492,-1.548152238541505,-0.28270543173932355,-4.083436341006609,6.483387519305798,0.3714567160834441,0.6506425292902083,-1.2088907526582022,-1.6947762632355061,-0.1851658927771741,-0.70002549132039,-0.028876965430123577,0.37430978786185637,-0.2357334672135892,2.7198634339334267,2.8795164815635554,3.7258826615073253,9.888130959647224,14.432322615193694,6.900573901057001,17.034268672410615,21.136246333985348
S11,amusement,1.4945404862003486,-0.2962221190399405,-0.26236144757507146,1.4801324969619036,-0.209943358221654,1.4752328314549648,-0.44274951358860415,0.2947408296684501,-0.15111507629026374,1.4098169059440595,0.26054803431630613,-0.4703282076255018,-0.8838942577399727,0.26667665659499024,-0.7747785580986998,-0.19373646008500495,0.33056231895840726,-0.5008432523120101,-0.32343347098892966,-0.3054509065670011,1.9307476255221667,-0.39637430740550333,1.0220305010605433,1.7571113079393794,1.4173666047930271,1.85472988861347,1.9599072960565758,-0.3026936811677634,1.0722401066755904,0.5299458370561926,-0.060352443323205225,2.0212705388430736,-0.12662771920776075,-0.1266277668113976,-0.6701991411703067,-1.1308217269571812,-2.419422825589944,6.483387519305798,0.1423337333911535,0.6784553182681224,-1.103738656041831,-1.5658095567321215,-0.7657494269749676,-1.4904262011650673,0.12913728852827447,-0.46163200435434987,-0.787336314737341,5.080719428786354,3.2338748416782406,5.806558474217719,12.179202269975157,12.971052917878074,6.549377701456841,15.402149527225875,21.136246333985348
S11,amusement,0.504851389476089,1.374302185515681,-1.6437333698585852,0.5047719895969413,-1.6116053489390347,0.6451556899312381,0.7292344929694662,-0.5769644304037232,-0.21231620543032215,0.3308466859827411,1.0684079877541046,2.0073310936357895,1.8211134561751248,1.0154255314744238,1.786347417703158,1.23158031372274,-0.43227380171484064,0.45564294933551613,0.5026607803573274,1.3112149001997135,1.3426087369835549,-0.8456752687813552,0.3934117773217646,1.7966255814992607,-1.083434106871769,1.4701084831406306,1.612236213137478,-0.25241465549905595,1.6153303444429299,0.802188659223117,-0.4833061188092818,1.6292137532916156,3.3896010079770584,3.389601014701877,2.4185820943785274,0.09894690110872371,0.11621681694973546,2.593355007722319,-0.01312556329398032,0.07160443589776498,0.2303561552493671,-1.2844912094984007,0.6833504608421886,1.2674511512820146,-0.009804807593677186,-0.8594825315129927,-0.7238447424749288,6.989406121070062,5.109425791063146,9.080743359221538,24.331841394323323,7.958435531688001,4.997267134357606,9.624607766132616,13.351256892370118
S11,amusement,0.16860007955102366,1.1203611611430324,1.1713023247803187,0.12548467672975142,1.183588085445214,1.3719802907223209,-0.8334108491079609,0.7706368755437384,0.5961216660700934,0.9773237701997738,2.8863579919775613,2.13803820715552,2.204977461214414,2.9459645065735307,2.1626011345079257,0.7306513702333601,-0.05085574137821668,0.6197053232358413,0.571529857180295,0.6956002359547977,1.2087170096883242,-0.8656269649295416,-0.2706849909555445,1.392881623260699,-0.36606462371297255,1.3419013479830175,1.3074510621709088,-0.8435745312290341,0.16286543137352485,0.15309856036812444,0.6787134301920524,1.3678425629239768,4.918185189872314,4.918184987129536,4.846623758610556,0.2261643453913967,-1.627035437296294,-0.18523964340873741,-1.1895591536950032,-0.7691957557423151,0.43345835782593195,-1.2471334163923486,-2.8096846821548955,0.7271155805657039,-0.1468439664256883,-0.44079588869466874,-1.1902369730696862,10.186654020457764,5.6582010430619984,12.131949744287642,25.826018335841535,9.381239315871394,5.159034279212257,11.007821433901126,15.492128988814306
S11,amusement,1.4154250146585066,1.298098230049443,1.7805634450594945,1.457888110007342,1.7076284830484119,-0.0012534463551138748,-0.052088178069247384,-0.3016386966347356,-0.2578948816923783,0.2104371125330392,3.5153551930689324,-0.09868586401752129,-0.8397617110813569,3.536081428112692,-0.7919741537418391,1.3652390570748134,-0.24156477154652867,0.7346166053512873,1.0935067743866884,1.6373909205812285,0.823159033428277,-0.7221547158360805,-0.7178802040231603,0.8025566557498008,-0.9956867355636831,0.829072807352565,1.0028572867519963,-0.9070762702092684,-1.3032489842614612,-0.6727068314207885,0.5074975804458464,1.106471372556338,4.796180377805,4.796180410290265,4.579594008252101,0.9470631963265814,1.62175285470767,-1.29667750386116,-1.7875446592404896,-1.8593554762983115,0.9721729465821497,-1.5212724699905054,-1.3404788576209046,-1.2603744005035191,-0.18068180747454474,-0.4916996537249493,-1.3063291212081722,7.126965572439685,3.84695071314296,7.902518406175341,17.75746285164317,11.29823723625809,6.747332455747638,14.11763015504814,27.55886262331791
S11,amusement,1.776040096482908,0.34518823571118773,-0.5361550425107363,1.8093396798324115,-0.4218360649365289,0.8694734291318896,-0.8334108491079609,0.8464224776113102,0.9054547818919716,0.7491769852419096,2.6374126775655946,0.7432999389018826,-1.0652335423487855,2.574159370514072,-1.1250914275780624,2.516213109714325,-0.05085574137821668,0.036128783842312495,0.3690147903660601,2.367309525735099,0.04802456431675659,-1.2781986849267912,-0.9799159116697189,-0.9335565361031185,-0.31872401856742827,0.18803713156449947,0.22296608537065601,-1.50709849140082,-1.1920583221974863,-0.5521838823488928,-1.4454471167264762,0.45304339663724086,3.3466099374642817,3.3466098863674514,2.6155724425827604,1.9648027505880221,-0.6761705713439143,-2.4081153643135824,-4.0977083849449905,-4.299404573579822,3.0883659399904855,-1.474548722439236,0.009998618661119976,-0.9312426017400877,-0.02381818628849983,0.2979348770682007,-0.46270126582475096,2.9947533350375126,2.1152881944568724,3.3647934239602497,4.8079293584852865,9.313228160137887,7.128806798785576,12.747876657140647,25.612615262914105
S11,amusement,0.5217180229664047,1.5628365309852847,-1.690608214436296,0.5396342540356109,-1.6604585383864958,0.6672699504478973,-1.2240721846273177,3.0549440587310683,1.2730580830378337,0.5405940806396771,1.7659834098558953,1.5656469272927154,-1.2422513121773673,1.8144397279615005,-1.1167036600629676,0.40643559852190425,0.7119803792950312,-0.21109720589477843,0.03727219660559019,0.3777110850842639,0.4746107641904271,-1.146498887814068,-2.2039346542816105,-1.7388620528059788,-0.9545839918781602,0.700865672194952,0.661048372655209,-1.4021295090745594,-2.021189314360781,-0.9510658671281021,0.5336010131307346,0.8451001821886991,-0.4606508066532402,-0.46065082437038257,-0.7503115989702889,0.18375853063051514,-1.2308417431494691,-2.4081153643135824,-5.246014061120489,-4.419163578247986,1.995006560939432,-1.3883925521120155,-1.1276488214945188,-1.461270527515521,0.16279646714420254,-0.25082726628156793,-1.189109879761391,5.865273504671862,4.879831545910543,7.978763519842791,20.24775775417353,15.299544893091943,9.489417866681338,20.716521134493927,31.84060681620629
S13,baseline,-1.182321108758728,-1.3352188549430892,-0.31303254539066233,-1.1819382381051327,-0.2994351677099793,-1.0071628656152176,-0.24553427732134028,-0.018517905475803502,-0.9074015818561245,-0.9209527176415787,0.845640980024892,1.5792488046793738,-1.4002796324641458,0.833845479062316,-1.396516564318859,0.6738269096040695,0.2128554518110723,-0.2649752432956425,-0.9262536727173724,0.6961086471502032,-0.48502746616250003,1.3377334060848975,0.9715254690350482,0.45135969857468994,2.2721476252526083,-0.7180161594704441,-0.46220730208396293,1.1622321165860021,1.314878559092293,0.8232715601472242,0.4646574847750998,-0.43441073486639814,1.790622379413238,1.7906223712641265,1.8565217578431858,-0.8153187025164228,1.2284082760248207,0.04762483330008685,-1.2065962266673862,0.7313780228376235,-0.14237964610234935,-0.5153934798788788,-0.107719528671697,0.6340727009959463,0.15265835011212392,1.6658736682323916,1.5861239407734329,1.4699381395897633,1.0558150516616,1.4511210891668838,1.4667052405510745,-0.5398419627312158,-1.165233084087783,-0.6678745099341616,-0.8055600776022913
S13,baseline,-1.211664206762315,-1.5925014426003445,-0.060319386742763555,-1.203573420504358,-0.09609850822413239,-1.210089346175006,1.3913609048209292,-0.6313917531866908,-0.9692008637362499,-1.1463315098910551,-0.2717725771546358,-0.6295904169371778,-0.2931454757280797,-0.27642082957344616,-0.3077421118821219,0.25507661108021584,0.2128554518110723,0.21383400165877156,-0.08564493234327585,0.1692056486997656,-0.23148923241925878,-0.20000517133134837,0.3163211456862445,0.4692915925288973,0.19458870384795499,-0.2051474741344127,-0.3296631110804024,0.02813355429657589,0.6706989505467982,0.35135715187599886,1.4261067507546705,-0.3066428716703986,1.4107384278574362,1.4107384333199036,1.3973867961156008,-0.5241334516177188,0.9263406671662584,0.4048110830507395,0.5491356967885209,0.7400254889051835,-1.3267774856815775,-0.8013066401033075,-0.4126905611851287,0.003981755488110645,0.9018500958783332,0.5535802813803697,-0.08010617061253249,0.7606785450430907,0.39926149228608804,0.6943969878513039,0.43689092271734076,-0.1647645093727658,-0.8082122715342096,-0.273176051193369,-0.5817933893794327
S13,baseline,-0.8686138964333828,-0.6703766563231305,0.4647404294178609,-0.8520356897382163,0.5255656682065806,-1.3257359980814738,1.3913609048209292,-0.45070540670091647,-1.0941864784164042,-1.1831272350004451,0.014834074943915766,0.19886583577859823,1.2163353204240603,0.0013012978788769175,1.2584285216297655,0.02483680564907391,0.2128554518110723,0.060866604631243076,1.1475170788122444,0.3829605151920136,-0.025089713944618904,0.05317711344110544,0.22594457532946968,0.42438020056708514,-0.14135410713154195,0.05128686853360295,-0.24841766996502587,0.3749845983346979,1.099492370353523,0.8637213665704728,-0.6151641460505656,-0.3066428716703986,-0.020281151490021018,-0.02028113536367274,-0.11670856181315038,0.8347310525763192,-1.2384771963201056,-0.3095614164505658,-0.793616917436971,-1.603767111065587,0.958714387616445,-0.8077956673502616,0.8258156751124556,-0.9805770912205025,1.1626703763059099,0.5975836641885364,-1.1105784413709343,-0.23236738867631485,-2.003997096772699,-0.5378418933285267,-0.8737818454346842,0.8349804812399176,0.3117003483056708,0.8224079630508518,-0.5817933893794327
S13,baseline,-0.9808172170078193,-0.3354701104120711,-0.9127516980401856,-0.971629492553014,-0.9466766916248078,-1.547992976932036,-0.6547580728569077,-1.0393048662885063,-1.0941864784164042,-1.5139268027107347,0.6863337206855797,-0.9364300091567098,0.5264578077244315,0.6898079031045034,0.5089263111391561,0.37224228718376584,-0.10642772590553642,0.7064110425509091,1.1460219552848687,0.8109209119946253,1.091890649044959,-0.16329623189946882,0.8218247495294622,0.33553489988027785,-0.8303148380011736,0.9488070678716578,0.9068798217773006,-0.16287853944740957,0.5135036718047974,0.5081253071183379,-0.3747943483666594,0.843267897093597,-0.09437404973184367,-0.09437410287986392,-0.1916174937491873,0.7376693022767297,-0.6343419786029808,-0.6667476662012184,-0.9706258342835579,-2.2701089897907636,1.4938128317063522,-0.46817683285723133,0.9333051455692031,-0.955753385262868,1.6021537803115822,0.8298445638305433,-0.6576566545052823,-0.44613213906824783,0.18527489432790448,-0.35524737082701385,1.0922273067933532,0.8051768604294276,0.5992538614996781,0.8380889836523989,-0.5817933893794327
S13,baseline,-0.9555362275739951,0.07179504132474748,1.018390243000587,-0.9673286316810034,0.9761504576680952,-0.3152443785951927,-2.291653254999177,0.16537744522546,1.3022669900897852,-0.7163070500737352,1.2838113949614054,0.06203979607339335,1.2535835966590976,1.2780254945314156,1.3345607173943803,0.880925382456012,-1.3835604367719712,1.0378555599004944,-0.6972678818493919,1.1725546757369643,1.1639800115079995,-0.533700892606153,0.3213516607485871,-0.19774021156479585,-1.0015033993503706,1.0770242392056657,1.1194370058372862,-0.9188282150878037,-0.14159153838432442,-0.01461728719148213,-0.11303898735059882,1.2265714866815953,0.17653910925470728,0.17653912315285367,0.14550683680479226,-0.8800265360494753,0.020137840590571113,-0.3095614164505658,0.9721692915627586,-0.12381123935241176,-0.2568669211540992,0.03375209019534675,1.2538313914697554,-0.33734583460904544,1.5092130117559113,-0.680425473250258,-0.06780890965396973,1.0584392143814,1.714249348477645,1.3039064333592896,1.9348026577482265,0.7554502559089359,0.33960900454970566,0.7511365020356597,0.31327336351200175
S13,baseline,0.3689456407272032,1.598632366778715,1.7292865218751796,0.3862215098526289,1.6968146490605225,0.5093479371654378,-0.24553427732134028,1.1191340238036702,1.1769503797071401,0.26381518789038627,1.5326793834310788,-0.6840160583279457,-0.24923836556653728,1.5365162662419938,-0.29658520258095117,1.290646219697035,-1.0642772590553626,1.1108924187860814,1.2722515133379146,1.2029685527421665,0.8294560656324146,-0.9932832266209969,-0.36758434876530294,0.14537478262079365,0.23896283413391756,0.9488070678716578,1.045047462229184,-0.9377355284867417,0.07441799094084593,0.7657693843494696,-0.4640569752308973,0.9710357602895964,-0.4654238273930383,-0.4654239489077021,-0.3715292832362497,-1.0417961198820958,0.624273058307696,0.4048110830507395,0.984693265963285,0.2701294146726949,-0.39633822632151683,0.5883004696022129,1.2256940668329273,-0.2485660116954192,0.6713067122713737,-1.2442092648933887,0.6580026260837825,2.1653436877359624,1.3566686978196643,2.1132258931102887,1.279466273672214,-0.33128423659679823,0.20072465407415083,-0.2996479577355958,0.9845734281805776
S13,baseline,1.4235418148662313,-1.0871860679231011,0.19821980850101856,1.4268027466221695,0.18804102123225824,0.6015088710435188,0.9821371092853619,-0.8342983951107326,-0.9459022769131616,0.9441366846441309,1.221298621475839,-0.9776633974703368,-0.12859699984827772,1.2203676413656512,-0.1004186257798508,0.718029708239674,-0.42571090362214514,0.7741022114456827,1.2722515133379146,0.8150800890614256,0.4963441306865441,-0.8712905111228582,-0.12169586037166069,0.8401905956842911,-0.636296884622541,0.5641555538696342,0.8027726256994696,-0.6037645790972028,0.0774423193574017,0.9180630257047351,-0.7781539906940356,0.7155000338975974,-0.8601962238746449,-0.8601962018527664,-0.7663700150288933,-1.4300431210803892,-0.9867541889379703,-0.6667476662012184,-1.3182393727758126,-1.1434956613642764,1.6460125401942867,1.163901711464531,1.4083867969699688,0.230849469682207,0.20799435256782675,-0.12470597654461797,-0.9251745711487641,0.8616172129803142,0.14410916072585486,0.7190357418866606,-0.5929233951163931,-1.7800194190873082,-0.46367579057064084,-1.7620391273219171,-0.8055600776022913
S13,baseline,1.1090704144500154,0.055265223187304584,-1.2537346827334317,1.1072902859468592,-1.2431613927188896,0.7507789438370601,-0.6547580728569077,1.0577966072251734,-0.1586398034395036,0.8091950080565368,0.44440977579925744,0.9868510097818021,-1.3619190102701177,0.4594820431299676,-1.3165683634714247,0.3230590280665736,0.532138629527681,0.2272398121333559,0.24952148518576997,0.10485647566432432,-0.2897793213579119,0.08576464189490567,0.4800084740748449,0.8830648926791355,-0.6748642972262084,-0.33336464546842054,-0.2216870823548335,-0.0027718704863910508,-0.13082662893404476,0.47944820554961737,-0.22413630926350683,-0.3066428716703986,-1.5369300649238282,-1.536930035724727,-1.3454934957868863,-0.4917795348511818,-1.8426124140372304,-1.7383064154531762,-1.5761921577280407,-0.6925830759429489,0.25882145734991147,1.3775160056026858,-0.17672876801366252,-1.3221669436820276,-0.4660232132925547,-1.4807091583873697,1.2741346611679354,-0.617869599591129,-0.2967531873233854,-0.6000372101859527,-0.49930391167696275,-0.493682447881201,1.5149341981480813,-0.23693485454220586,1.4321068046262948
S13,baseline,1.231897496433331,0.9138381982211466,1.0993870049557977,1.209521497946757,1.1458137448131855,1.5864307646234765,-0.24553427732134028,1.2966527325860484,-0.10281177065233012,1.7376811273120967,-0.7297319065126783,0.060064834336144776,-0.595151094584411,-0.7344819020733045,-0.6559942949308866,-0.2289779935240268,-0.10642772590553642,0.43762775116539726,0.3208346084516309,0.06404690517567645,-1.6462027636344436,1.8697396840547063,1.3623624534129073,0.8505518841247116,-0.2963270134081884,-1.6155363588084988,-1.6293023915791536,1.8966018856446054,1.2209854805549356,0.6929332950056482,-0.4529111192040292,-1.5843215036303937,-0.6947036561020868,-0.6947036836790446,-0.8260280737224048,0.6406075519771617,-0.7350311815558349,-1.023933915951871,0.9655977941647195,0.9447021291357296,-0.9062273822284131,1.2582472347359264,0.0667910135758412,-1.3447939276087668,-0.7899418886180671,0.6498076607324818,0.3293403765145295,-0.48167079739353547,-0.2394337077289347,-0.4757200960922497,-0.8737818454346842,0.8517706551387106,1.476447884484971,1.0315786332398578,2.327173557517729
S13,baseline,1.494091486831597,0.6170300390016485,-0.8485118235396358,1.5162653760700022,-0.9145975852965466,0.6244500733317907,0.9821371092853619,-0.32954555489185405,0.5417813357103758,0.802431945818583,-1.3849336377693648,-1.050168345559801,-0.07464671011642067,-1.366248595296878,-0.10812906058166989,-1.2687252032411973,0.532138629527681,-1.390076697976379,-0.49722486639548635,-1.4832602454831176,-1.7127978100469259,1.6632997222912227,1.3193033144045414,1.094152388947366,1.0974896602492554,-1.7437535301425067,-1.6977233120498294,1.7548534529318442,1.1451871779528675,0.6402433580335212,2.9712258623049737,-1.7120893668263932,0.6535356391401076,0.6535356607294279,0.6132932837819983,-0.2005942839524563,0.5235838553548418,1.1191835825520446,0.9745203650012293,0.8018479292985107,0.1547236692628195,1.1030834417258106,-0.050726956232913255,-0.13003247650288074,-0.7433135460528181,-0.6946425466317603,0.4672354147111586,-0.8238242329557837,-0.4031797624975049,-0.791481875425133,-0.8737818454346842,1.4615654151601003,0.7436833137574314,1.4837595100972105,0.760806739957719
S13,baseline,0.7119306320768795,0.3122919474379411,-1.2196708026977259,0.6856539317175776,-1.1614149133870657,1.6724897139533923,-0.6547580728569077,0.12659090234769801,0.8501289163892861,1.3269646754596085,-1.2162073266793785,-0.030218716657598094,1.095727208512375,-1.2352517659371895,1.1126389204763236,-1.1667474141805811,0.532138629527681,-1.7157301236302231,-1.4286221551912412,-1.2421642543997218,-1.0093024386503378,-0.5181293210061809,0.22179393393278676,0.2583944749542607,-0.6892053137104254,-0.9744505021384597,-1.0016440491183007,-0.8912551339613201,-0.517000425423625,-0.0546673201460369,-0.18271624917020823,-0.9454821876503962,0.8743951715996482,0.8743951899337531,1.000701351659718,-0.4270717013181293,1.0773744715955396,2.5479285815546553,1.0665091672701885,0.6324291783797532,-1.5628024428177538,0.7815938780144467,-0.26499723867749364,0.3140036803542771,-1.359346617561226,-0.7221028451406915,-0.1566154865388441,-1.1394406317501558,-0.695142436229456,-1.1067967014604536,-0.49930391167696275,1.1609423588028795,0.5075990018319037,1.1612704363457675,0.5370400517348604
S13,baseline,0.047014587427268065,-0.9938872780918893,-0.6682598256242918,0.04378588459990699,-0.6685424366820447,-0.056900021058104634,0.9821371092853619,-0.8081690491506469,-0.5548001678837866,0.00021123097269896808,-0.19585729586661524,1.016424524253072,1.7902619961232478,-0.19574535775494803,1.7412794097539914,0.3071075427548578,-0.42571090362214514,0.39845715866887066,0.17034136013841636,-0.09005345897656236,0.36500600405927763,0.6325528394042265,-1.0330574539010011,-1.1570710998786844,-0.3643981529042173,0.3077212112016186,0.3010158292729642,0.44451321481546147,-1.1605160694164158,-1.3117933545528881,-0.6329270831936362,0.3321964443095989,0.8354610900265657,0.8354611109311167,0.9587598713884348,-0.10353253365288832,-0.23158516679156424,0.4048110830507395,0.762666583728936,0.06204354327572457,0.9946317306176699,0.01367701601760641,-2.1388525762800907,2.4723109353467767,-1.5289492087483763,0.42186296906352694,-1.4059956940847254,-0.6075819207201142,-0.2306251513944721,-0.5782294806081306,-0.9674013288741146,-0.07829451437087846,-1.5360448082533853,-0.2671266510892487,-0.5817933893794327
S13,baseline,-0.6785107496312096,0.10846475434115264,-1.173805537315217,-0.6760333035413049,-1.149598717459843,-0.5403895544645537,-0.6547580728569077,-0.3597689915913137,0.7264100516529576,-0.7039434110202036,0.13317045279634515,0.8644356427556676,-0.49079905303731075,0.161337993073735,-0.4945060949314201,-0.3420659540999725,-0.10642772590553642,0.27433647793030147,0.4891589246716499,-0.32235045437690146,1.5114328355033626,-1.6347984445000554,-1.7136230998934894,-2.0961701612392822,-0.7844826944500346,1.5898929245416968,1.443743774776746,-1.4741716450513922,-1.547174150336028,-1.919188374886497,-0.7317735007373735,1.609875076269594,0.14255507703868892,0.1425550877009035,0.045497106990376714,1.9994720561711996,1.3290974789776748,-0.6667476662012184,-0.6777139504620641,0.0061553558799840305,0.34954682412521326,-0.7150070644991197,-0.5378358974826524,0.011857332909601356,-0.7745998207777669,1.3755922870427344,0.6179535934250815,-0.2917610714079906,0.753258430526494,-0.08963095401669639,-0.2184454613586717,0.22720563952673523,-1.870740782391064,-0.007116430436370014,-0.8055600776022913
S13,baseline,-0.6171070404468513,1.574191202797462,1.1798502405800857,-0.6550914143966527,1.250483966223783,0.2882482213535533,-0.24553427732134028,-1.4336935696247466,-0.6547582936314534,0.3117406523109557,-0.8116196845574563,1.3189879407997167,-1.2981880229688396,-0.8348069384925145,-1.2417508575859046,0.7165175138153772,-1.3835604367719712,0.3621986449114262,-0.47482930390393785,0.02678939238163765,0.6999718180287414,-0.021417621741017055,-1.6885869822251298,-1.978079860110105,-0.27599661343334747,0.6923727252036421,0.7066739676336223,0.06941851385926105,-1.4815197799573228,-1.8596914976901526,-0.5347568855869131,0.5877321707015979,-1.656129413663416,-1.6561293843378744,-1.4573158796351662,1.7406407220389897,-0.785375783032262,0.4048110830507395,0.6015349030473627,0.7128626730431882,-1.2921344951479614,-1.2219813302574851,-1.3169248544548224,1.241218666581121,-0.003642388591524551,0.2920443649833685,-1.6865960857149522,-0.8998879811036493,-0.18024171848554335,-0.8100394590695188,0.15603247239904972,-0.9633515492559476,0.13042580215531765,-0.9087295278743169,-0.8055600776022913
S13,baseline,0.10807837380177591,0.7631316372035074,0.7602120537533836,0.1320889577637804,0.6966559058988838,-0.029739384386643208,0.1636895182142271,2.139843780833172,1.8843500413958916,-0.01158778612724541,-1.5520559755781798,-1.7788314443482034,0.00959843514092768,-1.5377287292601791,-0.03762270433052777,-2.5557514435008777,2.767120873543942,-2.233039618880291,-1.9580556268196925,-2.3076634005625043,-0.7583927682473126,-0.7063459863429805,-1.115888030997312,-0.32323407776864743,1.8915544907543114,-0.5897989881364362,-0.734925568995053,-0.7393318248501883,-1.1379779281516893,-0.8829748198879603,0.2424394970136782,-0.6899464612583971,-0.555808507151515,-0.5558084842864349,-0.9426042016121686,-0.03882470011983581,0.7249622612605501,0.04762483330008685,-0.33384260817317074,0.9321923420876648,0.027263158580975166,-1.7904108324107209,-0.7073477085316908,0.41094112922346715,-0.5420299955607272,-1.4393941946058655,1.1577414009540894,-0.7754810370599045,-1.559264015393245,-0.9366611043624542,-0.9674013288741146,-1.745853026912985,0.019528668030168634,-1.6655969182918264,-0.8055600776022913
S13,stress,0.7809025223722394,-1.2792548234204835,-0.4255497955819497,0.7675830860227808,-0.381901032035039,0.9661317103636811,0.1636895182142271,0.6917503076579097,1.2313517775964555,1.1212228634213648,-1.612655516573531,-2.1973387606938024,0.35837508921716654,-1.603341384336365,0.333691298982182,-3.0115786303988052,3.4056872289771594,-2.563728002525928,-3.42340055610371,-2.5570742747036026,-0.18179515078884323,0.25519284401729425,-0.12427156019876723,-0.1201936570002088,-0.9312543565164922,-0.33336464546842054,-0.03771527191143924,0.654267871822901,0.3168647809805765,0.9405759987746434,-0.5879070171356341,-0.05110714527839962,0.450438577562803,0.4504385918090269,0.5449558989100346,0.8347310525763192,-0.08055136236228302,0.761997332801392,-4.683448063880348,-7.930923286926265,-1.6829078229474386,-0.6283684130766727,-0.24898591279105287,-0.9083681453146456,-0.653678292745841,-0.10253911773423012,-1.6543208157003648,4.312621860228081,4.704766648795075,5.19308748823035,16.539442074299362,5.803602611856271,10.314388593670595,8.519578170872858,23.80877562691216
S13,stress,0.3649596476731062,-1.076246732832811,-0.5772706712820744,0.3672113769688113,-0.5818055386797053,0.10756874428710526,-0.24553427732134028,-0.17024310613834487,0.30877438068023844,0.2391848708804641,-1.5691760781613413,-2.153724539018483,0.2595632812100975,-1.5547415671922062,0.2434323402840481,-2.907774300917957,2.767120873543942,-2.294373535310413,-2.547988758682823,-2.4713087353663186,0.6230453189224082,-1.2832117142908908,-0.7605529581429898,-0.6066220447235271,-0.7221267161017167,0.6923727252036421,0.7688851745333338,-1.0655465088773424,-0.37283259049101103,0.06458613618879315,-0.6538187934627364,0.843267897093597,0.7672881347952138,0.7672881419668032,0.6142698356279553,-0.10353253365288832,-3.4032950598064695,1.8335560820533499,-5.603385010829953,-7.870563304886714,-1.2439629543238349,-0.8230507492227739,0.05468285134504669,-1.6756768259453514,-1.3109546721517236,-1.1884642416650595,1.2663870982047265,3.1942918140485723,4.687786342385741,4.256951285082114,17.007539491496512,3.784272794644579,6.883408901069287,5.24225901099662,16.648241603780683
S13,stress,0.5515837638496721,-0.1833851959496993,0.6658058048795293,0.5504874634610202,0.7268874239686348,0.33620481789635104,-1.063981868392475,1.213118501272334,1.1976776474308337,0.6014767489179283,-1.6150502065142995,-2.2757712797512095,0.19260720124367775,-1.6019584560950977,0.175037646424405,-3.086386033074232,5.321386295276811,-2.5793407257742604,-2.6722346710749783,-2.6378271881331696,0.2680788041703806,-1.2113377435680874,-1.0983351828086623,-0.5974381754240635,-0.7099950356119873,0.43593838253562645,0.30943385036750354,-0.9141509995426946,-0.771830715700459,-1.3117933545528881,-0.2638837366731739,0.3321964443095989,0.6395946333320564,0.6395946375590761,0.3487828321280695,0.7376693022767297,-4.8129439011464275,2.1907423318040027,-4.856195686768533,-7.898093638819266,-1.6273950726771642,-0.9839970445490485,-0.17908146570847083,-1.0757165084169256,-1.9449430964648677,-0.14054843300469408,1.4319623062096993,1.3020242849642885,3.6810966357928785,2.2314583701965898,12.420184802964426,1.9052078877913263,3.6145702635861237,2.4910693696974735,6.354973945529184
S13,stress,1.1827948976765177,-0.8079556627003904,0.40997138471593436,1.1751416360193288,0.33770160678727634,1.3875000703843525,-1.063981868392475,1.553759909820108,0.38019970943606857,1.3294989710999907,-1.6302246734341368,-2.383426242721959,0.2485026061710946,-1.6174800828617122,0.22880327548940013,-3.215314775676535,4.682819939843594,-2.6782097158487197,-3.688973372714971,-2.6786289014301983,-0.025713396622921367,-1.5473151772025415,-1.2366322050728944,-0.7415195347615512,-0.19204448876041033,0.05128686853360295,-0.08269539979450943,-1.1675616926577235,-0.26315225636297185,0.07382653558315909,-0.5369357191427314,-0.05110714527839962,-0.1364410762868548,-0.13644109371900734,-0.21428797970400326,0.9641467196424026,-3.9570856760471673,1.4763698323026972,-4.660002999825001,-8.062207320840544,-1.642009685052601,-0.8446648257471229,1.1765636914298514,-0.3033307110706854,-1.6964179686543601,0.8835451282102345,1.410799649929889,4.164527348471611,4.981487581784714,5.205957253427668,20.752318829073726,1.3190818122403056,2.8951417750398405,1.7648893868285824,6.131207257306325
S13,stress,1.6395567186491244,-0.7668729343396606,0.3990526520805633,1.6479643973121376,0.41383643089164707,0.7740781337577584,-1.063981868392475,1.15228135929024,-0.7708965529595165,1.0102529580591768,-1.5933337290929135,-2.3636365399024997,0.24593618141784973,-1.5844859092293142,0.2353629417776191,-2.9862412567312924,3.4056872289771594,-2.5726496943816404,-3.8777176247941503,-2.5451734675942634,0.3515814738099792,-1.5302097184583905,-0.7338030451300591,-0.3953930508358623,-0.7533951988246327,0.43593838253562645,0.36843551448013867,-1.1479365368389671,-0.2204490760148935,0.9287834890713573,-0.7364364161151324,0.3321964443095989,-0.6169604088408879,-0.6169603949148537,-0.7527233100815565,0.4141301346114886,-3.3529504583300427,0.761997332801392,-4.57657526410913,-8.110877186653878,-1.5763702669455266,-0.2090524927087625,1.4143651599958142,0.1516052543196479,-1.1530923399652107,0.4951592883378283,0.9259243687455189,4.365248416927788,4.8869574284422335,5.325671180815756,19.53526554436113,0.7124706440126566,-0.6787936064774817,0.5737087440276413,-0.13426001293371548
S13,stress,1.5085577281872502,-0.1864351341795499,-0.7256072847859071,1.4761768414048968,-0.7774092847121588,2.3783172241938026,-1.063981868392475,0.9812965838743016,-0.6951376091444053,2.136411861653978,-1.57009784675927,-2.3916435917348036,0.23119705373351865,-1.5564597711492416,0.2153056018030259,-3.055495867152242,3.086404051260551,-2.4265557392533315,-3.4324606073674406,-2.4767699562803926,0.16229461379795707,-1.1516319802826165,-0.5246756090198406,-0.8491928147919017,-0.49008851215919413,0.3077212112016186,0.25831001859689384,-0.7374288263258623,0.31823802498902704,0.5750081979727925,-0.21965111137677712,0.3321964443095989,-0.7331013163213367,-0.7331013670942541,-0.8618889399324206,-0.23294820071899333,-4.007430277523595,0.04762483330008685,-4.188853606924324,-8.037786466078902,-0.9695211598298897,0.27130940664984726,0.6964878836771234,-1.1227283682131373,-0.7018796962739824,0.7351064254638173,0.44065566067559614,3.8888770262231906,5.278930123995842,5.127997155852387,19.06716812716398,-0.12856408493989066,-1.536640594042189,-0.3148334046308134,-0.5817933893794327
S13,stress,0.8041459555210647,0.03866002847129957,-0.7110408648218022,0.8038577828111386,-0.7204389496526692,0.8844256975060742,0.1636895182142271,-0.6947500589423268,0.03039968360413418,0.6294179040194832,-1.5935163452027825,-2.37750000042125,0.16936103400282262,-1.5818058297832502,0.15533880968739602,-3.0070639337040346,2.767120873543942,-2.495508638418146,-3.4291619446166917,-2.4747731091452234,-0.6908285533434039,-0.043194471067913826,-0.5968736384918221,-0.8417290987897978,2.9526388455583334,-0.7180161594704441,-0.580908028899871,0.22712174048529515,0.7076657760404035,0.25071418113244204,-0.36741600103609506,-0.5621785980623977,0.3967698803033743,0.39676975114655133,0.1451018805338272,-0.07117861688637284,-1.7419232110843763,1.4763698323026972,-5.162184252572419,-7.946953277544417,-0.506120452920018,0.5990605847694392,0.9943945245097706,-0.7697258136111668,-0.5604538625098262,-0.2040341917523693,-0.768815330388441,7.009285266274901,6.829784018513015,8.586496957805037,24.49709816665094,0.3394425297832195,-0.9403935238260049,0.18986209087896166,-0.13426001293371548
S13,stress,0.49041544686880084,-0.07333522164183813,-0.055186752676030806,0.44037332030970616,-0.05164084330399276,2.043657369098451,-1.063981868392475,1.0043718630354121,-0.33979316234978185,1.7237153987329286,-1.051669146419322,1.0738753627464526,1.61815842033016,-1.080593840830076,1.5484096196334602,-0.08707382928249878,-0.10642772590553642,-1.4920443774872827,-1.9502516042492233,-0.9505015388884064,-0.7112082017001728,-0.035791496093045966,-0.17558694528426474,0.2162526445084192,0.27043014437210294,-0.7180161594704441,-0.688640386543403,0.07773669932096698,0.11634935998448656,0.33272572588710897,-0.0034103989847078424,-0.6899464612583971,1.669008932371079,1.669008796156934,1.5091865862737825,-1.1065039534151484,-2.6984706391364908,1.8335560820533499,-5.007729793626168,-8.05960419734875,-0.9688304871427357,0.8874351074797151,0.49632831224801977,-1.380489291828092,0.13143915764678998,1.7140458177450213,1.603099454072589,5.609701791349021,5.645502526011558,6.749187140484458,18.224592776209107,0.4922072276348217,0.5094455641114596,0.5272951707624286,0.31327336351200175
S13,stress,0.6294413682218671,-0.33137169263349686,0.38389472993184387,0.6337176759018954,0.3554653799177284,0.4212306621377562,0.9821371092853619,-0.5126433119382066,0.3843950318517775,0.45598104108181614,-0.11989849956320425,0.7661534923894532,1.148967575332062,-0.09008130908712324,1.1208077086689416,-0.7032787002471373,0.8514218072442897,-0.3308112531648291,0.31565286543460924,-0.6909106993052186,-0.4296033462087013,0.25300314911446337,0.9806200741696501,0.21422585955957232,0.11207507890268435,-0.33336464546842054,-0.4268912476318436,0.1761935844238513,1.0893656854168436,1.3446246207135308,-0.26952688456479656,-0.43441073486639814,1.3408083378245799,1.340808272189125,1.2489083666143077,-1.4623970378469262,-1.2888217977965326,0.04762483330008685,-4.943228298897471,-7.903487494353074,-0.6664531620504641,0.5246184114362208,-1.4197397640717435,1.0648886225672067,0.7025990101149252,-0.36686141431520886,-1.241174522483882,2.153375431154111,3.4544683155595823,2.842494316866765,14.854291372389616,0.5421336827558466,3.283906640056057,1.117898308451342,6.578740633752043
S13,stress,0.9585285390337928,-0.7884731914839391,0.21878577071723937,0.937541278061376,0.31657801663133167,1.9335095524142771,-0.24553427732134028,1.887297318838194,1.385950326112542,1.8692947112084293,0.3814390418005625,-0.9692944056080431,0.2789190961849594,0.3764332923940561,0.3275654542489776,0.3129739388667563,0.532138629527681,-0.10942765754167494,0.05986258264215954,0.6373825542666183,-0.4797884312486429,0.6334832421439079,1.7045698801149922,0.7442123448677638,-0.10066594207250917,-0.4615818168024284,-0.5017149038968507,0.3521326411248317,1.706782860286549,1.5773715227520604,-0.6353788592197388,-0.5621785980623977,0.580577425569928,0.5805774446841643,0.5030660062209632,0.5435458016775937,-2.346058428801501,-0.6667476662012184,-4.244358813130309,-7.959966980919003,-0.6117783651511866,-0.4533336897133105,-1.5817314597836085,1.597609307548556,-0.09541041202159072,-1.080071613062544,0.1231608739258893,0.005781206015747628,1.119162176715669,0.255294855511387,2.0284221411876566,2.644713218373718,5.70591028685547,3.7749001281759593,9.711474268872063
S13,stress,1.450666925030636,-0.2218727748235958,0.6967798673335496,1.438145662999402,0.6802611470633603,1.8329213961052235,0.1636895182142271,2.763457991765545,1.3066373523868218,2.0107834778816627,-0.1348171695270596,0.47557363190579466,-1.0016142536193737,-0.1096595422233737,-1.0533190002946549,-0.7048598120141564,0.8514218072442897,0.2542086470150724,1.030804940420985,-0.3268728398310942,0.45119986510174365,0.24907407255274533,1.076587757679054,1.203329085786651,-0.4010339187452398,0.3077212112016186,0.5095256665971364,0.34275863879510876,0.3391772622105858,0.38337991529440335,-0.395162206808065,0.4599643075055984,0.32202136669175774,0.3220213890073552,0.2573858205020505,-0.2653021174855088,-3.655018067188605,-0.6667476662012184,-5.43935067775625,-8.318453389313593,-0.6875296802370234,-0.5002391247196482,1.8383343512759402,1.2021565296995071,-0.947617349444045,-1.0675908469372692,0.9772271282149212,4.2728619195860125,3.6280401720731037,4.673118949178091,16.539442074299362,5.184691809630354,7.1082892192908425,6.651665128849756,13.963041345106378
S13,amusement,0.4682843366272631,-0.760169683870362,-0.7255253252958738,0.45984761997122664,-0.6682320857025138,0.7187530728936335,0.5729133137497945,2.040603929296761,0.9610425999131766,0.6600303294551777,-1.2075074860475412,-0.5572675844988425,0.9634656887850315,-1.1942619460438755,0.981462659262341,-1.7779313495981186,3.724970406693768,-1.8209753289546584,0.29731438059470616,-1.6577257593956967,-1.4335823612490768,-0.6549920962003829,0.10305314667818069,0.65120069453102,-0.6769127209883775,-1.3591020161404832,-1.2636010737326115,0.24214605756816074,1.0345392657373633,1.3863328655588354,-0.3564303461278998,-1.3287857772383946,0.3888750167719363,0.3888749874757216,0.42566175043967663,0.2847144675454052,0.8256514642134042,-0.3095614164505658,-0.710905364411428,-1.0648997196721806,-0.8844934782948677,-0.4218997622163561,1.4273827748288825,0.4788796987340744,-1.7548603120126267,-1.6781708138984743,1.858942917595625,2.7547465369518513,2.424994534079159,2.9472737141353056,7.7392106309929085,1.4164724885641318,3.063579959210213,1.8957088483588158,3.2222403104091635
S13,amusement,-0.11772411978903945,-0.34574019272690787,-0.963444302590993,-0.12236691944649224,-0.9127941234830643,0.4092346033246599,0.9821371092853619,0.8662020976685556,1.289559581491231,0.48082987896167284,-0.7851298004320468,-1.3234010954995488,0.06254988327778307,-0.7659186509277494,0.07492730559848775,-1.4549699626168466,1.1707049849608984,-0.6643755671827453,-0.5705735594449585,-1.0604794622144091,-1.7124718168858124,-0.12296726562761877,0.7617864249178726,0.8505518841247116,0.5278423636667805,-1.6155363588084988,-1.5900199814341247,0.3357767108242003,1.1113248389483683,1.804798495601138,0.11891461572875384,-1.4565536404343942,0.6311343135118139,0.6311342716360231,0.607455859676776,-0.23294820071899333,1.8325434937419456,0.04762483330008685,0.2694736912477059,-0.6357910113061499,-0.594062324652082,0.3682685937521996,1.7866845556397142,1.0701908690706434,-3.074426151788651,-0.8706053590934983,0.823352634115307,1.6158084242011972,0.7471098169613359,1.4896166825413468,4.649767677491707,3.6345728868540474,3.9195464508020526,4.2099467628507785,5.683673880860608
S13,amusement,-0.5421956508551049,-0.7068035212113676,-0.20903521731292973,-0.5610160383337397,-0.195448361566809,0.2624320831023068,-0.24553427732134028,0.6640098036558554,-0.4683547238241714,0.35223568661885774,-1.1319888230103112,-0.8977659955891827,-0.4433077889143432,-1.1181336308869723,-0.4792192647054896,-1.7927408207954483,1.489988162677507,-1.0052724155821473,-1.7922907609535033,-1.4853958317185665,-1.38297302689204,0.48170189213437753,0.771631957536987,1.1684362134768151,0.8157422276293295,-1.3591020161404832,-1.3754511936026284,0.6296431571432076,1.3507188860322097,0.791990376513246,0.39834099340815954,-1.3287857772383946,1.108824249092982,1.1088242607234204,1.1475766897862754,-0.07117861688637284,0.9766852686426855,0.761997332801392,0.333553485868217,-0.37677229433722814,-1.2562831181636018,0.6555419446979296,-0.39320711223960464,-0.8704847753508087,-3.0898922053507722,1.2667683822747244,1.0105535947309987,1.0404570490408966,-0.02618041400439746,0.8299286675199551,5.211484578128289,2.963157719148704,2.4034532917576357,3.218146957814913,5.45990719263775
S13,amusement,0.14627914241954784,1.330222580736625,1.5313893945178494,0.15528619787443446,1.5487196315402585,0.36812114957144354,-0.24553427732134028,1.6421899003633167,0.9559203865906505,0.3793328973152546,-1.343966781718445,-1.5406309052322742,0.33910840519178903,-1.3419889293369185,0.3182964208700905,-1.1741137211372792,1.1707049849608984,-0.40764963832652923,0.9506198030682054,-0.9361876782669266,-0.5053097894881604,-0.4321226545905472,0.46626485005848445,1.1979277123640752,-0.6833957296843349,-0.4615818168024284,-0.43176600685507227,-0.06556810676495557,0.8878874803308865,0.17158023443934114,-0.7044288710969231,-0.43441073486639814,0.4939933012360293,0.49399309686835163,0.528882157005358,0.7700232190432666,-0.3826189712208454,1.4763698323026972,-0.41246608915993077,-0.42074253192300476,-1.3143641254850413,0.37314655307834627,-0.23779412645791964,-1.2077122849866435,-2.385567463456559,0.35164029935611246,-1.0073555031551176,-1.0051698830873734,-2.1454658280261505,-1.1918311849325447,-0.7801623619952538,0.9147727601717168,2.1311286224311004,1.2177128511815987,4.564840439746315
S13,amusement,0.7084963840931254,-0.4399304833265282,-0.39241597943881446,0.7037650519915641,-0.49351914531813884,1.2205923218087287,-0.24553427732134028,1.7940913571421446,1.2751133011069102,1.1104184342719,-0.5120722418752552,1.4580157325545613,1.8418628683602427,-0.5265892023774669,1.8169670216062745,0.12086129273004122,-0.10642772590553642,0.13132577630324274,0.8013491227644323,-0.03103993913228197,0.09054571270595851,-0.6965702633061303,0.17739450145620764,0.767995811712329,-0.004059527795418303,0.1795040398676108,0.12415376407511104,-0.6601422563631664,0.5067674615319401,0.4133366939761369,-0.5451154412991733,0.20442858111359938,0.06875793158892671,0.06875795416348823,0.21297836657291602,1.9671181394046626,0.3725500509255606,1.4763698323026972,-0.7621481291150826,-0.35926250344668875,-1.514042974076694,0.2765774704886204,0.14962540971011323,-1.579549680265929,-2.9010299777786175,-1.2560276374331423,0.8719344888710783,-0.6404599839234073,-1.4423689112245033,-0.8095472379627285,-0.12482597791924135,0.43668446474507483,5.349293853732446,1.5713528424949361,11.501607774654932
S13,amusement,0.8835563464129089,-0.41990145929584577,0.6668740210268608,0.8665219355964248,0.7195382464666313,1.152656615982696,0.9821371092853619,-0.20712977119821757,0.36475598318143543,1.126874435226655,0.01915293756023446,1.1665774249684353,-0.10046979684748399,0.061144665659010076,-0.13394287293367368,-1.1318716902778636,-0.10642772590553642,-0.36805926834815583,-0.37326677321399304,-0.8073050399333973,-0.30110924938186506,0.549454359268822,0.047618850715274455,0.3256990317461666,0.9074391018167081,-0.33336464546842054,-0.45108824331973657,0.6538592955838555,0.38386549590962327,0.9140428519422507,-0.6954827337535663,-0.5621785980623977,0.9943150768155953,0.9943150950143643,1.0262736877833556,1.0612084699419921,0.5739284568312689,1.4763698323026972,0.3328697572553499,-0.43506807116894575,-1.5260012478995657,0.24478945569296387,0.21938757625843533,-0.7314250261252948,-3.8770882246166654,-0.8852608715739685,-0.19964854840338525,-0.20367128024660022,-1.2684743266555927,-0.4235643484929551,-0.031206494479811005,-0.7069864654916777,7.318870009396602,1.1335304503957109,15.976941539112106
S13,amusement,0.963146642407001,-0.8169127012884695,-0.6341582616294803,0.9591029377994605,-0.6504241378284686,0.6712019360346633,-0.24553427732134028,-0.07775967682807687,-0.8448253230341592,0.689984531507597,-0.3786195034639088,0.3368521120094372,-0.44902140428334253,-0.41045553716599237,-0.3851618291082248,1.3913983458837744,-0.10642772590553642,0.7757425809271965,1.818377271992112,1.0740100527526741,-0.9018403619692779,-0.10205773105868662,0.31571802415474876,0.5362594680986216,0.7554512332322584,-0.8462333308044518,-0.9741688074745818,0.18653752302628612,0.6160286498043821,1.4872589486043124,0.9037910341983416,-0.9454821876503962,1.6953578771639406,1.6953578710058435,1.766875230965396,-0.4917795348511818,0.8759960656898312,1.1191835825520446,0.21310225890297807,-0.6673198560157811,-1.454839814975382,0.36440519641240937,1.0490930642494158,-0.473254686529085,-4.231203695156319,-0.05674027865623566,-1.38680322328584,0.5693137689320521,-0.6262421579080545,0.3210242000051668,0.43689092271734076,-0.9018805333040938,6.8402112107013595,0.7811706872309901,12.844207903992084
S14,baseline,-0.9876269496012247,-0.9158647837559041,-0.3247677186281724,-0.9968709381773138,-0.2919894011317575,-0.5371367819676468,-1.0470493610260994,-0.13535047674096307,-0.4892178437505938,-0.7664306403676661,2.0808441571289364,-0.7846564504625111,0.2199994492592396,2.0180184850363,0.26296606422443397,2.1175328094484307,-1.4349331269715704,0.5922317038647295,0.41746201873883765,2.2488678187068087,-1.6504748863577015,1.6240399701708899,1.7556926041389271,1.3740825132026198,0.18841962649767754,-1.7048691877585282,-1.406148629346367,1.692362293065324,2.2928145358043177,1.8336549692275421,-0.3193269702196076,-1.5306910904504885,0.8733697600226901,0.8733698583256463,0.8629985891379196,0.13410699953160252,-0.14364907838003857,-1.6707472825970935,-2.5766144466650482,-2.247750420189623,2.218812338737515,0.19808185240871654,0.5342205621686902,-0.97056829636219,-2.0586793179937994,0.6454593736339937,0.4109726622311342,2.0841381172565656,0.12670555238856865,1.9293386713702387,-0.280056016805598,-0.6985511117243572,-1.4523179929717565,-0.7906144478355855,-0.6903591418101531
S14,baseline,-1.1573744224283733,-1.458637381206863,-0.07818058257176884,-1.1458162250959862,-0.08786776306735776,-2.009301121408967,-1.3225886665592834,-2.251960252431156,-2.1511419284766653,-1.7417981220332155,0.1733454787809581,2.422961581675553,-2.0981547570117405,0.20247426117642484,-2.2328304913031722,-0.09520436690490011,-2.0679918594590276,1.8472370150604436,0.09444677700654246,-0.2653160379149495,0.30014191439217125,1.208425452345306,1.2586933697064553,1.1305093193474036,1.6916983376470673,0.10882143751650071,0.5759823025136996,1.4621039423856825,2.049064406436668,1.774450480861262,-0.5906424058833509,0.3478843387387486,0.8463955067575103,0.8463952909063276,0.8276082880212616,-1.8372658935827026,-0.8170041332864717,-1.6707472825970935,-0.6440446997347485,-2.639794675774211,2.2385787691037997,0.27462749164111727,0.5690634081454153,-1.7323655217735838,-1.5485626094162543,0.43145960194607813,0.010199039327113985,0.325176372760031,-0.10410503121870969,0.23610367744866448,0.14002800840280497,-0.7811078486414971,-1.413054175792052,-0.86063920370271,-1.0355387127152296
S14,baseline,-1.1583938144593238,-1.4721174238788914,-0.07659509955874667,-1.1464814653601147,-0.08735979183681285,-2.031526989679129,-1.3225886665592834,-2.2466158713732227,-2.1484632574828026,-1.7446609857684967,-1.9981817238030457,-0.10641371643539035,-0.43807480161586254,-2.0426751988445946,-0.3660044164264145,0.9402726964687678,1.0973018029782589,0.39528335458070357,2.042011986554301,0.18423585156176908,1.4668782770687323,0.19613173673414278,1.851864972463055,1.0595553889634943,-1.285821369754599,1.378404875209021,1.4824531046467824,0.1044382739726275,1.1048349312859649,1.273154110156148,-0.22605700427162975,1.3915373549549914,1.3706355079932706,1.3706355705785191,1.3297453737066411,-0.22798189920365997,1.068390020451541,-0.8956583370623592,0.6522905958328318,0.18940388891424254,0.3427308184451037,0.5211070166069903,1.8307134992699738,0.5415998101721339,-0.7752991667352922,1.9470083771082394,2.4684032935859714,-1.1574175310382784,0.12188500646390467,-1.0726023951750283,0.14002800840280497,-0.17765158388373092,-0.45107680063610917,-0.22734879946586165,-0.5177693563576148
S14,baseline,-0.5765998083088562,-0.03338208163828227,0.9083587091763291,-0.6210730779484794,0.8035010641352072,0.483787097609644,-1.8736672776256513,0.5500571759849021,-0.4881293500042272,-0.1556650124940207,-1.1772320566021413,-0.004567607925565763,1.3249922140627102,-1.156696873822203,1.384814430073783,-0.9121166773519076,0.4642430704908015,-0.02944586040502003,1.7915890293079613,-1.0717437020185054,1.0581962802347546,0.015826577003810568,0.7391100173879366,-0.10166625219757977,3.530306950355918e-05,1.0156667501540153,0.9163328821126574,-0.1841835168328371,0.032728023035689946,0.3006729083195851,0.10008628426778016,0.9740761484684943,2.007830093727409,2.007830090088579,2.034403188664803,1.2203736957374436,0.395034965545108,-0.3789323733725363,-1.4436754181903901,0.3577460365251553,0.7850694216364895,0.8126995555155461,1.000845984742443,-0.7662329609591033,-0.06541998299720336,0.20741021704990628,0.34011693215770467,-1.1079454976712424,0.6451616230054558,-0.864749382447364,-0.7001400420140009,-0.11770386189769941,-0.6518766848158308,-0.19653696718828106,-0.5177693563576148
S14,baseline,1.635390094505604,1.8314457154102537,1.6997493144798854,1.6706853538596862,1.7734352270732463,0.4028203443280348,0.8817257777061885,0.3932537122863955,0.8306183792740558,0.542750472114755,0.1100505681339996,-1.4613917909999088,0.34273298276349395,0.1294990003935091,0.29100706071339993,-0.6393383205899688,0.4642430704908015,-0.3962804486632706,-0.863478735573173,-0.607988249368886,-0.26436009300525354,0.07138216904553228,-0.7837875830270561,-0.5742771146766872,2.1438229013938415,-0.2539166875385051,-0.45841206028144804,0.07763645081762986,-0.40415282800321795,-0.4868765087204628,-0.24534502756320117,-0.48703807423424567,1.115482711683462,1.11548271551336,1.136372138075076,0.6571242977048042,1.0010545149608978,0.13779359031728652,0.970418255714638,0.5507689405456188,-0.5992361932678772,1.1447025772140547,1.6876791601932566,0.9304037165479806,-0.04503121931584222,-1.3415226650137024,-0.7003765924842126,-0.3121333265621289,-0.38657932039751924,-0.4275359372384963,0.9801960588196108,-1.0386800481594989,-1.2482127360488617,-1.0749526475140712,-0.5177693563576148
S14,baseline,1.7715940751222667,1.64859424813298,-2.3312967697634064,1.7377818973847368,-2.2667490105837635,1.282934784102306,0.3306471666398206,0.8282044503916762,0.40707334305911796,1.4081112373527407,0.47237143128938863,-0.9542711172241576,0.3560649184429766,0.447516230692343,0.29087126706904054,0.4910969537682569,-0.8018743944841131,1.418177867706526,-0.22850927394020787,0.9593745241977911,0.35508831556415604,0.5219595740609904,-0.17241334922154128,0.3391000958345556,-0.2701113050436631,0.2901905000440036,0.24469457213115234,0.2366813515948727,-0.534939819785681,-1.1827838117776712,-0.82352570371321,0.13915373549550003,0.054733018413855125,0.05473306783556268,0.14767232271956324,-0.8314633970958177,-0.3456555948519685,0.9128825358520207,-0.3344941997970348,0.3873674335314477,-0.5860218010394143,1.3455494159613246,0.04616596191456878,-0.7587352424305516,-0.14735692050849705,-0.6072036890170247,-1.023975228009126,0.05850070457905346,-1.337838219050042,-0.28753425436831925,-0.280056016805598,-0.6017403771470556,-0.4929154929672117,-0.6092097347815851,-0.6903591418101531
S14,baseline,0.0003226393755720794,-0.16687042050629494,-0.3234409484765341,-0.013758857929923178,-0.3486089411019012,0.5613086343490054,0.8817257777061885,0.43886813248953,0.5667040446658673,0.7238966943031371,0.8511896396559185,-0.5594813953864269,0.4626583316931968,0.8295568976734484,0.4546304695661225,0.5999999489515387,-0.16881566199665582,-0.9791440158321583,0.3411885787256745,1.11973807132584,1.2137499256816537,-0.3216586851158266,0.6212232075805973,1.0125377242512636,-0.7554138488094296,1.1970358126815182,1.1306238193105291,-1.092946263788111,-0.3644315326413298,-0.7902751195045512,-0.958272913929894,1.1828067517117429,-0.4576804552752201,-0.4576804365612908,-0.38088404500184986,-0.7509991973768616,0.5970414820170379,1.687971481386755,-0.01694203697755411,0.3533349580887917,-0.8581081204268728,1.0690213507251396,-0.7320169563503199,0.22414235098208626,-0.3407308965677438,-1.8120296379966105,0.0673171916965622,-0.7163889072088682,-0.9342594336120834,-0.9271137251651358,0.14002800840280497,-0.787868833482939,0.2393630407709582,-0.6832477730843532,-0.17258978545253828
S14,baseline,-0.41141229535244467,-0.5365056760384151,-0.22670509681260878,-0.40677658136103306,-0.21188883326164265,-0.07953739010021653,1.1572650832393725,0.19238218647635585,0.18448491610682136,-0.1445539444837023,1.0154797362666128,-0.33857294111373515,-0.3396806289285236,1.0278451169312934,-0.27874381101061924,0.3877273510120466,-0.8018743944841131,0.9940528300898424,-0.43537045461425694,0.3971196497556147,1.028697831231415,-1.0778217259300364,-0.4987915521397041,-1.7521009608278544,0.8602805720461618,1.1970358126815182,1.1017005699978881,-1.3176216938345966,-0.5602942736114781,-0.5024354118375968,-0.6816273381415302,1.1828067517117429,-0.6762075446026237,-0.6762075268845738,-0.5807516702256006,0.13410699953160252,1.068390020451541,0.6545195540071094,0.7980022619454891,0.2494690841628969,-0.13096687769286805,0.6024931226369737,-1.210916375162329,1.0331482190191041,-0.41993759372623257,-0.01213745103832896,-0.23908215065245472,-1.0596288572882555,-0.5888206224222596,-1.1683409237713531,-1.5403080924308068,0.6708462228791916,1.3238872295093165,0.7791359330496693,1.5533080690728445
S14,baseline,-0.06552087210952491,0.28714176965099386,0.5675656637486115,-0.06102894512786495,0.6470101201458623,0.06340035702346299,1.1572650832393725,0.19376127687514505,1.0298221769061113,-0.12799966729588955,-0.016241170293121065,0.42627004863529255,-1.4618009918530461,-0.0017180177369636462,-1.3899623836597306,-0.3673041900674693,-0.16881566199665582,0.5763997656399871,-1.0159427965546866,-0.6509469921747335,0.4335566513285162,-0.7330859538183132,-1.1597128424593923,-1.538795504715662,-0.7342963025214472,0.4715595625715065,0.5062915633564173,-0.6650979583699866,-0.5886810005075129,-0.12350718908616291,0.33559253872367645,0.5566149419819971,-0.7080333108716177,-0.7080332917552401,-0.5952979453790914,-0.5498386980794846,0.32769946005446465,-0.6372953552174477,-0.012206701473449212,0.49489704924384287,-0.14939838777314693,0.18054766946533707,-0.5229977404322275,-0.09001396164862212,0.14246679839035953,1.0284025753583952,1.199629644228299,0.3589165469850639,-0.5681076241278923,0.14942876528341603,0.5601120336112079,1.4473659497101026,1.436740405010127,1.4895929058316009,1.7258978545253827
S14,baseline,-0.21080583660171842,0.32198298355640265,-0.6413265203785785,-0.17753094480531348,-0.7037463649207861,-0.22286750226577745,0.3306471666398206,0.12335425946168412,0.8852230474859781,-0.3780475834704037,-0.9438635887702601,0.035347276963422526,0.3597634530549784,-0.9482116629674477,0.33229120461930634,-0.863075759918293,1.0973018029782589,-1.8802721166002687,-0.982538837039993,-0.6059050763408625,-0.16187372526699678,-0.6954953469550846,-0.576050445655345,0.36121933729026817,-0.27724723363824566,-0.07254762501100219,-0.27844345530335524,-1.1346430967201937,-0.5573503339060156,0.28533641967196294,-0.9871465716674495,-0.06957686774774853,-0.8386514027341176,-0.8386514264934704,-0.7567567860295676,-0.8716954969552824,-0.4129911003426118,-0.8956583370623592,0.9504852440494106,0.5272776166665005,-0.5607430999613606,-0.07413763059299472,0.011478252672990795,-1.1796123900836641,0.4647961927756117,-1.0466345378957982,-0.8469289243094733,-0.3493365539959814,-0.11165820695520834,-0.3902610175869305,0.9801960588196108,-0.3292532814437289,0.20081438285724051,-0.28074710314711687,-0.17258978545253828
S14,baseline,-0.8672282976958527,-0.8022471799946039,-0.04559901922686868,-0.8505445544826061,-0.04843313142133055,-0.6378948933185841,-0.49597074995973134,-0.5046734190805076,-0.5331404533787402,-0.7005916744013639,-0.3071603791443571,0.5125961818273665,1.4351442250830366,-0.299007308926032,1.2915738258523415,0.2627951223989673,0.4642430704908015,-0.835002108237707,-0.9726341935779008,-0.2619344384829507,-0.08018705146600227,-1.0995625530223172,-0.9951466384314299,-0.07010587109613553,-0.12358157561890692,-0.07254762501100219,0.06442821171717733,-0.6626771091154083,-0.7464085794893287,0.5959003147863091,-0.1577251093690552,-0.06957686774774853,-1.2716189894253092,-1.2716189995073999,-1.2601783686154697,-0.9923917965337032,-2.635062781533841,0.13779359031728652,-0.00852356296639599,0.30720824079581194,-0.3248172892534665,-0.482842547096674,-1.4429721715864015,1.812234861016781,0.39376467899343753,-0.7212351468620629,-1.225934473540831,-1.0517530449221648,-0.4372245341315348,-1.1246039327927009,-2.3804761428476127,-0.483660095517925,-0.3187143400118251,-0.48394987354318747,-0.5177693563576148
S14,baseline,-0.5988843938480289,-0.4499274697431519,0.4375922900873649,-0.5861867625307293,0.4441537161738249,-0.10654897953286407,-0.22043144442654738,0.38852254761130894,0.36299564714184357,-0.24311742694718688,-0.3722562070439753,1.2587834967747973,-0.9103439186515058,-0.30436375196070187,-0.9430683289882948,-1.1584307118392507,0.4642430704908015,-0.12332075466369843,-0.9764173079933879,-1.2235420776824142,-0.1445193461222168,-1.2648838610123767,-0.8525065619559633,-1.0765313573310777,0.0062081757553879785,-0.07254762501100219,0.05585584454066564,-0.7480121171716742,-0.8530597871679568,-0.2631920184520755,-0.4656492499067586,0.13915373549550003,-0.8226293174670851,-0.8226293097529606,-0.8506627153798623,1.5019983947537767,0.4623704710357513,0.6545195540071094,0.24970828393014025,0.2553904099637553,-0.65817655578826,-1.0302250467460934,-1.2408031117332223,1.301592032797254,0.4828932995280584,-0.34069214447508317,-1.0349112483385852,1.3034205640633658,-1.0314343986377579,0.9226326557054798,-0.280056016805598,1.087687745086722,0.24654149312942286,0.9860897734484326,-0.8629489272626913
S14,baseline,0.9016446223359226,0.9892826162042221,1.6796901295741518,0.8924598589386484,1.6589607742472001,0.8464076675424955,0.0551078611066366,1.2698230728086375,0.6055588552973035,0.9764402435912848,-0.8093736038986002,0.8898268600070581,-0.001846325851441045,-0.885921183453381,0.08565268286063125,1.3612892283433957,-0.16881566199665582,-0.0716705080272374,0.7153933354165689,1.236017275446915,-1.3496418993351817,1.5813539110872856,-0.6588081457431857,-0.8973334446681273,-0.8988377210736563,-1.3421310627035226,-1.2542226293703693,1.5214891315472592,-0.5936885640601292,-0.6463552656710739,1.6410286603481137,-1.32196048720724,-1.0237451307422982,-1.0237451440724428,-1.0679498935905911,1.5824625944727329,0.8663835039796112,0.9128825358520207,-0.3871460112033931,0.3920103647416352,-0.6245170086635778,-1.3579138045842452,-0.04387948969365481,-0.43474025909207376,0.7257647811113987,0.08656757755305268,-0.5118873388513077,1.3952560751325396,0.4757071563706111,1.3974110086722842,0.9801960588196108,2.220672374803759,1.5138107617712493,2.1917558086430393,1.7258978545253827
S14,baseline,1.395529706714303,0.6786702535785891,-0.7866963840530126,1.4287430641871877,-0.8838707062746366,0.8766031142927381,0.8817257777061885,0.6355130453953745,0.4992012663549976,1.001864016832101,0.2772537481299226,-0.27247857003315157,1.2668334104944514,0.31206364712807794,1.2741653989860533,-1.4005454889439861,1.730360535465716,-1.1020408341662533,0.7153933354165689,-0.8720836288083732,-1.690997578023874,0.984103690427484,-0.5000462126126454,-0.09371073324663483,0.6974155474481223,-1.7048691877585282,-1.778251313743253,0.9318114851053723,-0.3546307141861971,-1.3405569135737292,0.7844591433816711,-1.739421693693737,-0.3762943861578523,-0.3762944017808477,-0.678505517394076,0.7375884974237334,-0.4129911003426118,0.9128825358520207,0.8510233243866917,0.40256697464622243,-0.626617106308455,-1.506325631407029,0.04764396579015041,-0.10807059765625708,1.2805195497641386,1.0285777503082936,1.0117255601809776,-0.2152830849749885,1.9313367807636346,0.44968032656753326,0.14002800840280497,0.7191907441068032,1.0467665787447027,0.7766216666969451,1.2081284981677678
S14,baseline,0.3293655523516763,0.07843483022896891,-0.4583479675966455,0.2763981784491063,-0.3965469581753523,1.1075516590255068,0.6061864721730046,0.12486015984484289,0.43841115680093906,1.349802393067921,0.6437739701697541,-1.0639518563026429,-0.5182875609419634,0.6716203586799311,-0.4573629725768812,-0.724698594775621,-0.16881566199665582,-0.4062058903466238,-0.6425934618728636,-0.5858929882030697,-0.5142546159241158,-1.0107149550214876,-0.029320840030709127,0.8275168598701644,-1.2425711073978194,-0.435285750066008,-0.9028847822821798,-0.22134117265596628,0.07819553679620046,-0.7271869643994655,2.5941516679444434,-0.6957686774774943,-0.09358606132207041,-0.0935860564397701,-0.16781295870915433,0.09387489967213784,-1.0190106497584017,0.13779359031728652,0.9517191111487947,0.42010409813792365,-0.46658890774760886,-1.6973853917482247,-0.5342249499393342,0.19721823947070216,1.9108124066970638,0.5065697993406529,0.07473163277823133,0.44447842289684436,2.199231271560838,1.1781464634877847,1.4002800840280138,-1.129545994691292,0.020244331450627713,-1.0159495374054615,-0.5177693563576148
S14,stress,3.540877403718139,0.9406693195678406,1.7171078266649333,3.5012109637175297,1.7168291392845056,0.7805383184407257,1.1572650832393725,0.05499454376375915,0.09097967539736994,1.4758207030051842,3.2045709665737383,1.3262263699344405,1.044563413684737,3.281722175506275,1.1354375109490724,-0.5022211798787379,2.3634192679531734,-0.4480881138192828,-0.5246955184431163,0.3823085093245317,1.9851399895282082,0.23775420149835844,2.0372482451032865,1.4044244924573845,-1.3124716309761928,1.7411430002640267,2.828300994006387,0.5289269243061036,1.4349357651281374,1.6741502427675774,-0.9221724112327777,2.643920974414483,0.5217659547429575,0.5217660181519949,-0.031590313240089825,0.6571242977048042,-1.6923657046648348,0.39615657216219796,-7.711643730186443,-6.478791641040511,0.3701848715770539,0.7403913820569604,0.7010232529138282,-1.0173460589490788,-2.8704374512873043,-1.0216355668463966,-0.6238436841087421,6.311867502770297,6.964435238492179,9.634089999298144,66.93338801653887,0.08153491560314598,4.910798065222138,1.052798524961244,12.081284981677678
S14,stress,3.02482128762805,1.6517690005768524,-2.164400953322739,2.991517697718009,-2.192994188460889,1.5556183972847692,0.3306471666398206,0.5848518932011599,1.3640964753157534,1.8079830222129099,2.2832863506728254,2.025365804533623,-1.6296522712213966,2.1949645664811728,-1.7402417800806265,2.7758551773507403,1.730360535465716,-0.7387731731935245,0.11065712717472817,2.5640371907571278,2.568403229773905,1.2803082119278302,3.974556340697681,1.8577871057824882,-1.2363313858240763,2.1038811253190324,2.963699133032652,1.2605719740667287,1.944436999620327,2.035787464861913,-1.0297498590785406,2.435190371171234,1.550405179730372,1.5504053040340926,1.3380285026589271,-1.9177300933016588,-0.6823331223051851,-0.6372953552174477,-6.052855803122883,-6.534186400461482,0.37221077751341164,0.8644963833956765,1.0466149674922731,-0.6946819504378794,-2.931986975321313,-0.6167801086477762,-0.9658614913550246,8.765144349888327,6.814614546713074,11.785956800097969,72.81456436945652,1.9544277923762627,5.834929346694816,2.9882921686732233,12.94423390894037
S14,stress,1.8438979141013214,0.8421529669638069,0.527660768161594,1.7089326524880584,0.5221713019035334,2.4529771533998335,-0.22043144442654738,1.2787418062211071,1.0987086095809735,2.8986134871395914,1.953797462187392,1.0522035890446624,1.9570770018197607,1.941948037388185,1.9588467933578477,1.0267527307072282,-0.8018743944841131,1.3781159361625683,0.17412049662733173,1.4335925033714643,1.1119822051102939,1.536806899855904,2.6531849937279977,1.3641381145139397,1.5909517225290486,1.0156667501540153,1.3757853415015069,1.3604193990203983,2.000373157343995,2.8077212263323807,-0.25508489985694294,1.1828067517117429,0.48768890553096994,0.48768897765221236,0.27293486749648316,-0.9521596966742386,-1.3556881772116183,-0.1205693915276249,-5.566503603951999,-6.606497227489729,-0.5797255151683974,1.0282939963434001,1.0475124154147626,-0.7997847246746479,-3.015741341543856,-1.19934156959647,-0.7940502172995308,11.70188678649682,8.057087370787713,15.570910572364387,79.95599279799936,2.665767999789061,3.904932745190098,3.0910115586689426,6.385822061743916
S14,stress,3.9169111512843995,1.640068175752603,2.3934768019197743,3.853670869604404,2.368955317479334,1.5527855272975122,0.6061864721730046,0.25290240814903625,0.6458050889409277,1.813397708191041,3.6441235521787307,-0.8055208163731884,0.7058418603727525,3.617024143328199,0.7381839536601087,2.2640003245946767,-1.4349331269715704,2.013399595099919,2.0581248434303445,2.628094924938284,-1.0703927872611956,0.681214654665292,0.9376722849587417,1.2684197755865547,0.6897969774037129,-0.9793929376485166,-0.9676129874472772,1.4606851317267786,0.9746623105647833,1.6483668482293694,-0.19888847846541835,-0.9044992807207428,-0.8908413902377866,-0.8908413869040865,-1.01218806828397,1.1801415958779788,-0.7496686277958284,0.13779359031728652,-5.559477251928055,-6.433540308452815,-0.6797776892349194,1.4353676182178507,2.2726186166014006,1.6139457021899892,-3.3999485627001618,-2.099645966553883,0.5848183832232283,7.977850910313027,5.341625901638544,9.951702111237603,47.60952285695234,0.22404642158607782,2.570902508560258,0.6151107220104174,5.522873134481225
S14,stress,4.507786994755338,0.7414685380571454,-1.3537713132305167,4.463082769568828,-1.3123297502275486,1.4642508696838843,0.3306471666398206,0.30319983383183435,0.4974686201788477,1.9091487056750784,3.096095951785423,0.11599540757722024,-1.1445973548129331,3.1218160522025733,-1.1587801552566248,0.46384058057718586,-1.4349331269715704,2.1457031526602783,0.28815245028799474,1.010174690431933,-1.0535607911361642,0.6571180174673081,0.71554191887161,1.5762199242942232,-1.4209903103494792,-0.9793929376485166,-1.2266898807069049,1.1685738273263226,0.33142123854057587,-0.3091716081183569,0.39440857893885195,-1.32196048720724,-0.7086529902388042,-0.7086529921007579,-1.2708469751800087,-0.9521596966742386,-5.66516052861279,-0.1205693915276249,-6.348349273339707,-6.439132476396081,-0.0697385366114711,1.920963724507401,1.4091999955943728,-0.31075184320178545,-3.9136800708336437,-1.8250599885748389,0.14606810297157533,13.907451546307044,8.072015925689207,17.630258497830013,83.31666499966659,-1.6204229640230583,1.4413087385700496,-1.2379802575183165,4.142154850860918
S14,stress,3.4934491304197333,0.10492707795965571,0.018173805664582435,3.406163707854429,0.04048881469889338,2.1519622688242275,0.0551078611066366,0.3473764588001455,0.4974686201788477,2.4684947399647603,1.9489417884985942,-0.6976757303558002,-0.4458177726325924,1.9146390839669567,-0.3565543086936351,2.2508109538288865,-1.4349331269715704,1.2431527492691616,1.3633777773924236,2.200324522822817,-0.13483715860905326,-0.9190217229347561,-0.2656124443571053,-0.07010587109613553,-0.8888200502687611,-0.07254762501100219,-0.07299366921567091,-0.8691492769529093,-0.9267901320609618,-1.8886108461284563,-0.4956304417966187,-0.06957686774774853,0.11558991410014033,0.11558996871019987,-0.3508722200890997,-1.0326238963931946,-1.4230236827022615,-1.412384300752182,-5.839020937535688,-6.757755056014321,0.7738783573088754,2.023258734715761,0.6382014652624888,-0.6007716443985776,-4.113790322462328,-0.8223612827967731,-0.77343707631193,20.011776683412236,12.563810806262085,28.136619775770487,126.1652355709237,-0.3867226898344401,2.253579671221303,0.008056555211950898,5.00510377812361
S14,stress,3.7915918298191396,-0.3403243713096358,0.4831481682007359,3.7282157438752646,0.46681368648170285,1.3131345275607726,1.1572650832393725,0.04748023760655454,0.3457909383929771,1.9648619574567674,1.6392623269930524,-0.7171949108529065,0.0798937117542148,1.6143405342770838,0.044078240734485526,0.8974812914211742,0.4642430704908015,0.45723273161129563,0.19878677576809156,1.1981810717307595,-0.07964517311218738,-1.739130893915973,-2.023573805842542,-1.939181774103885,-0.5713326570271275,-0.07254762501100219,-0.18298331159322848,-1.717973784975724,-1.5132766950853254,-2.2556409039908654,0.8706475465222056,0.13915373549550003,0.6910121481251519,0.6910122391587428,0.5323855548774045,0.8180526971426897,2.078422602811191,-2.4458362281318275,-8.098613052614729,-8.294618652137405,1.3803793661570685,1.960108465005952,0.2968967992989185,-0.42228517734540916,-4.349676895603691,-1.8399751222837355,0.13099872515290997,16.578279973753187,12.686613829379322,25.10299728529127,116.92338701633884,0.31626074718662317,3.6134835481102936,0.9282967689166304,6.558411847196454
S14,stress,3.0058145043684577,0.8931284077731448,-1.2436448209413338,2.907578455385675,-1.3888283687187044,1.984353747117825,0.6061864721730046,0.10055934636094788,-0.16246517059433022,2.06847800546968,2.5414653923526633,0.40551995108965505,1.2920965787059404,2.5728389870128265,1.347757509311811,0.4374972136530808,2.3634192679531734,0.4894247284258987,2.351109595059341,1.0601215873203642,-0.6214170171162257,-1.7676094944890344,-2.3554320312265666,-1.9780399009855443,-1.4654467649679779,-0.435285750066008,-0.795801343523494,-2.009338649332728,-1.924476234241795,-2.9904745287944237,-0.7655688904897376,-0.6957686774774943,0.32160191097976226,0.3216019831993914,0.2372866594900173,-0.7509991973768616,0.1256929435825347,-1.9291102644420048,-7.990178468503055,-7.922952175521236,1.9657835749262385,1.700380630698526,-1.2140696643919668,1.1677655099086426,-4.91597296774878,-2.3525794530191178,0.9116808849696052,8.984193868283045,7.307663650150345,12.396181190436259,82.47649694924978,0.682259908814956,3.6170298353666275,1.2547986655988237,8.802079058079451
S14,stress,3.21871876280412,1.1290247059131349,1.4716594597654504,3.1078187773533643,1.533731742146404,1.773777584827105,0.8817257777061885,-0.11992355264486343,0.20942121148317308,2.116989178969589,2.110476655637428,1.2341434735070325,-1.9082768367004999,2.096015164837034,-1.955481979003721,1.3522609858874535,-0.16881566199665582,-0.04232396567662007,0.3982547351805351,1.9528806542455717,-1.24139640387497,-0.5092325588289169,-2.361244800109295,-2.3746148416177792,1.0265150870041757,-1.1607620001760195,-1.442345300011611,-0.8346447912523771,-1.992948317163604,-3.175232697316461,0.135886490145747,-1.32196048720724,0.26325606001680746,0.26325611630192425,0.08917495398263232,-1.1935522958310802,-7.0792061439163,-0.1205693915276249,-5.832941258243013,-6.5523301490079975,-0.1341345900634425,1.4113945567502624,0.045805088087738255,-0.11646463139561546,-5.201369906283245,-0.8296719131725674,-0.027685954284041126,2.6449287701311945,2.6969420467080987,3.4489375534176534,16.103220966322116,-0.8766441661255797,3.092088663829055,-0.2521406852445986,5.350283349028686
S14,stress,4.267677696777282,-0.30392630621725203,-0.28168111012658076,4.171523706685888,-0.35626980024550103,2.3226704510398086,-0.49597074995973134,1.3583539471799602,1.5813567805816022,2.539621892246715,0.16264690385315728,-0.5912206695363762,-0.4977823114750385,0.1368216040957076,-0.5218840024239042,0.6197326766680716,-0.8018743944841131,-0.7720501619689075,-0.24810769609667818,1.0763619845935315,-1.6031610853452065,-0.3916564435268835,-2.3495637867953305,-2.2690186981640768,3.49343337754305,-1.5235001252310254,-1.8405094061966203,-0.7075600930868807,-1.57817040093748,-2.208308973452048,0.8231755792012161,-1.739421693693737,0.5842211943637816,0.5842212680650124,-0.11162599574147532,1.4215341950348206,-4.385785924290568,0.13779359031728652,-5.925578066607865,-6.601790144918397,-0.28322045143018154,1.4595844660737771,1.1498340547805195,-0.7601419056798319,-5.162287645946542,-0.7219584697022625,-0.4127005131138368,8.877031707747427,5.8922122205223,11.178385130180176,36.68733820153386,-0.9687694920911358,1.2264093600701047,-0.6952742065875496,0.8629489272626913
S14,stress,4.962226098132336,1.0993716918145853,1.4651961708021732,4.807126580547011,1.474768305526553,3.0155442657661657,-0.49597074995973134,1.3280210409952444,1.0549990346489648,3.557631615277958,-0.3498414256428244,-1.1568952580563088,0.2208283119175989,-0.3575550136169465,0.13695543558894957,0.05706684655598578,0.4642430704908015,-0.4902670413412482,-0.5883903845349786,-0.3124853761269402,-0.8580721912828522,-0.7875695231968353,-1.5829992452404786,-1.867294239372818,1.17985530563113,-0.7980238751210138,-1.0070523382428247,-1.0858252456485866,-1.2630866631874513,-1.0618985056128045,-1.1247357686601234,-1.1132298839639914,0.12090158385910006,0.12090163664370723,-0.9086047395002009,0.4157316985479357,-6.87719962744437,-0.3789323733725363,-5.525110880428603,-6.453301654693029,-0.5448199293625088,1.7724036781915529,1.7112843246501348,0.2840555855306114,-5.284263158081219,-1.3235932384283058,-0.2612164700127393,10.681561711953057,5.1956849600705555,12.357858593503058,39.62792637799268,1.4422917175292476,2.2280393656479607,1.6305122696348604,3.796975279955842
S14,amusement,5.528267570088803,-0.08006134379078161,0.40139400221050053,5.442601767682864,0.3149140127287614,2.0847729252151237,0.3306471666398206,0.7108518534707905,0.8026670999874559,2.6276587459496556,1.7448241726822107,1.412217604548159,1.286733860919055,1.7479987254329319,1.215717829024065,1.8271949394945866,-0.8018743944841131,1.950367704373663,3.2080310862798163,1.8224423637944898,0.5591559241013666,-0.07320818216911584,1.3178035586036747,1.9190859127280808,-1.2500518333309425,0.4715595625715065,0.5887244399347263,0.9241652830285636,0.8962084020518662,0.025877975652383103,-0.6595809535537385,0.5566149419819971,-2.6504161245364757,-2.650416339829086,-2.5363872029310075,0.21457119925055868,-5.66516052861279,-0.8956583370623592,-1.7340645251746891,-1.4673978141713457,1.5898344564800506,0.2942877179340226,0.03632028864768538,-1.3341204263388895,-2.828010857919034,-0.801647522833794,-1.1182038774304115,2.4078104376480627,3.0166402085571513,3.389501976661682,13.582716815071699,-0.31217451515483724,5.976639663382492,1.0143950749173056,13.289413479845447
S14,amusement,6.564432321218329,0.44129053845257954,1.096873052182329,6.404420970311891,1.1037948817770704,3.879132481495353,-0.49597074995973134,1.6482870505450284,0.6533052680182598,3.965780316049528,2.934999800237363,-0.44786043584905444,0.5335688467089992,2.8782580682030487,0.6488660427056102,2.436332268383484,-0.8018743944841131,0.5200962284049019,0.686989168159683,2.4736789984953624,1.507935825355443,1.793332936511018,3.1433940347825486,2.9872796421649195,-1.135514771073372,1.1970358126815182,1.5237816511639592,3.1820682505146363,3.5468153981946964,2.7775158249105396,-0.4808580569066458,0.9740761484684943,-2.7392560153460592,-2.739256344542704,-2.5435073567049633,-0.6303028977984407,-1.4230236827022615,-1.9291102644420048,-1.7030199769030354,-1.34638242589429,0.8704641362970978,0.1614941043590973,0.15678797633242234,-1.25422948526939,-2.78009874093564,-0.5044878808433776,-1.323833692175335,8.230585149549444,5.318414357944802,10.169886166095164,24.08481744528177,2.99871912556214,7.728737913971737,4.549151506275024,15.533080690728443
S14,amusement,6.890663376993707,0.14710534437662917,-0.528002558263718,6.777730789507484,-0.594849178562152,3.0364544335294688,-0.22043144442654738,1.256875340986418,0.8743132716873946,3.3432796056511664,3.5792959880568174,-1.2535728523319836,0.3651103935378906,3.5070317707006735,0.31992117274396425,2.907910789889568,-0.8018743944841131,-0.6354703312996741,-1.431435724221152,2.6952590416078794,2.675082005480586,1.5479082677394773,3.69593045793246,2.015440361214154,-0.010228720129989525,2.2852501878465357,3.2242954826991004,2.33801333847468,2.7162193839929443,2.204551501839269,-0.6877302429621938,2.643920974414483,-2.2606492363270903,-2.2606492966922653,-2.115432840420513,0.6168921978453127,0.5970414820170379,-1.1540213189072706,-1.8647901798619646,-0.6964809456037829,-0.006335806775388608,0.1898710488693337,0.9762534490883802,-0.9833732192484013,-2.655120102340867,-0.2241447324778423,-0.7639987143138823,7.683535957420829,6.052821156883743,10.191280136194457,27.445489646948996,3.7981674615369645,7.840993103759419,5.302914970298616,13.634593050750523
S14,amusement,6.920676396414059,-0.138342154618165,0.3984586794397461,6.73235361874704,0.4016081387730472,4.165564936531339,-0.22043144442654738,0.8105477456065755,-0.15877887472768296,4.065572814365967,4.2207446141278195,-0.18704980278480424,0.5563740830929709,4.23007615837362,0.6127700720411043,1.4989317830640694,-0.16881566199665582,0.4341581005244585,-0.4985646415524527,1.9607331917888928,0.8577288971245483,4.7590532485689785,4.372772902790881,1.599896858810197,1.588343496209053,0.2901905000440036,1.277261193339995,3.4815596853258306,1.9488894515900312,1.5664124870186396,1.863843885096359,0.7653455452252458,-1.2080131704243768,-1.2080132071883314,-1.3658764610342893,1.1801415958779788,-5.395818506650217,-0.6372953552174477,-0.06539351347926509,-0.71496363185952,0.07838273744609071,0.4230722995751403,1.3085337747932477,-0.15517005306382017,-2.5482162916585978,-0.4232370863965361,-0.886897195513894,3.9423675610324365,6.507732234801867,7.073342718574231,39.62792637799268,0.5629686113523827,4.088499268959796,1.2639657403433069,9.492438199889605
S14,amusement,7.554633557750786,-0.4729974936379969,-0.13213415589995162,7.413591095570994,-0.09239539695013269,3.1514927072249885,0.3306471666398206,0.38407519942419793,-0.2181948348502257,3.290660247101002,3.151162615023002,1.512401767772692,-2.1196856991328485,3.1115062455822704,-2.172951280545555,2.4085393606757632,-1.4349331269715704,1.8475026537965615,-0.28318739780736174,2.1009206382345527,-1.5495177635016377,3.382762777511176,5.124978435038996,2.678787621157513,-0.49904755621136543,-1.7048691877585282,-1.466534428102038,3.2991483040541985,3.970709811471138,2.651102561866538,-0.8706990396494162,-1.739421693693737,-0.2585607783444686,-0.25856074070374113,-0.332870552910033,0.8180526971426897,-2.7697337925151277,-0.1205693915276249,-0.09624804334744869,-0.6102285000547271,-0.7442662941401846,0.7625879477449018,1.649438934179983,0.6433974710212516,-2.4226327231599596,-0.3279017766416119,-0.9902858575457647,9.525447921865512,8.202566026448087,13.684971477643407,72.39448034424811,0.6445109877560228,2.1988246257176667,0.9146400982896579,2.588846781788074
S14,amusement,6.954000228943176,0.17128239417628965,-1.0223538117877513,6.808224169679014,-0.9993276197993383,3.1231578586933275,0.0551078611066366,1.0058786628812293,0.08890914655932707,3.4583735061825487,0.7950548964773013,0.004000986272975516,-1.212646533812906,0.7926973327466781,-1.162960498575472,0.5108250817595743,0.4642430704908015,-0.7543918354487076,-1.3421085872247605,-0.10381375159414129,-1.2880852043650945,2.794985576107952,4.447119565767181,2.2302952402980183,-0.5920116246864426,-1.5235001252310254,-1.4759544868748893,3.0786666183940095,3.9335327813717362,2.998203385817865,-0.6045916214185537,-1.739421693693737,-0.034998219364859764,-0.034998207229000766,0.04215698463426615,-0.3889102986415723,-0.6823331223051851,-0.1205693915276249,-2.044621021996947,-0.4839158025388047,-0.8678319503876488,0.873235386574798,0.018724783936064866,-0.7739986466157717,-2.259701086991619,-0.64274379687463,-0.5982888401464913,10.842400829736066,9.115693204371075,15.77287989522658,104.32086626008673,3.546609323704362,5.443273355998319,4.290742231627191,12.253874767130217
S14,amusement,4.683765661187736,1.4091276294724926,-2.0453257116597268,4.599084668508178,-2.0769077791040464,2.2316467569171303,0.0551078611066366,1.0000286504895226,0.718915498919455,2.5621951413926154,-0.47513510662900355,-0.26935955764241865,-0.8340761919920721,-0.45355550280831036,-0.7620793309399687,-0.7735182174361216,2.996478000440631,-2.0550200070425473,0.7587061143676852,-1.1459978483572688,-1.0584647792643072,3.058321645999588,4.45506793586885,1.5278513294973035,-0.604605334743028,-1.1607620001760195,-0.9864744928044086,2.1491587611415186,2.4086423757850906,2.725481309856108,-0.9473250712576401,-1.32196048720724,0.21136974016891272,0.21136978954852548,0.2650801963668193,-0.7912312972363262,-0.07631357288939525,-0.1205693915276249,-1.469608451341344,-0.6578617207285614,-0.8302195871727988,0.9869757210588623,1.8526199031381614,0.8234894132836071,-2.4450010936212143,-1.8564142334614067,0.22266719546933328,5.896248468249884,6.9166832489708305,9.210013944838535,75.33506852070693,3.2582420569835318,7.788936814520827,4.802368285644155,18.294517257969055
S15,baseline,-0.3278958471899913,-0.12632273489665896,0.2020873869698337,-0.34718266088621985,0.200402211024246,0.14003530392550606,0.8196652446741208,-0.09265299027768768,0.23146126757146115,0.18998828686938268,-0.2575341346498506,-0.6127806124162473,0.24950568667154258,-0.2748417832281497,0.2730869674880104,-0.40187950631981884,-0.5809475019311127,-0.4832058373217587,-0.42481528799462087,-0.02331363705878157,0.7046625900478364,0.5966690347296189,0.28795128453299557,0.06385666596725333,-0.3756272898232481,0.6608149542534666,0.9203017060689693,0.7454206904832889,1.3091759127706544,0.8804808815110763,-0.31792239980144144,0.7990204013468711,-0.7152469319970851,-0.7152469230549161,-0.8381712598193277,-1.4309966161110943,-1.329194223973109,0.08703882797784908,-0.20961335576676235,-0.5450940431411304,1.8160780617835597,-1.7008279325048463,-0.16345999510907153,-1.0154367118329153,-1.7036145348579124,1.8129507734637331,1.9862238075944465,0.6300717286962251,-1.154112551794203,0.33604856030136915,0.9558781279737252,-1.234468964170595,0.570772232434351,-0.9366835447517812,0.26002841971807905
S15,baseline,0.8811903107493242,1.9357292257375918,2.430134973943014,0.8858779865233487,2.500348484546567,0.6863403243532901,0.8196652446741208,0.5185742123863356,0.6254342205389722,0.6618919345875983,0.831018733251941,1.0972354086460536,1.8497779898577578,0.8218152207894761,1.8497628962963484,0.2300196147452602,0.7100469468046927,-1.0158699879740887,-1.1318391564656278,0.038171288719306654,0.4580100342663444,0.027267502061202115,1.4317413013895586,1.0964007280046064,0.7083172094761049,0.5009403685469828,0.7179930842657803,0.7655873908565477,1.651235236953094,1.780087535545239,-1.3091191319496978,0.6413190063441994,0.20312273361597183,0.2031227893827679,0.14910545074521805,-0.5862222273514166,-0.15142719007288596,-2.001893043490525,-2.9327135650014466,-2.802907424679211,1.7108274725077688,-1.7633564844759442,0.13276507779300512,-0.6500885965550461,-1.3336223524556141,0.9685418753533537,1.2666993897287122,0.3841839943378248,-1.9102227580189686,-0.01132254540419587,-1.7325291069523863,-0.90447932558233,0.842025936443969,-0.5696476406175388,0.9259548604595008
S15,baseline,2.359976836833066,0.3957710975164484,0.9756796955563947,2.3607812121620486,0.8836697738420998,1.5723403316192817,0.8196652446741208,0.9696674638216419,0.6413694664274556,1.6615615282125231,1.9403192352463572,-0.06183835580993571,0.4234574253154998,1.97354818680498,0.40222766608989713,-0.5916688930083575,1.6782927833565469,-1.4372099776842693,-0.9891169223354214,-0.15654801773011667,1.295524772720781,0.18994280647872738,1.3414000328172109,0.28941920869183124,-0.4073497377638482,1.1404387113729182,1.2834584161286793,1.0510640738861723,1.1064986813295572,0.9431196612160354,1.1527678555119634,1.114423191352215,-0.4216048279082108,-0.42160481530643584,-0.40458036332054337,-0.0870373612661607,0.7178770492344214,-1.4796600756234315,-1.5425075105407002,-1.4627276616836895,0.8590246498872575,-1.2960684125302127,1.2578295246264846,1.1104072769439723,-1.1147453763480761,-0.9686877753925275,-1.0046579220866954,0.13535404051351554,-0.9960883113175173,-0.10800859756343127,0.5078102554860399,0.9638784498349745,1.6140320662821093,1.3044858379932818,1.8772783472329604
S15,baseline,1.9730683534944282,1.4285339529294165,-1.5463436659174328,1.987706960828101,-1.5952016046993638,1.3292132324433283,0.4961131744080205,1.768578003959352,1.3664078539968643,1.7174277563000124,1.6282543555011424,0.22464295857255198,-0.9324890803795667,1.577557753504492,-1.0008531073167042,2.4297459829363386,-0.903696114115064,0.10994263875506396,0.3018037277943245,2.389763264846106,1.4625652874104484,-0.29127830827309753,-0.3459989328236785,-0.7900214494549401,-0.15613047958688758,1.4601878827858858,1.4131588412831233,-0.12867723147592508,-0.49922529419677836,-0.48043738841931566,-0.24553401097887365,1.4298259813575585,-0.9249635574412114,-0.9249635471686228,-0.8601948700959859,-0.7398175707622764,-0.768352779258717,-1.2185435916898848,-0.3336932408379186,-0.5319792119724398,1.1880650413001346,-0.804747008706611,0.2454850563484044,0.12419875881109715,-0.9370843162151331,-0.09271831745236138,-0.34864335822146436,-0.24160649998836803,0.13483989528684692,-0.2252425938941045,-1.7325291069523863,1.2578227482976099,1.3641760543043107,1.461529361125768,1.7821459985556145
S15,baseline,0.5667103863615848,1.418354453237863,-1.76466184125283,0.5298697054375627,-1.7130072723442662,1.724730023185451,0.8196652446741208,1.5112335446556517,1.3664078539968643,1.5835170584732154,1.2661332565979537,-0.1510012239545804,0.07776080371508691,1.2919207663678587,0.16725107012247054,0.6912841961651758,-1.2264447262990155,1.392804091081997,0.9033892374533726,1.0988292124476793,0.4171467892389486,0.17976179456216582,-1.451444178450799,-1.3511111227506003,-0.9930796078926302,0.5009403685469828,0.3754527350222027,-0.24855723436301896,-1.4072558486595481,-1.080523058121264,1.0205717431895212,0.4836176113415275,-0.27505316911401984,-0.2750531318370707,-0.4001303382435321,-1.0470082575839703,-1.4133204406802677,0.08703882797784908,0.2769532707081834,0.2486980174394689,-0.35145935201257206,-0.04782197573262461,2.475366685168625,2.7536109418728296,-0.6504980712914095,0.7607226988380857,0.6808508212059523,-1.8956338151162144,0.5547796499427865,-1.693234908646198,0.5078102554860399,-0.013234724654584874,0.15909515936148744,-0.009402822780249872,1.3064842551688847
S15,baseline,-0.39573500977651815,0.07037494047646668,-0.6169993644316649,-0.4076714261075994,-0.5943189148537579,0.12626791159845274,0.17256110414192016,0.6339357508670422,0.2533795881494355,0.06781573594490317,0.09024798304258343,2.691848453048595,-2.552979197240971,0.0759234629436709,-2.499374194655566,1.3836255039720804,-0.903696114115064,-0.12180771920180831,-0.3136184572558142,0.5267108865731638,-1.2098050595787324,0.9100716930160494,-0.9263329088720839,-0.8290893643727415,1.0135968811298253,-1.25768007422434,-1.2015853115959143,0.8382473671611773,-0.9445850380782496,-0.9556183485905415,1.656839500158001,-1.2510977336878626,-0.7343825311622516,-0.7343825227772844,-0.7360237245631308,-0.6246210632041443,-2.3106667522232947,0.08703882797784908,0.05128978432871018,0.20577182141987777,0.4025362717894263,0.8094105885610804,0.13714263918512581,-0.492069896400954,-0.37829580805265745,-0.031408582017933,-0.1155133146316357,-1.9696990948761355,-0.5254696507048449,-2.0236929375300376,0.9558781279737252,-0.812142768611592,-1.1698939090118656,-0.9735305652780719,-0.9766921130874184
S15,baseline,-0.6849723179964406,-0.9403007779351592,0.04111985482426888,-0.6758539814455361,0.03940297003426938,-0.9255262292845238,-1.1216471769224812,-0.8391280516606717,-0.5002389489155661,-0.9006995081789844,-1.5207181820310969,-0.8867414266875003,-0.5814844310921088,-1.5243084016227402,-0.5726352074242749,-1.4941462191458106,2.3237900077244493,-1.81992618184885,-1.6757719065773111,-1.7524325362953923,-1.77548452506076,-0.5061044646327842,-0.3664335392135444,1.3824735417292415,2.8623861172794123,-1.7373038313437914,-1.7745427048637237,-0.6750454467548157,-0.5957078057543154,0.19528933208540006,0.8622518538477402,-1.7242019186958781,-0.3686618059267136,-0.36866188138835887,-0.300446796640056,-0.12543619711886286,-0.06730097336572718,0.3481553119113958,0.31369487344919017,0.18088930928837735,0.3142115606609401,1.0055070500024834,-0.016416355496670202,-0.5202966501764592,-0.1634325851235727,0.42541208182806206,0.25627535391806944,0.3992876041823171,-0.46557568162002333,0.248003786111941,0.5078102554860399,-0.27405974391487997,-0.5254795960372451,-0.3957168637465836,-0.9766921130874184
S15,baseline,-0.6862499090652726,-0.9971465731237384,0.047389233048892816,-0.6768820210197495,0.04511358999495098,-1.0453866496044986,-1.1216471769224812,-1.1122715734917135,-1.3053852121847629,-0.9454769746850625,-1.024437995580492,0.45449962510739156,1.4722108962667213,-1.0243098358564438,1.4858666307095525,-0.6777355870887725,0.38729833462074137,-0.8787633518969147,-0.5498637363199974,-1.0351247615349923,-1.4844526300000136,-0.3979526278889109,0.5574725104343683,0.7037517679904015,-0.23578779626783788,-1.4175546599308237,-1.433676400592654,-0.6523212945781124,0.09109387356751757,0.8059054225853806,-0.41884730150425004,-1.4087991286905346,-0.07820731915631299,-0.07820727966296087,-0.09972936543232251,1.2185230577260706,0.4374563268772255,1.1315047637120361,0.5826967128228179,0.788995259001631,-1.1186203972080253,1.1469425348579576,0.42603185100247754,-0.8063323088869243,0.0728724495314767,0.2910477102977063,0.10048108591620762,0.2152115895342833,0.5463247640413934,0.31736456107312633,0.9558781279737252,1.373442822251187,0.32252878608121827,1.2224133794859566,-0.3107656723459967
S15,baseline,-0.6838616278129908,-0.9889184599605951,0.0375015204834952,-0.6751343613375311,0.036628597180875674,-1.0200839021808499,-0.1509909661241802,-1.0500790366921495,-1.0527718387671519,-0.9327484093113871,-0.2830431005946903,-0.8633244795873521,0.19827333665328978,-0.2573590631215006,0.15657909196513053,-0.3272336282547303,-0.5809475019311127,1.5066403024837582,1.0389295603317357,-0.2906245002784886,-1.149714664035524,1.2590050227343577,0.8145432887945069,0.24918508735857334,0.21998324322442686,-1.25768007422434,-1.1279968984657263,0.9451965748482338,0.41176302198901493,0.19194367022296938,0.6418454599609434,-1.2510977336878626,-0.5149337070958768,-0.5149337936653556,-0.47507000052572745,0.6425405199353849,0.4935404713486647,0.3481553119113958,0.5781679534849499,0.6690065832023177,-0.685748574594374,1.2433869898892327,-0.23344827010147617,-0.16575020024148848,0.24595934375981124,-1.1993834158917258,-1.1969327839780726,-0.45055353531649217,-0.5871949726731914,-0.5879314569739044,0.05974238299835464,0.9393749708307247,0.10772731148689131,0.7923128071226959,-0.40589802102334266
S15,baseline,-0.6852413646303475,-0.9917293393746819,0.04570577629498816,-0.6758394264988159,0.04323315235618878,-1.0333628997686046,0.17256110414192016,-1.0599954930641693,-1.0527718387671519,-0.9375589593319622,-0.5111083036460853,-0.7420058222595699,-0.3509689563549484,-0.5245545398072454,-0.42866895165549435,0.5199824549865685,-0.5809475019311127,0.7166645506785286,0.7509205045710424,0.5474937590157256,-0.3696982899242997,1.9221555032872728,0.4998023482337158,0.4288974959804595,-0.6160407067996205,-0.4583071456919205,-0.4830297591796528,1.7373163019871365,0.7413774026745569,0.5859687243017938,-0.7723870871622178,-0.4625907586745035,-0.3598892637729787,-0.35988924688403334,-0.28459291030149075,-0.6630198990568466,0.4654983991129451,0.3481553119113958,0.6790910247956179,0.6328116810418476,-0.779893836666141,0.8455296720314132,-1.761410969315826,1.0252588152470814,0.4238113321060987,0.2917795829247548,0.4243131570269948,-0.7261958152772194,-0.1473528642149223,-0.7549174554559259,-1.284461234464701,-0.7656467777099939,-0.22586515548658875,-0.7495708549121853,-0.6912950670553806
S15,baseline,-0.6867699905163136,-0.9884139045026932,0.041539949367691974,-0.6778263219574746,0.03690040501721435,-1.0156833408906631,-0.1509909661241802,-1.119891892560695,-1.313811479727443,-0.943634885126292,-0.26824767196460275,0.6012963515382136,0.33100258412609146,-0.2734727091899028,0.4101717457638797,0.3896736120462931,-0.2581988897471613,0.1746854756706921,0.7092353152320686,0.48608956470736664,-0.1706253195557368,0.20576664481990678,0.7682931586732679,0.11211630112154236,0.275493255851734,-0.13855797427895275,-0.13155461923380754,0.09749340195886014,0.3138059974142864,0.08913545061982242,0.40155279598722204,-0.14718796866915987,-0.7433181624969578,-0.7433181575078774,-0.6862696891060437,0.4889451765245251,0.745919121470141,1.1315047637120361,0.782703280484231,0.7647863798010704,-1.007824259962042,0.4472377367110761,-0.06226200076361594,-0.8681285059109879,0.7417378715660088,1.3277517777003083,1.2675041934867786,-0.5934332735264555,1.2956871634041895,-0.23351917062644056,0.9558781279737252,-0.4237018993725551,0.5468483749918457,-0.25063773029469893,-0.3107656723459967
S15,baseline,-0.35608472902848853,0.19692830913383055,0.8732976106959334,-0.3687783321436494,0.8427307878107608,0.3184766865003781,-0.47454303639028056,0.03978190826285708,0.47125594038064733,0.043098658358339335,0.09035517417223532,0.4226341541228058,-0.08135602773825955,0.07568597320901332,-0.08422926899618714,0.0849596854776988,-0.5809475019311127,1.0679722931757665,1.4512554941374745,0.4536394618492107,0.19670482902932807,-0.36733038378256305,-0.30696614641507686,-0.6434847456321058,-1.3833200710993314,0.18119119713401496,0.17597696313339484,-0.8191810253215054,-0.860996503850328,-1.073868299006922,-1.380591390624527,0.16821482133618382,-0.5310245650145342,-0.5310245408620622,-0.508634097019168,2.4472858050128723,0.886129482648739,1.3926212476455828,0.6601893841645627,0.7831572171617611,-1.0905461110817083,0.2482934828538153,-0.6193309967876499,-0.18621156902788488,1.0389445725750754,-0.29596433514792964,-0.552227197961936,0.7980640930672024,1.9039349758109443,1.2969538465438126,0.05974238299835464,1.33514762733149,0.4691823428172815,1.23170716812521,-0.1205009749913048
S15,baseline,-0.12681018491329613,0.40475077524403025,-0.1771776954434827,-0.10067546906462883,-0.19440749874220722,-0.04657603085873756,1.7903214554724218,0.17076308563118808,1.3597741233658138,-0.10898863602799887,-0.37762298323709786,-0.048695238246946354,-0.3562754986181513,-0.34006966216203605,-0.35294813301967864,-0.3462615930659173,0.06454972243679004,0.6499304305777974,0.8264971296260232,-0.5447884780932031,0.7664991067952234,-2.3399992990666005,-2.02551491984348,-2.0151912612771876,-0.11845864156518275,0.8206895399599504,0.6298702858852411,-1.7330714724543597,-1.4082039854201394,-1.87366796364135,-0.18670954790683167,0.7990204013468711,1.3001662061090014,1.300166145412282,1.1861082942980705,-0.010239689560730805,0.8300453381772999,0.8703882797784893,0.37616970614689094,0.6555337788703769,-0.6062407019607671,0.14100787900920772,0.2939227826455803,-0.6841056758314933,1.161132536658175,-1.7338414104800541,-1.4990374324686386,0.6501682874687419,1.098893564390872,0.891544637501375,0.05974238299835464,0.7834148831380212,-0.7263251319146234,0.46881372230929186,-0.5961627183780346
S15,baseline,-0.460357938474818,0.16964306480791708,-0.6402779265124933,-0.4806337566008578,-0.5800355119067577,0.2101928940412014,-2.0923033877207824,0.6848311329219593,0.08038763772850412,-0.2062526520951814,-0.7577620278015714,-1.005188932001091,0.11716728493576177,-0.7522026762793309,0.1342831328908961,-0.993083408574924,-0.2581988897471613,0.40904180431447984,0.5776998698358801,-0.9005873887636531,0.4367250962247614,-1.1131458754314507,-0.7713240216451343,-0.23860573604368734,-0.11606572587949465,0.5009403685469828,0.477744483572438,-1.5299109573383556,-0.7619467996735364,-0.7506965595167002,0.5361008048974736,0.6413190063441994,2.2661202351096743,2.266120373605173,2.3001817486709313,-0.39422804808785467,0.6617929047629822,-0.43519413988924444,0.5872849011578722,0.43378910098492285,-0.5775717040644625,0.09322366918910363,-0.8075070630844295,-0.08383415434591918,1.2263374778948302,-1.2205653005252028,-0.9448867079148744,1.272582009391852,0.1195597774020016,1.2153776536642704,-1.284461234464701,-1.0626144686123025,-1.739075148092566,-1.2625544697059392,-0.8815597644100724
S15,baseline,-0.6869669680339258,-0.9872540292900381,0.05100449237339116,-0.6777581078889989,0.04854083073917982,-1.020977655079009,-0.798095106656381,-1.0233460647589416,-1.170898633793944,-0.9499409339891077,-0.8458543383067263,-1.1205808600723954,0.13639718388225489,-0.8453326923521468,0.059479661741720015,-0.8972822148710724,0.7100469468046927,-0.27089853081039983,-1.4747053720331469,-0.8372781184039321,0.42194198242139713,-0.274829042613895,0.4928107223881798,1.5414028826873716,-0.6779166502834306,0.5009403685469828,0.15842917857163588,-0.393561138895318,0.852971148934217,0.7428809392083786,-1.6408191436250203,0.16821482133618382,1.8978766662515043,1.8978765317147495,1.9584479213531054,0.9113323709043767,0.8020032659415802,-0.6963106238227912,0.13028678060380378,-0.020730806735168632,-0.072838120378996,-0.36771778915495473,-1.3047079661109633,0.4587784763350965,1.370497460253898,-0.33563736349826373,-0.32044909161384716,1.3921986869119283,0.13199700006463647,1.3325766208983438,0.5078102554860399,-1.1627328290547234,-1.6097493236605802,-1.3335177840745582,-0.8815597644100724
S15,stress,0.1779988084223368,0.30895903927585755,0.04060131072973882,0.14993436443801905,0.16580735516487372,1.1485872478876964,0.4961131744080205,0.7546227232937248,0.855586691772376,1.1742055780488134,0.4975996711430175,0.40693763956270657,1.515595737972884,0.5025272677659642,1.555874802469828,-0.5752161590841776,1.0327955589886442,-0.5864127928551236,-1.0309695114720572,-0.2851054626407505,2.2840042092788906,-2.873773626748604,-3.070021047318803,-4.938189302051535,0.08314277529106881,2.2595608113183054,2.221206574915796,-2.543186703849031,-1.8619925160970572,-1.6813147109640378,-1.052709022344463,2.3760343513735895,2.57150765586818,2.571507805790083,0.08682779277810566,2.40888696916017,-1.2170259350302306,0.08703882797784908,-0.6304698023573323,-0.46381438703704825,-0.16252409890744088,-1.574172713152553,0.15327387087442065,-1.0125930028732377,-1.678806163678442,-0.5048548076835663,-0.20753845618281594,19.961149867587384,11.998318912264144,26.182561435991637,142.99339370656995,3.026808977380814,3.2899176108242005,3.8427210458209915,7.490086919196372
S15,stress,0.4759311729461391,-0.4064560340248545,0.27230106861580167,0.47808252364563264,0.2590636732884242,0.3695965531484098,1.1432173149402212,0.7736415104757524,0.5674519860817959,0.7447358450404908,1.6651991640412558,0.4215498939551192,1.1440459043363371,1.625362608815761,1.0547570686081982,1.4288402276083865,-0.2581988897471613,-0.11485934076548995,-0.6966535302582136,1.3662839629752634,2.3612340397517904,-2.6414218033378214,-2.134944832172622,-4.430526033155333,-0.907943767623114,2.419435397024789,2.256053025269514,-2.025732539163652,-1.6044893992344562,-1.5676514252910816,1.1335894540465496,2.3760343513735895,3.4678388756427716,3.4678390676647743,1.1580090283541165,3.3688578654779797,-0.6281424180801191,0.3481553119113958,-0.31886671658845195,-0.32673970776366096,-0.5529028071780427,-1.5258410346306455,-0.3643308602088025,-1.050004492680652,-1.721351470857636,-4.633382306524272,0.0654204216244484,17.313877597580472,10.896166874918482,22.63721448874425,163.15644796851578,4.444441257706708,4.5424792180649565,5.789082466314381,10.629454425548788
S15,stress,0.7881604171450886,-0.22142052099743215,0.22328670340447035,0.802270540604159,0.25027178612222384,0.20804480125840957,2.4374255960046227,0.2973990156458954,1.0621283282736285,0.606345647726635,2.5889575203170945,0.7983969646655246,1.3990937220432222,2.5956572964204603,1.3758024593877496,1.3913721472043752,-0.903696114115064,0.36245748024086893,-0.7649839626361754,1.3747231367901078,1.9047621513723465,-2.069834946511411,-1.7324725383302746,-3.155503421190305,-1.1231037404549518,2.0996862256118214,1.9295751682487645,-1.382962847493546,-1.370035284512849,-1.6922139301381565,-0.7155122783317782,2.060631561368246,2.4392658489767065,2.439265996848766,0.761905471666385,1.9864997747803184,-2.8995502691734063,-0.43519413988924444,-0.7948521150624179,-0.6204995703764846,-0.032672690973930905,-1.933254821670848,-1.7081731988727504,0.9960233127087715,-2.031605722416378,-5.275485128266068,0.7795589532508581,13.226818387717792,11.761958146170745,19.51147262689031,160.019972861102,1.2008573898555042,4.2052116818682475,2.798406130030818,8.631675103324524
S15,stress,0.7270936162405424,0.03516479423670989,-0.5910279442942943,0.742820939479971,-0.5547740527968118,0.39325887581313246,1.1432173149402212,0.7283128678004757,0.7143029134336993,0.6448306285039539,2.993207872530646,-1.3060237485817747,-0.28447301660890945,2.971818882824058,-0.216888778027214,2.319370079563537,-0.903696114115064,0.8747705834005152,-0.06582597057238741,2.4371568883908004,1.5957106000588186,-2.1463104669824355,-1.8484622613660369,-2.400940149643039,-1.4623794482356365,1.7799370541988537,1.6442038293153383,-1.4354722771254314,-0.9595469222112233,-1.4635934877031624,-1.151883860740947,1.7452287713629022,1.5103803037830694,1.5103804146379733,0.5205726533708614,0.028159146291971353,-3.039760630352004,-0.17407765595569769,-0.5439339708423687,-0.5135945420223249,-0.15313975138487243,-2.5816135982439063,-1.260314191586887,0.6739015609248429,-2.206115359715351,-2.025105381044428,-0.8745649668378679,17.6456624369761,14.37121634114957,26.380261566941833,175.25428052568327,0.839166979917318,3.6422724499173427,2.160270073847497,7.0144251758096425
S15,stress,0.6238584372175218,0.04816127825947265,0.07776743316465697,0.6326353972382556,0.08851026358058575,0.6977319618610127,0.8196652446741208,0.9262521063100774,1.2428588905212472,0.9456708977274475,1.6906899554554924,1.6989880917317317,-1.9923801666460048,1.6947338743636795,-1.9675121564228832,1.3499998169939182,-0.5809475019311127,0.028411069522970865,0.5265294142017022,0.7505958727093985,1.3029554708900455,-2.212925493515195,-1.8813098128222165,-2.5257859281264285,-0.33231710257938885,1.300313297079402,1.2597898774374177,-1.8497076607286753,-0.968498872574487,-0.6566736210004673,-0.8942426729840811,1.2721245863548867,2.009483593488948,2.009483716276465,0.6612458602384065,0.6809393557880871,-2.9275923414091256,0.08703882797784908,-0.2686108993767149,-0.24507712787333444,-0.7687303546199906,-2.956157802631364,-0.3723309003738166,-0.807138282953174,-2.107040707455834,-0.8135921670836822,0.04520108141092624,11.34410424363111,11.056043354830905,17.065727561095244,142.54532583408226,5.431336209777833,4.204035230613272,6.426399462413636,9.868395636130021
S15,stress,0.5927102728174349,0.20008512366363895,-0.5488114452132125,0.6198669906666787,-0.529041504496664,0.34732631996750535,1.1432173149402212,1.1578014025717565,0.9163367508430103,0.5858098889950993,0.18599653067217498,-0.554755960085766,-0.7754942143150154,0.16175828567910738,-0.7144942292373148,0.7678856163077213,-0.5809475019311127,0.3140636087896074,-0.6427318186896135,0.42938515538383004,0.8319415714253808,-1.9459606836568395,-1.8606599108706383,-2.0151912612771876,-0.9007883758544077,0.8206895399599504,0.8156545460551013,-1.5558371240606825,-1.255091223023684,-0.824468403583283,1.003602982500052,0.7990204013468711,1.2077711696308842,1.2077712435019794,0.6948422180784962,1.2185230577260706,-1.5815728740945851,0.6092717958449426,-0.4956323441443471,-0.22686512844142956,-0.8092314218846238,-3.077433424406825,-0.2121064187611056,-0.7093917079065375,-2.052153587374422,-2.8825812940197686,-0.6144531074238889,2.652519238818232,4.180952198350788,4.021267192626146,40.83391877937771,9.168708551865036,5.831446051693295,10.740958004772448,11.200248517612865
S15,stress,0.7335308426717223,1.0822226169005857,0.8312514282719341,0.698149614502857,0.793293630411998,1.3193943674447837,0.4961131744080205,1.072299432045289,0.897433067802889,1.493852180874917,-0.7978810700285063,-0.11518154295670606,-0.7964740820097366,-0.8088179926116724,-0.8595740698263046,-0.674928995167077,0.06454972243679004,-0.602935592462357,-0.3260984823003901,-0.4977569842288229,1.353683010327921,-1.1148399184381987,-1.2663407617652793,-0.9931746070275072,0.08538314893689954,1.4601878827858858,1.32594282101208,-0.8739703187562421,-1.1471782954882852,-1.221719686286428,-1.0088040844605308,1.4298259813575585,2.286606612107628,2.2866067514623674,1.4940412133642178,0.3737486689663931,-1.385278368444548,1.3926212476455828,-0.23510174964547484,-0.2141122043418597,-0.9587010786552495,-2.745573673358037,1.0420956017514487,0.43129451588161805,-2.210162795961751,-3.7801715579801622,-0.08175944290786506,10.595127482355025,7.875640277489912,13.809553896875242,118.79772859223495,8.95116471565669,6.231246481524849,10.85759642469637,11.29538086629021
S15,stress,0.9323733585060126,1.496742594563879,-0.0917168279753167,0.9811168305620024,-0.19055660024852825,0.4865490197038726,2.1138735257385224,0.7199769512224604,0.9680884567574249,0.676512278296017,-1.2570817279504398,-1.1462456183964287,0.31905867485066663,-1.2411259900431155,0.39654775623433797,-1.1793410945632912,0.38729833462074137,-0.9873772436804327,-1.484222671609801,-1.4415510450904776,1.9345713925853685,-1.8137223812565353,-1.5337649437130014,-1.8113530772512678,-0.622423315033038,2.0996862256118214,1.898806228774449,-1.9857853459400288,-1.4591622407044424,-1.8089912784322917,-1.3781575158022892,2.060631561368246,3.185874778426416,3.1858749293244575,1.1983217177926648,0.2201533255555333,-0.3477216957229231,1.3926212476455828,-0.29351390674126976,-0.2344772621556017,-1.0061933490825323,-2.403560602424413,-0.0956710270297122,-1.3887813288724484,-2.477300488985576,-4.870385720268394,0.40064805797433095,15.856611706323175,13.440507810144013,23.67975549565653,139.85691859915616,7.2503167883965745,4.551341383946595,8.20611170282594,10.81971912290348
S15,stress,0.7829055271118495,0.9270612182619568,-0.274218640481368,0.7350646340363668,-0.17354828142102488,1.6148294063505808,1.4667693852063215,1.0936348458771608,1.2321821303979419,1.97008531945901,-1.2396847186072026,-1.368760966296003,-0.2748825047087803,-1.2268683795272797,-0.250854197300441,-1.052332084065179,-0.5809475019311127,-0.31416176207297464,-1.6773161281837377,-1.1119827884867213,1.5529343556844093,-1.7178582446248483,-1.8162954614092564,-3.108869633747521,1.928684980963457,1.62006246849237,1.5460100583634782,-1.9195499579330255,-1.4325837220629507,-1.6488394864860496,0.695087231587286,1.5875273763602302,2.2698294035239015,2.2698295454828195,0.10032538275593367,-0.2790315405297226,-1.6937411630374637,0.08703882797784908,-0.4051495475708628,-0.4264861787593481,-0.3827082058522997,-2.7967198124201653,-1.5292863086209045,0.7763779734887822,-2.741525403362416,-4.487181376287233,0.03874101818302066,23.462045345905125,16.30916250388593,34.1750367201743,192.28085968021531,3.691105759683563,2.197663489250568,3.8835700065814676,3.5896606234251878
S15,stress,1.0591710434794006,0.34531159302487147,0.7355260634467958,1.0642907525014982,0.6732327722340438,1.2220342628512004,1.1432173149402212,1.1055404434591134,1.5876592897082629,1.389670576517888,-0.9031792814256592,0.33915601137724133,1.226901134065249,-0.9162966065945912,1.1536070859717762,-0.45360515009497326,-0.5809475019311127,0.07576567362530484,-1.5973133717407142,-0.5429255114199028,1.0295394132959144,-1.95753795983941,-1.511572600857076,-1.694976424096372,-1.118176340963368,0.9805641256664344,0.848692179179581,-1.6665246723221308,-1.078219499876834,-0.6376790879668847,-1.364921596699159,0.956721796349543,2.1064072447936617,2.1064073789092306,0.1887464796935441,-0.24063270467702047,-2.5350033301090513,-0.6963106238227912,-0.5168502042005394,-0.5304503011826515,-0.2960928515804227,-3.7694563139016797,-2.661820759501192,2.460905292080515,-3.027487235421855,-5.239471746802242,0.8144408563385453,38.24428566913741,18.57768190646862,51.25851725840788,198.55380989504292,0.45776291981343425,1.8728961089752574,0.974835397962077,5.777704643004145
S15,stress,1.3670789950110824,0.03801828578841799,-0.22111177945104982,1.3680523766804356,-0.2314552110896025,0.9623440827860995,1.1432173149402212,0.8519807440263747,1.601643902984958,1.409967405958343,-0.7595701282095719,0.5245270938762591,-0.3254450633291072,-0.7134985877427181,-0.34855070702245217,-1.295773737576917,1.0327955589886442,-0.6021845927208442,-0.2127715666237843,-1.5313506023750039,0.6196984992932881,-1.7752444441119117,-1.3111437265117296,-1.4693148200882098,3.4585143574441277,0.6608149542534666,0.5005146298096439,-2.017928414868126,-1.3467049217709532,-0.883895722414697,-0.253739565160118,0.6413190063441994,3.2305822236274775,3.2305824060062496,2.0379518191873096,0.9881300426098066,-1.329194223973109,0.3481553119113958,-0.5489122917412631,-0.3489924633617011,-0.6507079025032516,-4.7292160928136004,-1.7021977705717557,1.0314279965983355,-3.232607885663254,-2.6476893294959916,-1.8835756033930855,30.17355440738638,16.87905836600328,41.312468419111475,185.55984159290006,2.7734764694337124,2.6921517339794905,3.323580814664759,4.731248807553339
S15,amusement,2.816772571738264,0.5451672368213731,-0.9805922562401548,2.8126319508326354,-1.0243861707601347,1.7656298559215133,1.4667693852063215,0.8226482847754641,0.651857014673463,2.07241862577053,1.725780013607142,-0.4513337392552226,1.009838523165667,1.6853519072029846,1.0128759893278783,2.05026732285208,0.06454972243679004,-0.008369678287449616,-0.10060928357604444,1.901505274492126,2.4986773063894243,-0.27617833538686415,-0.1154158578124608,0.7446084840999879,3.8783594229874705,2.2595608113183054,2.245517022293771,-0.7636661395779231,-0.05169952706243438,0.5919510024951076,-0.8284471359097412,2.3760343513735895,2.591911153343244,2.591911171877869,2.3074137665563716,0.6041416840826828,0.745919121470141,1.3926212476455828,0.39775369706047353,0.6083932898231865,-0.7635223613193378,-1.8590907203250444,-0.12059362506385372,-1.0804104584729897,-2.0824422336815633,-1.6870210573494138,-0.8185105062511081,15.540741868319506,10.166636535243196,20.31085164239909,163.60451584100346,3.592611547313428,3.4593433677467225,4.419069823814645,7.204689873164334
S15,amusement,1.4961304947302096,1.0130304457734978,-1.4858528498193477,1.4820000554319281,-1.4766825998660935,1.4408362989110655,1.1432173149402212,0.7464828782376388,1.2304673873691871,1.661285193057859,1.9319909915602038,-0.18287152849573884,-0.41269960970417735,1.9312430790987354,-0.4543382610941646,0.7779487522529104,0.06454972243679004,-0.25303620097642054,-0.4159583191035357,1.2622672485835829,2.413208740149431,-0.8439094605487112,-0.5369349239947083,-0.8794088387868694,-0.8329299699512063,2.419435397024789,2.2435301374741803,-1.0468387947900462,-0.14991089815218125,-0.592297554989353,0.261269202229839,2.2183329563709178,1.269505211785984,1.2695052687468777,1.197058264989856,-0.04863852541343296,0.21311974899146874,1.9148542155126764,0.6184732665135159,0.6296014690542181,-1.1419565064581791,-1.7087944782204822,0.29437085058787577,-1.0700462395416892,-1.8457605494101212,1.5760361233285192,1.3877359392470228,5.579818608625163,5.207463415588013,7.346613032087219,43.52232601430382,2.8651434332574715,2.7553689118836457,3.432688005321749,6.1582340377135285
S15,amusement,0.5873572889282619,0.21645068164560963,0.021980294580328637,0.5619910872066624,0.029448084524671722,1.2008061207390832,1.4667693852063215,0.8787290290641769,1.294889065626091,1.512529974220422,1.299025773871598,-0.16397692018249618,-0.842721977519944,1.270136520723085,-0.7190467712722066,1.442525915587521,-0.903696114115064,-0.3951417388623721,-1.7509663083015568,0.9798487057954368,1.1189309159761942,-1.5039598749432965,-0.7829931460210088,-0.8766602960667704,-0.15977710045596902,1.300313297079402,1.0667559453761577,-1.1529208630512455,-1.2589853565218314,-1.4743457430222349,1.7417479640558877,1.114423191352215,3.1426217762345274,3.142621935015595,2.610136764729769,-1.3158001085529623,0.4935404713486647,1.3926212476455828,0.4322797350114977,0.6248869222553953,-0.8750813812133991,-1.6833127487908741,-0.4650647869942197,-0.8756468560198297,-1.5101461489441927,0.2641967121898066,0.04376254905540581,11.180510955704605,9.250896648059939,15.39435309720213,109.38830326999356,2.092250558131312,2.383903763311287,2.5956968691925484,4.065322366811918
S15,amusement,1.041873783732101,0.7834071361233647,1.215975684443084,1.0580855657354276,1.2579933869237274,0.8844041788128463,0.8196652446741208,1.7654924063941502,1.590100206548649,1.1424837809036368,0.8060396725333259,-0.8690153460737503,-0.16009260621832602,0.7701716320656053,-0.15632908904956327,0.7813002701697904,-0.2581988897471613,-0.36393655928121454,-1.226585004121515,0.9808426327082485,2.119620686901925,0.4363869096945275,-1.4232289317395292,-0.9339216027355086,-0.3420094144606504,1.9398116399053376,1.8875816511780856,0.2287597623151448,-1.5882924317680016,-2.349086514292662,-0.05524054973327838,1.902930166365574,3.1435652234435354,3.1435653954094844,2.692278141284303,0.18175448970283112,0.5215825435843843,1.6537377315791297,0.4738372191801664,0.6021085408085043,-0.8242405482516446,-1.8023857775932877,-0.235920176992849,-0.8000554125956634,-1.374669386285509,-1.944690758647114,-1.7982026028088645,26.812170963296598,13.569054489296738,34.31569238783889,190.0405203177769,5.687099003315222,3.2549192873773882,6.107900947784054,6.1582340377135285
S15,amusement,1.2424102271688,0.1142349298494081,-0.7655100327984774,1.2335841660755398,-0.7845996478080717,1.0125615814534703,1.4667693852063215,1.361755470835139,1.0360366614177832,1.4048054539805206,1.3850993357046761,0.3174168177448827,1.4837445707175567,1.3625329263951496,1.5406189989785106,0.9758816030592335,-0.903696114115064,0.09360153074417489,-1.226585004121515,0.9592655748690292,2.1734213555433275,0.5839333079217988,-1.0065091712766727,-1.3232984880829288,0.9748931305458132,1.9398116399053376,1.9634125154475797,-0.13898941688762267,-1.7374530208151708,-2.585885026111323,3.4624102729057684,1.902930166365574,2.4328660405186286,2.432865983574041,2.2585578794518355,-0.3558292122351525,0.9982977715916174,1.6537377315791297,0.5586402001922272,0.5454018952688073,-0.6401406056543775,-1.5632629848067998,1.20095627680649,0.598106202832202,-1.3180267519808158,-1.2690713952470196,-1.1882650355453004,24.047627100431214,11.724814762683083,29.84359782340329,155.09122626373744,5.452473250927208,3.043257888594496,5.796589876318615,5.872836991681491
S15,amusement,0.7206927976857218,0.14006928115268874,-0.5285367651528519,0.7326245745980372,-0.4731980692938683,0.6476079822570898,1.1432173149402212,1.0227900091076962,1.3622283201737286,0.8202466767758972,2.299941948228441,-1.019082836249162,0.3183952064779414,2.3089531914391297,0.38041539633695554,0.5779440350549468,-0.903696114115064,-0.13293215752851195,-1.0264071338693939,0.7966594245605622,0.8873890999325439,-1.3876959521153909,-0.7817130560403668,-1.9073638161040565,-0.962534069165504,0.9805641256664344,0.8500528685419347,-2.066645928923095,-1.3407230705712994,-1.4126560357370488,0.504116039871037,0.956721796349543,3.4784275230196386,3.4784276967466696,3.289892142546834,-0.9318117500258383,1.026339843827337,1.1315047637120361,0.3186755810530654,0.5393079657530933,-0.6337178407225459,-0.9842902861313627,1.1949192206477182,0.6317506042245753,-1.1912574650255516,-0.6130057227006867,-0.6574988624051259,10.388925017404015,8.589215565658604,14.130291433606285,112.52477837740734,4.800925217463934,3.282549763124799,5.361264883092562,6.443631083745567
S15,amusement,0.35936611316432915,0.18390264089185834,-0.6954043611929354,0.3529941412401663,-0.6998879404354005,0.3615893212301958,1.7903214554724218,0.496132081373936,0.3105708327870269,0.667695718623531,1.6869104741708882,0.4687140090636077,-1.3353001828304503,1.6830281739060848,-1.3494707370506471,0.37288322254902695,-0.2581988897471613,-0.6773416346106764,-1.0900200830714444,0.48443615384025845,1.998376751260613,-0.6453861865819998,-1.4564552974111142,-1.8113530772512678,-0.9140099374380863,2.0996862256118214,1.8899032089001417,-0.9439028135341161,-1.2450181625455123,-1.2834932111086874,0.5244585260039898,1.902930166365574,2.7563354484578615,2.7563354004519347,2.356760314517441,0.6809393557880871,1.2506764217130937,0.8703882797784893,0.29367711892291437,0.5521333665807472,-0.6803560603803304,-0.6649833393838572,-0.2788197755462622,-0.8792003131726792,-1.2261090221298163,-3.7462269434932156,-0.17345690836334704,15.43561650039215,12.731968741205048,22.559388606939585,159.12383711612662,5.737525914292517,5.058520926191303,7.238822299150741,12.341836701741018
S16,baseline,0.30566083884116224,0.33605023564562053,0.5594215666412278,0.32376220350191026,0.48578235939356906,0.24447625968582717,0.875040452139362,0.4292570099509721,0.4864747465776407,0.23507264334351854,0.7382138379325873,-0.19536007991618085,-0.6150836833302588,0.72152100410415,-0.6156846960196874,0.6608611946960339,-0.7031717924117216,0.42865647285226766,0.787350424552387,0.8589905823771254,1.3594839848109181,0.09806217842858317,0.37238245555171234,-0.029108497045325664,0.4930145856801738,1.1694262216634685,1.3650103075630435,0.5485773303482274,0.9918875491042725,1.6758964309011248,-0.5561472730330765,1.2106916835984303,0.7307581927294845,0.7307582406963972,0.8886719342653437,0.1840421832247788,0.25836811640195934,0.12155544246831392,-1.2556805672822744,1.0463725486746054,0.3601772151531605,0.7098499665130038,0.008030378749730362,-0.30866740474983,1.3479023460766288,0.4875293590125977,-0.49038517474027116,0.8928836660284768,0.8766653117943297,0.8858183221234792,-0.8506636773620513,1.1016578673419926,1.5512231480015581,1.193616194649038,2.467530272798373
S16,baseline,0.5927433489844021,-0.23729684258323597,-0.640003360682469,0.5921584065655153,-0.6391752857718189,0.581081431834401,0.37020942205896085,1.2054336917123916,1.0858976822988928,0.6822245729799484,0.21966167575047016,-1.201009340842435,-7.706710223785825e-05,0.23025216666624,-0.010783181880020757,-0.38092962048880885,-1.0434162080948128,0.5257801482525019,0.18028461452918396,0.04600819202273193,1.021169659470821,-0.07276744611473472,0.4429603945650213,-0.6847723757735902,-0.3024754568321326,1.0680308845250175,1.0824826371039509,0.04651590913684174,0.4506763695734207,0.5450972687665375,-0.34907616337625835,1.0043237829850615,0.21696483040129644,0.2169648640124393,0.27064629328248657,-0.565272419904674,0.538044943435008,-1.0939989822148242,-0.23037818861921794,0.43333528678861666,-0.8437455466023929,0.25133933011540444,-2.0587657152735463,1.9803638024495502,1.4596681531059634,-0.02523442290010358,-0.6258076481357397,-1.2382954687955572,-0.5250766246139986,-1.1165794195442376,-0.48609352992117366,2.2783397875580964,2.3623286709269404,2.39101666986906,2.342062631808625
S16,baseline,0.33994304815952764,0.11759077639210526,-0.7666051154951775,0.32880495610254873,-0.7067598087677777,0.6937357430810973,0.875040452139362,0.8330694218210839,0.5427225795547943,0.8390093741447715,0.27501887070712167,-0.7140119599874362,0.6008996473166134,0.2801382321359379,0.6113156307713653,-0.56858900350132,-0.022682961045539327,-0.009795196882846751,-0.9536417732078086,-0.1679994421376229,0.5464782454450215,-0.47818256847871937,0.016720991456639432,-1.2465516498221523,-0.2102896417298321,0.5610541988327623,0.4959383355255624,-0.06300546842439243,0.04145996611533718,0.09011505740906134,0.2775846248926203,0.4884040314516395,0.030348705867876778,0.030348612133533796,0.11322030743339881,1.446045725337529,0.4581372785684227,-0.1823331637024706,-0.30638687767989453,0.30723877219204143,0.17950970456219087,-0.8712796364718249,-1.8586479445169832,1.8955508421666811,1.0434368597255326,-0.82932719548164,0.2504803416914114,-1.0768981724361713,-1.554886844637877,-1.1253173210941136,-0.12152338248029601,1.3664730690188025,0.8661229866464228,1.2966401257945297,-0.29275782897607844
S16,baseline,-0.4408695657777602,0.39871964960581263,-1.254976032651181,-0.42591726256190604,-1.2977098666429367,-0.08371513801873112,0.37020942205896085,0.19409693373185863,0.3691516864933583,-0.2661417485795451,0.7197358415262598,-0.07044288877622532,0.9891446756667749,0.7040467429519535,0.9337722624329693,0.8220642580288086,0.3175614546375518,-0.38187442100372404,-0.20142186567719905,0.6872997671120166,0.32323520233085845,-0.7779164351772838,-0.6181094393628884,-0.5332731909011403,-0.32037976679725677,0.3582635245558602,0.14707508043847878,-0.49221784696963483,-0.501849249709194,-0.09533757444981505,0.6169935950591915,0.17885218053158639,0.017795969505056925,0.01779600821658453,-0.08699571407964411,0.7361687328991152,-0.10121637549767468,0.12155544246831392,1.0927843819913037,0.9662574084185539,-1.1593432451296712,-1.5702607692890638,-0.3677976839190842,-1.061726653840243,0.6823138679694603,0.38607932438527187,-0.4093579848734147,-0.7917581699657223,-0.8128946291169612,-0.8082466755131398,-0.12152338248029601,-0.27774025028122334,-0.08502130732337564,-0.2721653052535552,-0.29275782897607844
S16,baseline,-1.0471065299354558,-1.1268564534345664,-0.484107945409937,-1.046279736629649,-0.4536385469693797,-0.9488156346264179,-0.6394526381018414,-1.13402255817894,-1.0980246676998915,-1.1629885729342428,1.2901807100396623,-0.08675640272636652,0.8329364784134691,1.299674431322086,0.8209129550473567,0.09937766521429547,0.657805870320643,-1.0983727755683155,-0.8740495265807658,0.23698098472215243,0.4093553292026652,-0.8835015285309997,-1.0483880592127257,-0.1851253716658851,0.08641476888234166,0.5610541988327623,0.41162776384558036,-0.6801657805544377,-1.3107493862908393,-1.2260834825893516,-0.47865609059349323,0.4884040314516395,-0.2599209575117887,-0.2599209547530338,-0.31964986234731435,0.6572935115170634,-0.021308710631089346,-0.1823331637024706,0.9718244047679425,0.3162758328230697,-0.038575855370146336,-1.3392300514336595,1.0424730245031095,0.5233831412202467,0.6353580772201954,-0.12223488286416953,-0.25993398602494616,-0.44220525580013187,-0.39244393418021895,-0.4615234791689508,0.24304676496058164,0.03780095292561139,-0.1655550604401934,-0.008967912933084342,-0.6691607519453218
S16,baseline,-1.0881490986002427,-1.4751921793070064,-0.35449786214097095,-1.0761724664088617,-0.3647161311200393,-1.6427319654249548,-1.3966991832224431,-1.3818135391596509,-1.3968268669060784,-1.4810320586133139,1.461255049951788,-0.5806366514439113,-0.3208420776160954,1.4466172860064896,-0.2515399191953466,1.5205053976091063,-0.36292737672863046,-0.29411171934164293,-0.2022437602818369,1.3893078149166518,-0.04841097966863114,-0.23646888483379747,-0.6785128511688178,-0.367511295518088,-0.6882300723977937,-0.04731782399794402,0.06877020927973511,-0.8507351691342759,-1.329465336484532,-1.6613820212581023,-0.5140854990042851,0.17885218053158639,-0.06677828574940721,-0.0667782659758924,0.16667969567140387,0.42066784737093427,0.37822961370183733,0.4254440486390984,-0.1572412288481024,0.2583122874862643,-0.2114510492742997,-0.7619398261133379,0.5099269260482207,0.3835899333910262,0.04175136911708027,-1.502361665166968,0.8979574140879031,-0.5454162674736871,-0.7763134749071321,-0.6072159005146976,0.24304676496058164,0.919632675026932,-0.3397170736095174,0.7344125760871029,-0.4182254699658262
S16,baseline,-1.082847581317505,-1.4676274681124615,-0.3448492147316749,-1.0699496700984183,-0.35252565810349507,-1.6388096684625253,-1.1442836681822426,-1.3789484608989833,-1.3879220410106556,-1.4685291049112665,0.7824556263543337,0.1300173373829893,-0.8762488670966787,0.7577501988490071,-0.8851856115659493,1.434976339837637,-1.0434162080948128,1.0376702799476174,1.5733180123281019,1.4860851323146305,-0.06538477048556715,0.5131586976598349,0.06559053285839171,-0.6733814596177683,-0.7112086349992693,-0.14871316113639507,-0.24714067964175973,-0.4514820402210864,-0.2762872284315923,-0.16058942640015922,-0.594885158628243,-0.2338836206951512,-0.0323436181168939,-0.0323436439122928,0.14485414445111566,-0.9596485268149069,0.3382757812685447,-0.1823331637024706,0.9225750310376136,-0.008583353944846729,0.905360172567817,-0.8781508549616441,-1.0024837763666286,0.18970387317763296,-1.0029380051849153,-1.3636933731414735,1.08057080475994,-0.884452297356783,-1.2485969094137572,-0.9399916290411391,-0.8506636773620513,-0.13149176631927195,-0.3080018231615171,-0.17330065503737319,-0.4182254699658262
S16,baseline,-1.080295802277595,-1.4668986837975508,-0.3724201902999536,-1.0681230395022652,-0.38516531014645755,-1.607724179081087,-1.3966991832224431,-1.3352332447387976,-1.3836279290840707,-1.4432078713563832,-0.21882563227121038,-0.0952266475113681,-0.7238968869272712,-0.20749696451565736,-0.7272010741283724,-0.18463460451898706,0.657805870320643,-0.3267514442766819,0.6269946594429003,-0.22082498737824965,0.8948068610831243,0.10217303289402645,-0.18234882676671726,0.815268895496397,-0.2206306925556015,0.8652402102481155,0.6619013535159974,0.2813141649011715,-0.12690618244102306,0.14872130037745016,-0.5889136879833464,0.5915879817583239,0.8024041870494869,0.8024041908711608,0.8372120195958211,-1.4723374657982042,0.4381603623517763,-0.4862217698732551,0.0022839139032520546,-0.20303214394539196,0.12350529539038255,-0.7815727557204116,1.1827390631668475,0.5574552060333284,-1.5730909284385104,-0.1877313392913272,-0.35672934164561687,-0.2633969819951034,-0.7162513031773178,-0.3740994585298454,-0.48609352992117366,-0.970337894555489,-0.7697719849981806,-0.951214430174153,-0.5436931109555739
S16,baseline,-0.7749590809402505,0.4060009425735471,0.6034774619510699,-0.8055071724212187,0.5007274030266264,-0.06240588372506085,-1.3966991832224431,-1.1437070753611338,-1.2060819734594053,-0.5080402378752128,-0.6830065971209984,-0.5953906032213475,0.14642835116804623,-0.706431191083253,0.17933120556723084,0.6598792113470316,-1.723905039460995,1.2229530087796883,0.6507137486543887,0.564386499085314,1.0430471685719616,-0.9830777824322958,-0.614514178561437,-0.28609031031977306,-0.6890671924339793,1.0680308845250175,1.2066314906266646,-1.5952884013335225,-1.0599822664669467,-1.181314824766276,-0.6079788555346796,1.3138756339051147,1.329585730714101,1.3295857896217194,1.3817483668664956,-0.0920210916123894,0.038622038018849655,0.12155544246831392,0.9781061892373668,0.4963356948007405,-1.3765400061089188,-0.15518169886849695,0.6064754204494645,-0.40131473523883465,-1.7639220666079767,-0.123391257796834,0.47306648848214655,0.3254990651257128,0.1933240389607243,0.26594566236322387,-0.12152338248029601,0.03751703074859974,-0.30437754870089795,-0.0263551729680138,0.20911273498291266
S16,baseline,0.28011114461966774,1.1316141965852193,1.3351822528992097,0.29878731784723694,1.3721820454176286,-0.04202951431327169,-0.13462160802144027,0.014757689400461791,0.15501985887622152,-0.14302150957459495,-0.8483989082718257,-0.32331283978003394,-0.2781299183854369,-0.815059010360911,-0.25322081695007903,-0.8391303022199418,-0.36292737672863046,0.7278829660437901,1.2609312308232918,-0.8196073850543615,0.45811823532779977,-0.7130300794007183,-0.9163822255925611,-1.109683524480949,-0.5917501007469097,0.45965886169431125,0.5838385124533176,-0.6746623075421245,-1.2926176128251003,-0.9647973160219482,3.0639099433249695,0.5915879817583239,0.5753577663325041,0.5753577606502599,0.5288873483225468,1.485483336028568,0.07857587045214232,1.6409984733222365,0.9747224530159408,0.5545980194765089,-0.4696803319825578,0.13224764764390343,0.18498025380229216,-1.0961339222323587,-1.1329460332699144,2.5006892345273184,2.5087263139695137,1.9190911434884004,1.63989587994755,1.9302888448034106,1.3367572072832146,-0.029056792029438998,0.23076730602979653,-0.013469162570436937,-0.04182254699658289
S16,baseline,0.7373149670731092,-0.05515178625069652,-0.7920131956229758,0.7165363747190555,-0.8278350206903398,0.7487690519769905,0.875040452139362,0.2191396140477741,0.48593666008333397,0.9221080053583389,-1.5623549701990995,0.10098148221620122,-0.9956955275933063,-1.5663446259137677,-1.0055141088808461,-1.456947520505813,0.9980502860037341,-1.4486028820437997,-1.4399848885041058,-1.6423828816871553,-0.2918018339348351,-0.43149724355538666,-0.5393124232685537,0.19637276888883193,0.09689712783428635,-0.2501084982748461,-0.2915130488440239,-0.48702435549848944,-0.0024595491652079035,-0.3676931304164731,-0.6732599633601506,-0.2338836206951512,-0.06530040678950093,-0.06530042352593822,-0.08265247586304691,-1.3540246337251396,0.038622038018849655,2.55266429183459,0.10552410378787257,0.7548048971283623,-1.738504849846384,0.32252925938240007,0.228779018885015,-1.0371245400433584,-0.22775820003238323,0.5154574775133618,-1.118303460604356,1.6412539638866512,1.8968158562159034,1.7964487979291808,2.06589750216497,-1.046370695026669,-0.27429268670386764,-0.9619611262234911,-0.5436931109555739
S16,baseline,0.13685105278927442,0.33488288961766277,-0.9193421913356323,0.1285264704170996,-0.9032442954668256,1.1090913301305125,0.37020942205896085,1.2051769217496056,1.0560001989756915,1.0662112761671239,-1.9505317969432383,-1.271322429664783,0.5332692050006574,-1.9576792287768265,0.4816250236989949,-1.9136842780756673,1.6785391173699165,-1.8168534199628028,-1.8303347526205185,-2.058655904552636,-0.968185642715335,-0.22624853186502672,-0.35232081471379356,0.2866196408480112,-0.4711423553605874,-0.8584805211055525,-0.761048862037738,-0.02713514518866508,0.44478637310170177,-0.08616153276929725,-0.24115983343749897,-0.7498033722285732,-0.8190484182043234,-0.8190483933590074,-1.1044714374921658,-1.6695255192533207,0.897629435334642,0.12155544246831392,0.9594664470404364,0.27535710765473487,0.261410795807155,0.8561228206889566,1.240870433895086,0.5977066085620246,-0.06536260025479407,0.25529869422494256,-1.3821626188194187,-0.7340762145337052,0.5106445159455824,-0.5007079163475732,-1.215233824802929,-0.9268712614588954,-0.8913640487581997,-0.9254866027915952,-0.4182254699658262
S16,baseline,-0.1862290041422743,0.19471428222022946,-0.24968908303834453,-0.22313324469418647,-0.13572063992099914,0.9937683849522237,0.1177939070187603,1.0892113472712537,0.5517172346521354,1.0219677249581156,-0.7634237787369429,1.9712467224270445,2.159577613116341,-0.781192094092262,2.146647361899027,0.23430498662434077,-0.022682961045539327,0.1610711706800057,-0.6008375085954575,-0.38935433176536655,-1.5187605639014996,-0.22088019486555915,-0.20645435921979133,-0.17767676620513817,1.0786405607999756,-1.4668525439362587,-1.430699402722031,0.47916484252703373,0.6396109622570553,0.5915240250275045,1.1573250521579743,-1.4720910243753638,-2.455289899914767,-2.4552898976710735,-2.3630448480332613,0.460105458061947,-3.477315216110905,-1.0939989822148242,-1.0327384947008487,-1.9881655332760562,0.9764115191555864,1.347920472402339,0.08860816803689983,-0.6940320974495255,0.07949171070259822,0.5442593963077125,-0.8346179742853425,-0.34210602497661313,0.15010999238922432,-0.2735817737067489,-0.12152338248029601,-0.9025719044183421,-1.5001840128933888,-0.9546652667479044,-0.4182254699658262
S16,baseline,0.6848296307527458,1.2606947826168782,1.6941374174218367,0.6973835753460927,1.724672427650469,0.6143427347518069,0.37020942205896085,0.7586071643568273,0.36557738699314213,0.5764126447819997,0.5804510115554645,0.6389723355427996,0.5189901172587719,0.6265155450731371,0.5846186941798104,-0.7584402582851137,1.6785391173699165,-0.5164798876895613,0.06256824797785397,-0.45311857165782427,-1.8066082793855556,1.4511067235473627,1.4428614702356544,1.3048767999346107,3.1305414760909396,-1.872433892490063,-1.8639478245561667,1.413638599304309,1.544773355240207,1.0976632659253678,-0.5542332215970561,-1.8848268256021015,-1.3983983664744177,-1.3983983786766845,-1.451433567120811,0.42066784737093427,-0.10121637549767468,-1.0939989822148242,-2.1376886783907705,-2.3725895647006405,1.2451177647274432,1.3005213669382443,-0.34980418278820563,-0.9209393478807699,0.38210755586105033,0.6593806503844886,-0.39505894383558915,1.0970807731408658,0.6558336623987171,0.989492366825569,-1.215233824802929,-0.8086907540837605,-0.9243242546471941,-0.8262299135487924,-0.5436931109555739
S16,baseline,2.6230026317711994,1.6487556582284446,1.9862854924949724,2.629123287817045,1.9831263281117764,1.0409670472391865,1.8847025123001644,0.4249750842952776,1.3739854436548917,1.1299548621107434,-0.04043094027436875,2.292251966301054,-1.9712720598893891,-0.03231249236631911,-2.009093724976453,0.6703865342383971,-0.7031717924117216,1.7888277002135058,0.9603531371595856,0.4828845316825958,-1.3565426161517484,2.8590700627247148,2.815827333199875,2.69003633618197,-0.680334605434354,-1.4668525439362587,-1.4289258725506149,2.552505668649049,1.7871222364224437,1.594341960264391,0.04258253111333532,-1.4720910243753638,1.3938645701612975,1.3938644916718228,1.076327795047628,0.3023550152978434,0.23839120018531298,-0.7901103760440397,-0.887172889260658,-0.8365172595763525,1.7863484169506263,1.4370847291748245,0.544616615327782,-0.6078147055655784,0.09398789401255021,-1.1947199997131766,0.6615557699737833,0.44279624167140935,0.10317446239523216,0.33926957941889646,1.7013273547240924,-0.6482900644462447,0.5521676896316106,-0.5018700181504211,-0.4182254699658262
S16,stress,2.775062335791411,0.7069582648677813,0.20734068863436161,2.7481390699742336,0.08912860909767027,2.255452305463302,0.37020942205896085,0.8192391559437592,0.5463044166303929,1.8795497063287623,1.6302162627661,-0.12375506675598871,0.7710030218186412,1.6068562433214435,0.848900893646251,1.8662815697655344,-0.022682961045539327,0.8344016720741523,-0.2243676942135094,1.7181901292618058,1.3097956913031383,-0.4427518422032615,0.008289806159454948,-0.16743493369661316,-0.6148578117057149,1.2708215588019196,1.5425818013072903,0.05428319141570313,0.8824152478727205,1.1133391715606513,-0.1902431432419964,1.5202435345184835,4.8216323317926175,4.821632401554529,3.577397246088713,-0.210333923685454,0.27834503261860566,2.2487756856638055,-5.553585557646482,-11.513373534210581,-2.9608760227518016,0.1999583658459418,-0.43499440757592933,-0.5483785249117836,0.1198228306741872,-1.4413643322955516,1.2378434971681556,4.302534327585463,4.874528456164808,5.268924238034531,54.92856888109223,3.6178303755448167,6.306931225593564,4.810686411848791,12.75587683395769
S16,stress,2.1909685315813126,0.8034996692530749,-1.395792417697488,2.188720327128758,-1.37629269658794,1.4381755798857412,0.37020942205896085,0.8067149182957686,0.7553701139892539,1.3856808403482175,1.9637308874040666,-1.4889583312218369,-0.025253088823123875,1.9468401204094345,-0.03642447220954726,1.7214856594565062,-0.022682961045539327,0.19879679404443143,0.03202624722516191,1.7323479858130535,1.2874741527159885,-0.8001501886908831,-0.3660323770838398,-0.6871175643939069,-0.9031741134670445,1.3722168959403707,1.2460626373132564,-0.5731277420264681,-0.5296892329856032,-0.04580906031882947,-0.6572957692432698,1.2106916835984303,6.691987398113576,6.691987520784381,5.780267568980304,1.2882952825734517,0.15848353531872766,2.55266429183459,-5.004339036982492,-11.53556175299587,-2.176011407796047,0.05104637756643585,-0.3834855719238255,-0.758769347951877,-0.5366997572406591,-0.9756446697507796,0.9739346614396192,0.7870897107985496,4.164395632876579,2.093538575735268,44.720604752747654,0.8381386953860431,2.2078730944952922,1.1052867176127348,2.467530272798373
S16,stress,1.9636944607503202,0.5288162448599127,0.11130526272583015,1.911535093993572,0.29627865702840694,1.9586650205626788,0.37020942205896085,0.4692646595508949,0.19130807615441964,1.7315563410585966,1.5728013396656035,-0.5115744852048844,-0.41918801023428254,1.580053637740158,-0.3407022020564256,1.3654305335132177,-0.022682961045539327,0.5367450250676479,1.3750474987943104,1.532988536041363,1.7255411569464063,-1.1637315881135282,-1.4083250257736213,-2.465402949008338,-0.5908230081975612,1.777798244494175,1.7705617381569816,-0.938029749195848,-1.9712287960071717,-2.462000249682565,-0.4487860982339414,1.8297953854385367,5.835906851280042,5.835906909642638,5.066146682765249,1.6037961681016326,0.1385066191020813,2.8565528980053747,-4.718479037748111,-11.632139409940406,-2.276477522387649,-0.38004102090924946,-1.397886648102264,0.5427667325505878,-1.2242981870892797,-0.8690842141163885,0.7713458879488378,3.0457547909386595,5.203048499690506,4.459691882642886,64.40739271455504,-0.5730276945595234,4.046373217591361,0.3724175610932279,6.482494784470301
S16,stress,2.1208128501542367,0.3056785472363866,-0.08391566967337674,2.100791066989466,-0.19796892352818837,1.110314163120018,1.379871482219763,0.15285097519207105,0.12969316243164633,1.2410422377983465,1.297454899023942,-0.3970266725040076,0.2283568985588199,1.2957454507099992,0.2988881787312692,1.0870035409192451,-0.36292737672863046,1.0879661360615442,1.2292486778638938,1.3174912746756724,1.8413854136730725,-1.5761694790091247,-1.9342487389273333,-4.565277812857413,0.03355786951153423,1.879193581632626,2.0629584417323876,-1.8085312526258028,-2.8681963711948506,-3.6295764686734104,-0.2902083538389511,2.13934723635859,5.957085383405478,5.957085510128679,4.88665651356852,0.2629174046068306,-0.0013317944144430132,2.55266429183459,-5.42624816469201,-11.392650832139527,-2.122036760299091,-1.1248052754507685,-1.0973122180312869,-0.1097235543135062,-1.687947528400478,0.23301459341014755,-0.596129159080947,4.114798353406862,5.590994190491851,5.543126320921279,74.61535684289963,2.5296924138895696,6.373113191406107,3.8918037903675855,10.49745929614223
S16,stress,2.340024613047143,0.5214064975397974,0.46384231409755994,2.344556551885584,0.5348395880506035,1.2008920229322773,0.1177939070187603,0.7544148210487341,0.47931226314317393,1.4142350241740007,0.9413435930739366,-0.22034492296778757,-0.35269439407407127,0.970299028042684,-0.3838300182006182,-0.6368249329299048,0.9980502860037341,-0.326253772416093,-0.20014705890949339,0.008964800642101799,1.8326078633673328,-1.4723865755430439,-1.0097147446038408,-2.5674376848610616,-0.8232554889203019,1.879193581632626,1.9183047038404064,-1.679588441110484,-1.9393874545133727,-1.6785913008933575,-0.028099556522271002,2.0361632860519054,3.8876543494031592,3.887654370377619,2.6054406013613267,0.026291740460675183,-0.42084703496401604,2.2487756856638055,-5.500578503283607,-11.395699684394623,-1.4194811965794332,-1.527509713403816,-0.2642787685570051,-0.5469970758704326,-1.9286826070447558,-0.546943573716081,-0.1234692833900715,2.524871170028474,5.730601290391619,4.366656014894145,71.69879566337261,11.266251969287056,9.808434776785372,13.15088992579423,17.272711909588608
S16,stress,2.9499974757708443,0.1137132282322905,0.13832422436201947,2.9171893848226884,0.09148372669094453,1.914606954279299,0.1177939070187603,0.7925165704802644,0.47931226314317393,2.0441241099829366,-0.07171537187731014,0.7746236582617944,-1.186813097388559,-0.05475334550301214,-1.1854094338839858,-0.3146722576183146,1.3382947016868252,-0.20805080927827202,-0.08395350561239205,-0.3260760238737302,2.09517564379922,-1.476622175418336,-1.1845644682640633,-2.258294144745572,-0.8018428408615141,2.28477493018643,1.9255212869650467,-1.569670725102788,-1.6294326057388238,-1.4549875765021179,0.2010593940742025,2.13934723635859,2.458439812071968,2.458439876067817,1.410991007412126,0.06572935115171422,-2.378584824195357,1.0332212609806675,-4.69447767365595,-11.526562685667077,0.5496774095456497,-1.3748972205338539,0.6691115428148543,-0.18741976463276971,-2.326830621052654,-0.8052514280244096,-0.06947658759831851,4.115831339336047,5.262115242673758,5.34493333328484,51.28286740668345,11.518382561980602,10.185920014430156,13.582763168750184,15.892567858701383
S16,stress,2.9066233066611535,-0.08714619927851999,-0.6683537802224824,2.897480282913865,-0.7831914756434789,1.7142427117879695,0.1177939070187603,0.8758757648044447,0.8275286250773953,1.841620904312324,-1.067651276668781,0.09293249777977437,-0.7511086190105454,-1.071976565130132,-0.7200934217686933,-0.26130635505159333,0.9980502860037341,0.2923151670929523,1.4470135256241863,-0.1593961609591568,2.780193033727816,-1.6231222785198072,-1.8309301110376919,-2.9851678934421173,-0.47415651581779356,2.8931469530171365,2.624821136208298,-1.6273453046647515,-2.2443269099543013,-2.833917850692369,-0.6238103733177953,2.7584509381986964,2.8685373688895144,2.8685372952601975,1.7468532973672624,0.8939191756632189,-2.238746410678832,1.6409984733222365,-4.617179267445473,-11.348241709965988,-0.12996614041402227,-1.2840940596918413,-0.44933642373364835,-1.018249772670016,-3.012773679336036,-1.464712376495154,0.7738468250884752,5.673957284557308,4.21933466602609,6.004781409230672,56.751419618296616,4.708143135581569,7.1027814595524035,6.092802006554828,11.752135706039708
S16,stress,3.274538117154566,0.566105138988763,1.0084666190066984,3.252343667485809,1.0615868470147487,1.7730610243461788,-0.13462160802144027,1.122935369019178,0.9902150662555208,2.021792761623202,-1.726197594593454,-1.0859478914306087,-0.3194631588752825,-1.7098520247873539,-0.36426365945677014,-1.5816610598938858,1.3382947016868252,-0.9027563250996471,-0.4128522718789673,-1.539469025523697,3.604295713119066,-2.035516716843535,-1.947563513071645,-3.475546833950313,-0.6354154979060295,3.704309650124745,3.646738114064548,-2.251749513256591,-2.2850910074348727,-2.939230788619032,-0.06224531149527958,3.79029044126554,2.7535536022150056,2.753553595197453,1.9612111116368893,-0.210333923685454,-0.8803161079468816,2.2487756856638055,-4.897955647585186,-11.65422899522809,-1.3112986160364024,-1.454810987450946,-0.3791803589422021,-0.6105451053227305,-3.774817937659043,-0.7320316505856445,-0.4701651669573383,8.107861950410053,6.868603539902174,9.566595287978465,98.31241642655667,2.464457419307264,5.274407612250973,3.41559991481531,7.862638835357527
S16,stress,3.6552110587080886,-0.07952542828364545,-0.5899169148121782,3.6393048061671296,-0.6990169925510884,1.8427824854481547,0.1177939070187603,1.018662264721386,0.4939057967757193,2.0473093116673353,-2.013983172994487,-2.368535569899682,0.1338451605356446,-1.99697567975371,0.13104568631671687,-3.296269975369786,2.359027948736099,-2.2926553391294378,-4.1633856070552975,-2.8114038868729385,3.8688189524358627,-1.826427042386367,-1.4609284966252702,-2.8811481181828036,-0.5421018265232106,3.907100324401647,3.910371620828833,-1.9846354111598739,-1.8210867362917404,-1.190510549075881,-0.5051258116941915,4.099842292185593,3.4591607851659867,3.459160806886898,2.582767748291347,-1.9455887940904888,-0.600639280913833,1.3371098671514519,-4.733644122507073,-11.486726988512196,-1.724088390956974,-1.4074393310586186,-0.18464605898890588,-0.46860495939653446,-4.639024774676656,-1.8633280733706143,1.9905077347565108,4.91522212330253,5.815819919118293,6.319948095808698,88.46902244565297,1.3637797774803733,4.922888054194839,2.336611660707343,7.486235912388284
S16,stress,3.5966538857963735,-0.07451595993061015,0.26346033806980546,3.581383355924638,0.3598052067345627,1.5596159071757267,0.875040452139362,0.23859174056621762,0.6983634230927261,1.8175300766807323,-2.0366202651350416,-2.341888385663333,0.05636293559252216,-2.021867836552705,0.052962880125038456,-3.336998755208966,3.379761195785372,-2.553167633764975,-4.3863205183069285,-2.871499950964851,3.6125751078780546,-1.319913388432669,-1.1348413005816598,-1.6593285357718097,-0.6400288301170616,3.704309650124745,3.6044554557890396,-1.3085547680523382,-1.4255106481803768,-0.33865990088147524,-0.15332132623063188,3.687106490958856,2.0995689602067977,2.099569021961202,1.4548910427029849,-1.4328998551071914,-0.78043152686365,2.55266429183459,-5.122900582631561,-11.328811832643144,-1.8784521993202938,-1.6068125450306163,-0.8076910098626543,-0.33884753668393214,-5.05982752402959,0.29907623359189134,0.8041017173171581,3.430620656003114,3.456358438079774,3.848444651185588,26.85666752814465,0.22944960931697397,3.7195847220309712,0.9702564157204427,5.98062422051131
S16,stress,2.86118204420473,1.2902069615788747,-2.135963469010935,2.8511598954115307,-2.2099462650611383,1.7570251862406303,1.1274559671795625,0.7030185485224086,0.6367419245214098,1.7211930017477932,-1.6320635692326144,-0.29508155966205063,0.9726189034038236,-1.6254521365256682,0.9927034524903804,-0.8665576339705213,-0.7031717924117216,0.21156442064142347,2.9877930104025605,-1.2904477502070122,2.223454517922029,-0.0008250968862884992,-1.508089462463543,-3.0361391811651917,0.5849762565061297,2.183379593047979,2.1926050393374847,0.06050569375896199,-1.9230623281697827,-1.8356259775650692,-0.2618911755853484,2.0361632860519054,0.5197000524539275,0.5197000773438346,-0.38294118681040223,0.8939191756632189,-1.3597620971463937,3.4643301103469435,-4.696285167823076,-11.679009202585053,-3.130032097528122,-2.2101749782656195,-1.1124470632629715,0.27993791576511484,-4.672098541754156,0.6530726164215337,-0.5686733731747938,2.802442270882446,3.4046482145585553,3.325577133695099,30.13779885511255,0.38609658657025847,3.889622949022583,1.1563749533688685,6.231559502490806
S16,amusement,2.2582916880733337,1.7595763710289323,1.5749433636076293,2.234221691290602,1.6394373019049668,1.7422909009657217,0.1177939070187603,1.2105630438098742,0.9259455973298479,1.7146609340279726,-1.2590580316073303,-0.8909086867287709,0.028739570936602687,-1.2572238909237379,0.11432605170624813,-1.2350725137573206,1.6785391173699165,-0.31445076008423145,-0.719635527005254,-1.0578964970820641,2.5035165211513317,-1.0231366253901386,-0.2126620783007655,-1.6025717139537328,0.015646949808005278,2.4875656044633323,2.340268992372409,-0.8754717563889696,-0.36189280592286616,-0.3611530134475381,-0.4797879883911385,2.448899087278643,0.7340307786658483,0.73403076649403,0.7332026733124472,0.7361687328991152,0.5779987758683006,1.6409984733222365,-0.7153821613492277,-1.2039759586258347,-1.205869177997833,1.264031144539598,1.275349611881465,0.7542384189942185,1.7290238450069246,0.09539119311994551,-0.616962348923503,1.2057065941573741,1.6790557622590405,1.3766518863539463,4.617888534251113,1.0226344390906958,2.0479666739719167,1.2294874563022602,3.345803759726607
S16,amusement,3.824594348989136,0.6428288120355033,0.5595065489811093,3.7829726062923004,0.625305957234272,2.1416354099546098,1.1274559671795625,-0.09412095108430685,0.09383217843902879,2.301577138127732,-1.3041828288728594,-1.1016038204319492,0.13287652456092008,-1.3026017049626297,0.10749200846025786,-1.406046326693219,0.3175614546375518,0.2290163112478236,-0.22076462131704658,-1.0030182154020002,2.151808333826561,-1.6243497906252575,-1.0851707535569362,-2.432187386060535,-0.6785615405269075,2.28477493018643,2.238078115218468,-1.2749177818709996,-1.1664588919352112,-1.1740756375438217,0.6001410075831642,2.3457151369719584,2.382324231670198,2.382324203701893,2.0492944664227886,-0.6835852519777386,0.39820652991848365,3.160441504176159,-0.5052487766599231,-1.3498151747962472,-2.398988152785566,1.6619370685678978,-0.3068059565283424,-0.47855104773645185,1.7477959905913878,0.1438072051003982,-1.270720801724918,0.21186839852073877,0.25509012990214647,0.189644248345206,4.2533183868102356,-0.6200947744632612,0.3834230431646167,-0.5033325972541631,0.20911273498291266
S16,amusement,3.6326071836685556,0.927867856960636,-1.5889705080695693,3.6656691249002247,-1.6447419076053351,0.6792030310629313,0.875040452139362,0.04930344063076277,0.11160120291983339,0.8676772494329621,-0.6002137054544122,1.069201115938898,1.6264469550342402,-0.5801773903544761,1.7384156537391935,-1.4117843925451403,0.657805870320643,-0.39517650918477065,-0.5355310828942201,-0.8952097556779851,1.900774652167894,-1.0830396586632387,-0.8248453379877458,-1.4777067059539613,0.26560638503540585,1.879193581632626,1.710033191470835,-0.8346070547259321,-0.6593260857321235,0.5430924770189055,-0.5078136686389558,1.7266114351318522,2.5871098082585267,2.5871097164244783,2.1367178975267667,-0.8018980840508032,0.8776525191179957,2.55266429183459,-0.27175110774002526,-1.5124270687237302,-1.6570509225902372,1.451467694539586,-0.593858641182085,-0.35845090345829245,1.6794999056441244,-0.07774096874943921,-1.0346409361435076,-0.399895309254102,0.11274425095756875,-0.3276125517527411,2.06589750216497,-0.20825539659866757,1.3586162059341822,0.019982118440905017,1.212853862900895
S16,amusement,1.7561223300771314,2.267580201707096,-3.2627406032733317,1.7455325727358357,-3.27299395188535,1.5476537231511158,1.1274559671795625,-0.07739624836571135,0.0939950278509168,1.0100004681361185,0.4381774843544884,-0.3620886973663784,0.582902462563122,0.47554470439941887,0.6269443575573468,-0.917086335974374,0.3175614546375518,0.16904368204494083,1.4463752808346786,-0.25599860308790456,1.699450047658285,-0.1813500445925868,0.2886559371993143,0.9824435343060081,-0.6785848579345773,1.6764029073557238,1.5494892977916217,-0.2948909153100964,-0.3482541513634246,1.279503771294671,-0.18538283176012624,1.5202435345184835,0.5307849581487646,0.5307848344199015,0.29856790316585546,0.7361687328991152,0.21841428396866666,0.729332654809883,0.12966308688147718,-1.1653052211505681,-1.5394020315594905,0.9990770761657123,-0.7727483194789166,0.018943660654566236,1.9217718661444008,1.3757739670206541,0.38337274560407764,4.5874995127720055,4.75145519768829,5.426467893989989,56.38684947085574,0.3302982135569946,0.5960859434801034,0.3533034782081955,0.585515657952156
S16,amusement,1.114926477503693,1.3588736451348373,0.5375083450062366,1.0516977627421933,0.5868020632330219,1.367303849403846,0.37020942205896085,0.5274336139748779,0.40623398470646027,1.4353626504620383,-0.048764934095983564,1.16148913627206,-0.8079795342471644,-0.057130605642954524,-0.9761396107088328,0.10662754266042358,-0.022682961045539327,0.7023171823765555,1.3668318253725118,0.5699446979946872,2.1627861736702725,0.20887340390734235,0.829972519081943,0.7456638261019188,-0.4348889139902141,1.980588918771077,2.4280182725930377,0.4404671128696911,0.7412410482016231,1.5296440289587863,-0.5355027978591033,2.2425311866652744,-1.571298492750936,-1.5712988433669568,-1.3449510567751042,0.105166961842727,-0.12119329171432101,0.12155544246831392,-0.722102270096436,-1.0820135868363014,-0.9790751167401159,0.30797328445572314,-1.0432105683810673,0.07183925820067891,1.8896722398989436,-1.1768724025851258,1.7812649461356376,10.052324494277942,6.720653475990616,11.009902612334132,64.04282256711417,-0.7530952040797583,-0.03746285411686995,-0.677859447675134,0.9619185809213993
S16,amusement,2.535377054671628,1.3571072484699442,1.5658830595544715,2.565074690724491,1.5227115215556801,0.6622319401415615,1.1274559671795625,0.29083997216178614,0.25721120580027634,0.8221716834870391,0.29445494162324226,2.298201237681463,1.964612336039607,0.3027168178261995,2.0656548162121586,-0.05433443327880377,0.3175614546375518,0.6637405266594217,0.2688762572975939,0.15573296673418596,1.868248689374794,-0.06897529213286947,-0.10961331081276444,-0.9961027527290993,0.43440639284556426,1.777798244494175,2.2450211537850904,0.717619604960011,1.2205242231306708,0.9909982025257156,-0.5095341585903416,2.0361632860519054,-2.286560693271074,-2.2865606977643913,-1.9273993291610851,-0.4469595878315832,0.21841428396866666,0.12155544246831392,0.20729098398787657,-1.1308573740445007,-0.8642461297079674,-0.02100394236271933,-0.008781734347570883,-0.9876654089880512,0.8702806225073432,-2.257255446858123,2.6021789127716533,5.558218509478784,4.7542766568678685,6.199749592891155,40.34576298345712,0.5053408175179304,1.6704224992883236,0.7004377070159188,1.9656597088393815
S16,amusement,3.5919630931503574,-0.1827592033606796,0.012997263910620395,3.5751922210982987,-0.04175193836277198,1.5421160554836404,0.875040452139362,-2.333199139174486e-05,0.2798401441918292,1.7015847455118396,0.9467764669875481,-0.22306345522167959,-0.5492791744245782,0.9479566286318971,-0.6287367177552464,0.17147150227687932,0.3175614546375518,0.2879434523863156,0.8459728916266706,0.6261047582705026,0.5833482772123895,-1.0224893090463478,-0.9089462201653395,-0.7512193866825597,-0.20998864415951293,0.6624495359712134,0.7334362096011263,-0.5370287170397167,-0.05961632682695661,-0.3437965491838215,-0.38414585789790906,0.6947719320650083,-1.2010544842811472,-1.2010544644923844,-1.3069062431999892,0.6967311222080762,0.1984373677520203,0.4254440486390984,0.04378992887468349,-1.3146801087111888,-2.0162442099516387,0.41079511463001,0.9566468670780137,0.14327722030300694,-0.0710140497859433,-1.1103355073349712,0.3601724794452391,0.7994982783601418,2.2445289480533934,1.25319403514106,9.7218705984234,1.1933063392611698,2.076379127007816,1.383865222273175,2.0911273498291294
S17,baseline,0.5561115552752197,0.0972086520585049,-0.6658046748096051,0.5595141447340275,-0.7794981541451848,0.32574778667391624,1.9199776097211116,-1.4798821818247665,-0.9475303173440918,0.060350436373403094,-0.08131234232811944,1.4671339981404525,1.5931445124859196,-0.05246778188714027,1.5793007410063402,-0.8381809214805259,-0.47489950823394944,0.1948323130662329,0.6815265919841305,-0.9706615890208543,0.5497745404219905,0.13882849360595342,1.4323816282487674,0.9092566191883503,-0.5658751613446845,0.43168978817122194,0.5289723476390106,0.4722185270643761,1.989200164039452,1.422378822115075,-0.20512405219295057,0.43569543086263396,0.017928946815641347,0.01792885862622232,-0.2640254138473799,-1.7780783545346126,1.3538827225209125,-1.537364733866401,-0.5576357782872816,-0.8196239826340089,2.4003144867190107,2.23023423575935,0.6390993634750536,0.2647827478773377,-1.5907186085076899,-0.5647768856566698,-1.1105359745486951,-2.3490944502004107,0.02374847953117246,-2.114774032483978,-0.8015333899683329,-0.2674792032746466,-1.5446889674136086,-0.5024207201225467,-0.6200372829385687
S17,baseline,0.6501902687433888,0.4356269748626399,1.247459776094174,0.6407510817991704,1.335506613117574,0.8196203330696479,-0.6514209747268063,0.139537990171774,-0.7826562639197285,0.9111138893368579,0.3584207713305678,-0.32321137255695825,-0.5946228342258216,0.3899555728645998,-0.5918697315783911,-0.4297876341579126,-0.05587053038046447,0.4961816591804832,0.7502689618327992,-0.3253207568189752,-0.060074795716783404,-0.5477756745082045,0.7639976722575432,0.7234447469278004,1.3500954561858773,0.0,-0.050414403201318694,-0.38189817946434074,1.3417110710804776,0.9031847871150565,-0.7900923729365887,0.0,0.6295341410295955,0.6295341643861537,0.47856839743681384,-0.8189061563228074,0.7029775674627818,-0.8591155865724007,1.1468697488475759,0.657217130666017,-0.5139785981157277,1.7571716967984956,-1.2604212145848541,1.7392735679416513,-1.5625944050210914,-0.9919294775175315,-0.7723931090832196,-0.489493012154252,1.2322810639921302,-0.1472448521112334,2.061085859918578,-0.4730257817435186,0.2559194117354866,-0.39659464376862774,1.1238175753261563
S17,baseline,1.1331217009659078,-1.368313653392488,-0.415551589972174,1.127652644100607,-0.45918615400990814,0.93110738350756,-0.1371412578372227,-0.7600422109183969,-0.6903390028927455,0.9838321809488657,0.0037583900044036826,-1.0252355193225224,-0.2165491868208552,-0.013389163754235012,-0.14790023572299352,0.5619324101578943,0.3631584474730205,-0.5949016595689949,0.26711285295683473,0.5876670883741263,0.29279922529520347,-0.561393161676409,0.5784260299976165,1.139492198277509,1.3133645736133863,0.32376734112841643,0.3286507753857097,-0.722300817071436,0.4117182696706053,0.7601058414697871,0.018854322726964273,0.32677157314697547,1.093412774229059,1.0934127682648147,1.280736968438345,1.2850844720128,-0.5988327426534795,-1.1982401602194008,-0.4295176302918029,0.710269405919773,-0.9569339075743557,0.8134687669721453,-0.16357081302279802,0.19419244333982202,-1.369423673951099,0.82017465192418,0.7025655603013127,0.07484693315954523,0.5720391316688014,0.18494345016259187,2.251927143244372,0.4086180997833731,1.2751188726599756,0.6446822524322255,1.1238175753261563
S17,baseline,0.24115578470333826,0.9164484673107269,-1.0695678413402316,0.2590266533712457,-1.0518774583722825,-0.49919689226279074,1.405697892831528,-0.14724088640849875,-0.13737635499541526,-0.334871875499296,0.8716215739471765,1.136057235828155,1.3626375367695673,0.8275167121202256,1.2856282324232047,1.0847998250958566,-0.05587053038046447,-0.42788176870117495,-0.7264200518157413,1.0011525133678314,0.9345063676299692,-0.6761194295474069,-0.24076629529032836,-0.15768874732238305,-0.8154890946538816,0.9713020233852493,0.9768642882912617,-0.9906756817139698,-0.6671249881165252,-1.3453306090477122,-1.04128880289736,0.9803147194409265,0.29964060712651697,0.29964062847548545,0.19562858453168458,0.3259122738009948,1.809516331061604,-0.1808664392784006,-0.7925815150820629,0.43100937342547174,0.16388714978500687,-0.24678125797331898,-1.9654086138337097,1.6572061472366448,-0.9677738653544322,0.46315102134445946,0.08948034997399766,-0.9498481341718435,-1.4804255431035387,-1.1617832833802464,-0.6106921066425388,0.2777103722139313,0.1606020782305202,0.24806842853827799,-0.038752330183660415
S17,baseline,-0.03903919675874192,0.7671650692174866,0.4861637731884198,-0.0963471044495744,0.509617990832506,1.2762245008025739,-0.6514209747268063,0.5357250022386202,1.231906267726939,1.3591773452077636,1.92664767575079,0.5727214655076561,0.5296128982431837,1.9464886999955335,0.4785504500761615,0.2079912392270169,-0.05587053038046447,-0.12919381523541443,-1.233579466990554,0.3645333088908597,0.7302629290914625,-0.17206600149285123,-0.5910421793373132,-0.7913633151923046,-0.2616823540438616,0.7554571292996384,0.7636675113374743,-0.6710296534203902,-1.3292169544097439,-2.381003040979319,0.8949251445445999,0.7624670040096094,-0.7995564537787491,-0.7995564397370261,-0.7988192876000356,0.3568533124529805,-0.6639232581592925,1.1756318553095997,-1.1580052905794327,-0.09512999562673005,-1.3875741614632915,-1.1364210738596898,-0.05064476022893396,-0.9877695368546275,-0.5008587454276899,1.2205831155213331,1.3745859086319083,-0.19798595783057346,-1.2383696389284824,-0.4467275306876779,-0.03816825666515664,0.5856804789035105,-0.5615551029580118,0.38398324529644134,-0.9106797593160229
S17,baseline,1.131179633138044,1.2207401946881842,1.7779913688260456,1.1415745399423132,1.6517312018895947,1.279519712708209,-0.1371412578372227,-0.08150713452094682,1.033970757777677,0.9616303078115489,0.8834395211518622,1.5864079475921518,-1.936746057230589,0.8280765455309743,-1.9356547647243683,2.7838155552634496,-2.1510154196478894,2.8501580892497724,2.165321448143427,2.7327360224680795,-0.05229310034770105,-0.4306948560661038,0.770481984767204,0.43729446364655206,-0.007533050357447893,0.0,0.0663919928963752,-0.4773593467146075,-0.09920741891777099,-0.14488555002417328,2.0313092514832354,0.10892385771565849,-0.48961193637817924,-0.48961193470603503,-0.39928563772365067,1.5326127812287684,-1.6402809907464886,0.4973827080155996,0.9516253913242948,0.14079923463380112,-0.37332561878959036,-0.289461939403214,2.179690828598786,1.61343210646758,-0.09498916782332689,-0.06279000157226775,-0.519969182342841,0.17140540071905594,-1.3956222314447704,-0.14374422493190725,-0.8015333899683329,-0.3133576724002917,-0.29486005614556454,-0.3663818021750909,-0.9106797593160229
S17,baseline,1.6237646122207017,0.19018597688248443,-0.688612796012134,1.6382918091684313,-0.6502853523999471,0.8993256028604348,0.8914181759419444,-0.16549289992317023,0.4172252540141959,1.1694961207919579,0.08309093020607661,-0.2680483995522264,0.18512986876148949,0.07057499972585603,0.24468434398420974,0.7240923783291087,-1.7319864417944044,1.007626515447616,0.7106581955787926,0.672268981086259,-0.5055945072363167,0.05933521919546673,0.7251695425735477,0.7676297171403448,0.6691510912085756,-0.5396122352140275,-0.48237234962772135,0.3022806598819287,-0.2581823743088627,0.15461233236227412,0.18335603389970942,-0.43569543086263396,-0.6736893995486859,-0.6736894177235939,-0.7014736730913427,0.3568533124529805,-0.9893758356883579,0.4973827080155996,0.34667515062853455,-0.8653099253497413,-0.4007525200676645,0.21742542166924442,-0.2710230942240288,-0.06635202354944607,0.10840122716696253,-0.3078775293950965,-1.0526284736937555,0.9716949460866783,-0.06721517883088167,0.8365091873347955,0.15267302666063742,0.10034797815447775,0.44992496731212184,0.1556406814463283,-0.6200372829385687
S17,baseline,0.7863674651204042,0.6844520381592176,-0.9829935604151583,0.7718524212103914,-0.8406510438338594,0.9347011655899736,1.405697892831528,-1.0407696748294695,-1.2568909813317521,0.5910228498710047,0.2864109037552686,-0.8749439149459076,-0.778969811056886,0.28560759750753045,-0.7683626373156306,-0.1148244337188395,0.3631584474730205,-0.2995422738554373,0.44313820510893,-0.056926250573434256,-1.0133066751829665,0.06735394125129582,-0.7213675554521812,-1.4115046322408833,0.01866505503807643,-0.9713020233852493,-1.0507453474760746,0.07444481132768936,-0.2838669979220541,0.799115227210607,1.976920642871886,-1.089238577156585,-1.4941917511375393,-1.4941917642135663,-1.3959994599335928,-0.7570240790188153,0.31243447442790345,0.4973827080155996,0.7359498898417149,-0.4152016359893158,-0.3458980938332307,-0.5191399270447911,-0.5271467298527632,-0.8096966024650633,0.16510018363273235,-1.3644654933210245,-1.1646075175984412,1.7019452427959414,0.7007191587491651,1.6741084941583655,0.5343555933122255,0.7724172910491449,0.4128622141862539,0.7428214185903099,-0.6200372829385687
S17,baseline,-0.22828468728091256,-0.4542069350553731,-0.7128805012425511,-0.23618812228697483,-0.7574694855976251,-0.5509452605943974,-0.6514209747268063,-0.4960630229422902,-1.7026964265933517,-0.5255209925241138,-0.4396803673906449,-0.9787716879218232,-0.8979095802541731,-0.44706371681366364,-0.8802453476099236,-0.053655975889698754,0.7821874253265055,-1.0218415716068008,-1.2952640909958544,-0.336987543934059,0.30533225651056833,1.3668097971204398,-1.3765971114738504,-1.3453444632812208,-0.8618463596312869,0.10792244704280549,0.4576270902411814,1.5839758364719274,-0.5419481499214214,-0.1614908966570897,-0.8528632367421117,0.32677157314697547,-1.2720676079371047,-1.2720675862176245,-1.1604525802177525,0.1402660418890185,0.5077060209453427,0.8365072816625997,0.7771000731611125,-0.839451498755865,0.11197201288689612,-1.2861776890985428,-0.6518741804533591,-0.43938819939130713,0.2371334727936631,-0.16708515662584114,-0.04651681278044518,0.16082232205123562,0.39999773079140644,0.21961908299389488,-0.2290095399909507,1.1407273663488375,0.8434379092612327,1.17519263241392,1.4144600517036103
S17,baseline,-0.29592069865999404,-1.0369044710400595,1.0366306529283063,-0.29275765971192097,1.0451245191562992,-0.343069120795898,-0.1371412578372227,0.6472051500121767,0.8998611075694444,-0.1728370091718592,-1.1178370146771444,-0.9793287912895464,-0.4444272932413551,-1.1177437359093103,-0.504332509921395,-0.7435975268916097,1.6202453810334756,-1.2032903072373455,0.34700911314457095,-0.745999616345226,1.2640785704398512,-1.084580284116628,-1.5451826331275422,-1.229110127226595,0.41421838846861236,1.2950693645136657,1.288452225169155,-0.9214317311709193,-1.3051251510301953,-0.7758887220750079,-0.2509645446836085,1.4160101503035605,-1.3464039502725673,-1.3464039273787898,-1.232997399964514,0.5734405830169426,-0.5988327426534795,1.8538810026036,-0.41549154265668414,-1.7456969058095122,-1.0356818055145867,-1.3033772361697116,0.8133015021450039,-0.46904574572578434,0.5397387718803505,0.7323137110651028,0.5836616129756309,0.23887117190613028,-0.12042177931071875,0.1685632531905459,0.15267302666063742,1.9180027647785227,1.6913297708859891,2.1094181829668126,1.9957450044585188
S17,baseline,-0.25405065486930606,-0.7627622942203427,-0.5340023621175978,-0.23130855731758235,-0.5423957948828584,-0.26032074541866473,-0.6514209747268063,2.6487492070425906,1.3012428735241741,0.045741908899167696,-1.0181675187303785,-0.7369727511730504,0.5574455868635033,-1.0172175633169875,0.5172459776501309,-0.2837232459573465,-0.47489950823394944,0.7130060995054283,0.49221037371442516,0.03747566507581598,1.063960796535372,-0.9890320519486564,-1.1548003490608612,-0.7331636227869848,-0.7718734229318468,1.079224470428055,0.9727387953546441,-0.9950879394295312,-0.9802494366291857,-0.49116777858865573,-0.7966360671966091,0.9803147194409265,-0.21427557908692751,-0.21427558157313673,-0.41569453057660205,0.6353226603209347,0.8982491139802211,0.15825813436859948,0.382872878213143,-1.1690499084552184,0.5653523339457596,-0.37695870299270995,1.278607183365914,-0.13445963930287433,0.8559139621539785,0.10265811723528666,-0.3591930871313955,0.5764174454242859,-0.1096126968503767,0.4731412048259528,-1.183215956619921,0.34189819646028624,0.32189436747157235,0.3403914766878727,0.8331750989487021
S17,baseline,-1.5269383521696573,0.6667491206289506,-1.2201171427603024,-1.5321726998526495,-1.2087237065480863,-0.7813416851216938,-0.6514209747268063,0.2078246077026292,1.3490931514205307,-0.7844115320580815,-1.335153043446017,0.2302370483843384,-0.9671082712881649,-1.3101409318322161,-1.0085065844255487,-1.1729955864949482,1.2012164031799906,-0.6205627316036866,-0.7473527886293303,-1.416248645330556,0.5764032030569318,-1.073305396874013,-0.5192325781002716,-0.45918901878520463,-1.2625134249246903,0.6475346822568329,0.4191211554533983,-0.7784717134893963,-0.19265329693806185,-0.24527241830498753,-1.286451724909339,0.43569543086263396,0.6400359140048021,0.6400359379759418,0.772765908985995,0.8828509695368824,-0.143199134112788,-1.1982401602194008,-2.2967062043240927,0.5615302917387375,1.300586804265093,0.08804606683115737,-0.18632700887308012,-1.5966449666331863,0.8114147904405623,-1.955811907811274,-0.0917191053534895,-0.1406312153082513,1.0471332630409442,0.11479649845704085,0.15267302666063742,-1.8323034325193244,-0.05074823411766761,-1.6652857095405205,-0.9106797593160229
S17,baseline,-1.4336078106677657,1.2217081274934465,1.4290809739719645,-1.4350129290651954,1.518506105427262,-1.1038566943084311,-1.6799804085059733,1.1339308962693015,-0.21293516958687078,-0.8286019410435616,-1.6424527506426756,-0.5059503239084849,0.07206252946912098,-1.6632604399736963,0.15234499159090414,-0.14308662459377072,0.7821874253265055,-0.7194891162254989,0.39213180468293624,-0.49745733924467983,-0.19352156693221634,0.4762931683837366,-0.3973853331942201,-0.4070503863171287,-1.1183713856770336,-0.21584489408561097,-0.349317201559639,0.3341089615118786,-0.11743964810462498,-0.014569677535413819,-0.3622749953691967,-0.43569543086263396,0.7432868996959778,0.7432868729085503,0.7077387511164678,-0.014439151370951408,-1.119556866699984,-1.1982401602194008,1.1745879128204424,2.0859790614229956,1.1620772465986773,-0.0957261079913263,-0.04279314463069296,-0.9484832044924804,0.7088020043978008,-0.5961857382144489,-0.9610639368131951,0.9290149598400272,1.4765014424773513,1.1907867622810662,-0.2290095399909507,-1.9161843613081326,0.2241877704569159,-1.682056328588702,-0.6200372829385687
S17,baseline,-1.0115351937848538,-0.45792699224418826,-0.29008361987897524,-0.9781081097384396,-0.3437541130889549,-1.990258883759358,0.3771384590523609,-0.320956699467531,0.10888281866850787,-1.922454160748319,-0.029043061656995776,1.5129455165911463,1.5087559717061638,-0.00453740167291201,1.5867213304603256,-0.8387703803645307,0.3631584474730205,-0.10707675311999226,-0.8190994610201622,-0.7185661981832092,-1.6734561155202807,2.553939128374415,0.7200829555264017,0.818828174688216,-0.23150668276993672,-1.7267591526848878,-1.6793342483672387,2.378940739469391,0.4548200312857823,0.350507291191175,0.07653517724172716,-1.7427817234505358,1.1114964584505793,1.1114964822325895,1.051723297718822,-1.3449038134067093,0.833158598474408,0.4973827080155996,-0.6629572306161295,1.201975089018322,-0.3140058667830198,0.05405914212006252,0.4425058201296727,-0.037896130210803576,1.0665173782758892,1.4669922030149372,1.88946491448876,0.6214158283742894,0.47474703725407413,0.6501734238317168,-0.9923746732941269,-0.4444895655506986,-1.187971855836999,-0.6195927088603713,-0.6200372829385687
S17,baseline,-1.3325144259757709,-2.120170275349193,0.6022875435398191,-1.3367681119038515,0.5733548324554695,-0.9372572029510843,-0.6514209747268063,-0.8210181426020216,-0.6117577140374946,-1.5136675281953478,1.25025633272583,-0.8130404513733794,0.027544129818896958,1.2776006074154451,-0.007604255893025526,-0.744009078524147,-0.47489950823394944,-0.13802467929519346,-1.4276616876952124,-0.32766563981198354,-2.2188711280451012,0.8724071082989764,1.555834221665492,1.7384683932839236,2.13119637182014,-2.15844894085611,-2.1903026315362055,0.792285526747391,1.5775648802221296,1.1697043917484,0.4037952241596416,-2.0695532965975114,1.7544609367875814,1.7544609386800076,1.8815860747267494,-1.375844852058695,-0.6639232581592925,0.15825813436859948,0.7972141470008081,0.1606842657953131,-0.3760394620589837,0.0936386043838567,-0.233995138010211,0.02084903576253323,1.5933366753428453,1.2050493700088567,1.43886885297387,-1.319381480683209,-1.5155002390362693,-1.4983674336389534,-0.4198508233167447,-0.2985625309012216,-1.99545314572822,-0.5678664053148027,-0.6200372829385687
S17,stress,0.45889271316555985,-1.1532494509075977,-0.6237325003877183,0.4623186616092929,-0.5879262839363829,0.330107202082798,0.3771384590523609,0.21968046090023974,0.6399897372514981,0.7147765725427201,1.0402289439191892,1.2850499774431754,1.6235618147995003,0.9821359859970519,1.6115152840155196,2.21722507810301,-0.47489950823394944,0.7329647574975681,-0.2962044802046885,2.223431405063017,-0.6658236502729805,-0.5903998035289251,0.052467115655256975,1.0266786292109125,-0.1360261218741126,-0.6475346822568329,-0.6785169170098765,-0.04180404070607734,-0.21617486752367787,0.7050851406860931,-1.0043874174861023,-0.6535431462939509,0.32441698945863445,0.3244170077623392,-0.3174037268956554,0.7281457762769125,-12.05476347167658,-0.8591155865724007,-10.688810781514155,-49.71838733779915,1.5867463250434757,0.5400074356660025,0.18307264162901288,-1.3577388611249261,-1.7341723752160991,-1.2535258910504625,-1.2009147328140188,11.63988968293333,9.224333378329304,14.160691725891215,43.47364434161589,2.3137882766663296,5.355303903633102,4.075615612917997,17.399796252463588
S17,stress,-0.9390267379049618,2.0454278164200344,-1.6512417698241444,-0.9169750507447935,-1.5978005104382622,-0.6666338355835495,-0.6514209747268063,0.4570058499287273,0.39426491440194794,-0.7438601510267298,2.7898822488139547,0.9771795768278947,0.7351150546209907,2.8033230957338904,0.7045866597662112,1.1651615298083482,-0.47489950823394944,0.06717348417833716,-1.011476657195148,1.238630970123363,-0.6043963690227241,-0.2996976917117177,0.7514980344173186,1.5356065803583996,-0.8183577370346065,-0.5396122352140275,-0.5741794423217556,0.10449465276915973,0.7364572565355588,0.9408110842397631,0.6869420972767546,-0.5446192885782924,0.18942940173318343,0.1894293591709495,-0.553364514893057,1.6254358971847462,-11.85949192515914,-2.893863028454401,-12.367005742063656,-57.21890072162049,3.5086905568597877,0.6567171924442207,0.3264440020989557,-1.0980895683710779,-1.964006984589209,-2.232856618873044,0.011718619930914413,9.464793584346491,8.868491872654186,12.002302750539842,37.36672327519048,6.3359825010031665,7.891725376832726,9.29513346966566,32.51320502409121
S17,stress,-0.9877029780577806,3.5867309218282126,1.6954458728554103,-1.0515652216373472,1.650523561730409,0.3828974917397846,-1.6799804085059733,-0.49101187521681333,-2.065522834695974,0.5011721931416679,2.974332127365581,0.1696975800025344,-1.2617711421082243,2.926768507163,-1.2160761193914191,2.2868204707133293,-0.47489950823394944,-0.02078363761876737,-0.2138974064521839,2.5487271142311996,-0.17033074141097043,0.4166468561698694,1.6373958944390514,1.3582147415305672,-0.8920291434655897,-0.21584489408561097,-0.2803014901373731,0.14168499542657345,0.497320387217493,0.7860663129663195,0.7202332272186982,-0.21784771543131698,-1.0740208903741681,-1.074020871723357,-0.9773864575331132,0.1402660418890185,0.11716292791046426,-2.893863028454401,-12.051196256063294,-58.23384234893183,4.017444099172916,1.1651481269066706,0.7762882330088398,-0.6828704908419985,-2.404803226968848,-3.1742121238200665,1.187745771335912,5.356511464869259,6.662431346110457,7.1524018087958,36.41251685856151,10.135106106493245,9.15888619999253,13.659845252142924,33.966417405978476
S17,stress,0.3954633820485348,1.601174325593109,1.3600590016107952,0.44909888944743814,1.2275384814465617,-0.8569100185844174,0.3771384590523609,-0.7653407001809869,-0.0425245639848138,-1.0733142706371088,2.171796995767828,-0.8254988012279127,-0.7991959321834338,2.160951748705634,-0.7177104996890182,0.8588647302880944,-0.8939284860874345,0.37383717451149967,-1.8822430809657353,1.198504962870527,0.4125576336516813,-0.09533371598396427,2.009850392748485,0.45235500487188063,-0.8362169881422741,0.32376734112841643,0.4796569008561415,-0.20984851368324353,1.1554631705775542,0.36114621457503515,-0.46037419785099676,0.43569543086263396,-0.7744206709989246,-0.7744206832319562,-0.9400426487168305,-0.2310264219349134,-9.841685944478936,-2.554738454807401,-10.216028295820667,-55.12439444278118,3.96045345819456,1.6108799271147287,0.35817491832355547,-1.5554318304242853,-2.9191138702175428,-2.9084137090637787,0.7256360422063097,0.6854162296222757,0.7059459636209336,0.7652290512209778,11.221467459556692,7.163629484382721,5.783793019072134,8.630786943894412,20.306221016238133
S17,stress,0.6029258559782084,-2.13668970809865,-0.20180770469157977,0.5855804544599131,-0.1484947520836825,1.1103590142940876,-0.6514209747268063,1.2087423018165748,0.23005405457950087,1.5023079627221507,1.216586336758187,-0.2851069079507678,-0.78247809200216,1.188702034101888,-0.8277707428158986,1.327657342103414,-0.47489950823394944,-0.16110513965691062,0.07474684686061987,1.4013510922777983,0.14691932820753215,-0.42256112312355126,0.8314339299737837,-0.21621091303629691,-0.8936039178337368,0.10792244704280549,0.2967743204208431,-0.0643171141403997,0.8816439969498426,0.2993074724063487,-0.4468296636639567,0.32677157314697547,-0.4885592288282954,-0.4885592177307677,-0.7310859478531346,-0.1382033059789356,-11.01331522358357,-2.893863028454401,-10.79995276707104,-59.85891028694165,6.526911600106058,1.040224367857806,-1.4807936447901056,0.8380563805376964,-3.333432055667514,-2.6323848478976686,0.3669108544686647,0.7893613170064815,-0.9437662196399108,0.4915176514295294,3.7786574098507244,3.726156558615535,2.699062037822217,4.067984706583844,4.320884815478152
S17,stress,0.4410903334861889,-1.9096456216840627,0.513016968164389,0.4187378849567039,0.5057489482207648,0.8725966984396337,-1.16570069161639,1.5564551484645286,0.011697459149788645,1.1817968192461856,1.530857099770448,0.6565247936544893,1.3164686685125424,1.492204281260296,1.283058018484976,1.842813013219799,-0.8939284860874345,1.3159919158825886,0.38212678918268983,2.3695651123016437,-0.44993906557162594,-0.4164980172476479,0.6878765415061773,0.5160894691877643,-1.071230830542901,-0.43168978817122194,-0.41984648246472506,-0.44712172070537265,-0.633906720191604,-0.3529336973307889,-0.3753424611525542,-0.43569543086263396,-0.33357722272886553,-0.33357720605131963,-0.395233036444587,-0.2310264219349134,-3.137362847380189,-2.215613881160401,-10.313308236253544,-54.69492723864163,1.5472578505230419,0.47883637940327584,0.28255366621883665,0.3352250518187821,-3.7294920385114145,-2.869930168117608,0.7024961996267115,2.1869579142668143,0.7223510983431896,2.11399225916639,7.4046417930408115,2.338354289567714,4.5175774881784685,3.648362735843336,16.527868823331225
S17,stress,1.0607199553811069,-0.42512644756520873,1.28454282041412,1.048021846008077,1.2576158572510199,1.6288385446178417,0.3771384590523609,-0.12070093285780392,0.3729028171539133,1.4655635453627702,2.152006349229871,0.0877094765619576,-0.8155362267154395,2.1513826370053013,-0.7562522570266472,1.0330152193507605,0.7821874253265055,-0.5502592746841074,-1.4025049811928667,0.976209141235035,-0.1986722091069018,-0.3956160657343511,-0.1283029681439364,-1.0669816783250052,-0.7337678338978205,-0.10792244704280549,-0.1556611154428253,-0.3599513397651225,-0.9203538691423286,-1.2622870005308595,-0.07237813924886076,-0.10892385771565849,-0.1519402814708032,-0.1519402953157672,-0.02260740835256043,-0.8189061563228074,0.8982491139802211,-1.876489307513401,-9.359166729012014,-49.0276445641873,0.9738340810551785,0.8432980974841309,0.7495488876707515,0.33144106691739667,-4.145739165689419,-2.4888415665075563,0.1700931686160578,2.078096464061658,1.8400918428678146,2.3256598328527325,14.084086709443604,5.517244729264203,6.152965468764528,7.391190195393639,17.399796252463588
S17,stress,2.0665280309860883,-1.0976583703267746,0.8890698402819016,2.0699791868345634,0.8563624051787985,1.7124635091559341,1.405697892831528,-0.5720782034644823,-1.1258349076143446,1.5275428240892719,1.1122804718932189,0.4180818739736388,-1.4225881261963516,1.0602223159941069,-1.3584838011172984,1.966736763352638,1.2012164031799906,-0.7318347624326039,-0.49183220037791664,1.8804820351624745,1.1968296289248734,-0.5980869630937269,-2.740342958114011,-3.035684272130018,-1.3803214615815385,1.1871469174708602,1.1398584153562823,-0.7425919885413184,-2.116654992331857,-3.138394646003431,-1.2232066849224081,1.1981624348722435,-0.7213630266792183,-0.7213630292660071,-0.7189093155054957,-2.2112528956625366,1.0935206604976604,-2.554738454807401,-9.483211547908974,-50.87428600293511,1.5814447664450142,0.9214873738283207,-0.5203358404623927,-0.6570757682264883,-4.600770774578131,-2.9294992849483807,0.8829806724685241,4.071232322395999,3.0793157641571387,4.510681167725403,16.183340826027337,6.492063028131726,5.732994598987981,8.003793784971268,15.074656441443956
S17,stress,2.1511481442921947,-1.2881753305640053,-0.5507536077263546,2.149187074146356,-0.5174225924395394,1.4785061056233173,0.3771384590523609,-0.17291658226897408,-0.2063302871597186,1.8989204467510241,0.715995631613915,-1.1172369661315922,0.3059028692649627,0.7110320042340859,0.40210333966565,0.4686846683199596,0.7821874253265055,-0.022434858788714616,-0.49183220037791664,0.7516237059198706,1.3821334604291173,-0.6487207109988834,-2.8760612685744755,-3.3508694609546144,-0.7064691947825764,1.4029918115564712,1.353038175144532,-0.8237080820049238,-2.2795141622726764,-3.453940419926051,-0.014521475511786336,1.3070862925879019,-1.4404036400682254,-1.4404036805304663,-1.3512446756432732,-1.4067858907106807,1.0935206604976604,-2.554738454807401,-9.939746523593751,-53.02049240293034,2.0307850001564214,0.7985109522013706,0.6375094911319296,-0.5095242433043918,-5.085604461136853,-2.793129555039061,0.6474117224323631,2.6789343409964568,3.1858800127604026,3.300347501587112,7.213800509715018,3.0712668798555365,5.726364304014564,4.961777902095394,16.237226346953772
S17,stress,1.0559303087020158,0.1556700921859989,-1.0797841836672206,1.0624515958184897,-0.9893545045421167,0.6783024347061721,0.3771384590523609,-0.08812816682532648,-0.0013913608377588732,0.7236135657421348,-0.06852193740015508,1.149923040151021,-1.3193347408668563,-0.06931133394107244,-1.476757194260053,-0.6233517808700985,-0.05587053038046447,-0.7405031433491637,-1.6784205755019979,-0.2495291777008665,0.28243960497510284,-0.5209702898831972,-2.0831279810884653,-1.883911452707252,-0.7198241756788298,0.32376734112841643,0.26972745433818446,0.02259834370110196,-1.1123180594044217,-1.6974854602018847,-0.5934455896736756,0.32677157314697547,-0.2370233625545718,-0.23702337441784116,-1.0771421116879734,-0.2310264219349134,-13.55184532831028,-2.215613881160401,-9.39253733448739,-50.961425285781694,2.454777485140767,1.1311995665278325,0.8169246299407071,0.03180959641336473,-5.4247119125300385,-2.0499510325087322,-0.4390986788505828,1.2456065051828362,4.748158835424573,2.6114388670278657,18.091753659285278,3.594051538642158,4.994997794512889,5.01285008171898,18.27172368159595
S17,stress,0.15070512829140498,-1.0898898018529584,-0.012050405616084192,0.11224880685640268,-0.04619166985624481,0.9091605270442833,0.3771384590523609,-0.014952160359618313,0.2440650851517819,0.672698993023511,-0.4092953223726993,1.1176793452363596,1.3000622338393788,-0.45187102423580555,1.309057734661976,0.546297471637799,-0.47489950823394944,-0.19482861520571576,0.05717034795936472,0.5704759497796322,0.6757196315841765,-0.30664636032985854,-1.5199552031431067,-1.7812757706542595,-0.6168714361916557,0.6475346822568329,0.563662212917568,0.09050890207138348,-0.838389608351897,-0.17724468705242064,-0.7973537480845286,0.5446192885782924,-0.12105076936020268,-0.12105074788688396,-0.877206366080794,0.38779435110496624,-13.096211719769588,-1.876489307513401,-12.15520853664397,-52.895447082442466,2.6991689329566184,0.6230092592380841,-1.8019437450536233,1.3201602268643644,-5.727867958810731,-2.5598597836661043,0.15650853333535356,0.7574399135820059,2.8919353014622042,1.4782319832514348,19.427642642565836,7.466148081523888,5.059771321435842,8.487968375421381,17.690438728841045
S17,amusement,3.044498504160579,-2.3665181838797484,0.08112816011033314,3.037160873438787,0.09741149628727114,2.8217429596683283,0.3771384590523609,0.9774451977445638,3.0711519051482035,2.4489120751935674,0.9147488801318502,0.5430455425014432,1.2155273400305715,0.8926738939407075,1.2502853711559885,0.47548427059109905,-0.05587053038046447,-0.20736090117317638,-0.8411975266135472,0.861588326789459,-0.08998580267546692,-1.0848400152246884,-1.4542176842170473,-0.48673249278247743,-0.9194402736376266,-0.10792244704280549,-0.06474093056047218,-0.8706516315737579,-0.7380480449069217,-0.12735768413387188,-0.8023287461086683,-0.10892385771565849,0.16781902986855246,0.16781892943398571,0.0017203044333337642,0.6043816216689283,0.5727965364511557,-1.876489307513401,-2.7886437380264786,-20.859387038277724,4.240932560981732,1.0762123306502027,0.09390683694811597,-1.2406565743826052,-1.6296684232016732,-0.9250202217534651,-1.2278219063794036,-0.7714299984343167,-0.23910686542273066,-0.7617947901213309,0.34351430998643145,1.886093074116979,2.357005828063781,2.3072906444356716,5.483454720987969
S17,amusement,2.56165677585819,-1.4722424936352243,-0.23854183748562802,2.5313274154560363,-0.25800405606262994,2.6991165590662494,-0.1371412578372227,-0.40692390166926773,-0.72822898361984,2.5131935780190915,1.72765189792904,-0.7981179066616059,-0.34386094044575477,1.7634557776601951,-0.4048467957496851,-0.7025188065653803,-0.05587053038046447,-0.48184095880302763,-0.5232156759194869,-0.3182485065091338,0.08159353438882083,-1.306140406256368,-0.8978015968202965,0.06607247452493367,-1.0568052077012506,0.10792244704280549,0.09406204658753316,-1.274853384314178,-0.5447554358512638,0.08017224800729165,-0.9967443551258129,0.21784771543131698,1.0198369115371868,1.0198369322971115,1.0418779655749615,0.01650188728105494,-0.07810861860697495,-0.1808664392784006,-1.4130806416345125,-8.316315154949253,-0.04850876765264174,1.311699391066107,0.7443180035373901,-0.9909136521031425,-1.6559370572325638,-0.9003772502045143,-1.4148219244712077,0.6002899871337068,1.7137299765666405,0.9649847422250514,6.259594093086047,1.8601348264499764,3.8331623405880335,2.8923550847349904,11.586946724914506
S17,amusement,1.8909656190305737,-1.6743156072416276,-0.12743955924672548,1.883492131114582,-0.10221616222415825,1.912306661081177,-0.1371412578372227,-0.8002942957106532,-1.7331066800595523,1.521916339502841,1.1803547156553178,-0.9502467941056643,-0.8810364193196716,1.1636332934020894,-0.8234816386038271,0.7907452826169523,0.3631584474730205,-0.5771141829996838,-0.685636785343661,0.9883059058667402,-0.19906399389875798,-1.3939078695537042,-0.9501122601602532,-0.19660790001121176,-0.9611143502014733,-0.10792244704280549,-0.19639321690336561,-1.298681435149655,-0.5757253282378972,-0.12735768413387188,-0.7267870974327638,-0.10892385771565849,0.49758026751981294,0.49758023029621623,0.5234884053397445,0.29497123514898843,-1.5751904752406756,0.4973827080155996,-1.6530694439366822,-7.489209221056572,-0.3505694297846841,1.6742603288345774,0.6116798214690901,-0.994244567346036,-1.6490056601550516,-0.7721715946981872,-1.3564877656018897,5.105525833531833,5.8362268378235544,6.539756233187219,28.96970680885554,1.3579335487053292,2.470328240441161,1.880317457930932,9.552449390272328
S17,amusement,1.5775389458998703,-2.2327306148881085,0.18662399572989824,1.5672213657990235,0.25757467907886045,0.9694477093620141,-0.1371412578372227,-0.9244047455328546,-1.4638262524412258,1.0743536930367152,0.6702571013763179,-1.2736205857014289,-0.38024788556640793,0.6638381895690485,-0.37735315752198056,0.35200548351432004,-0.05587053038046447,-0.37040120122617315,0.003883672274979573,0.8292417509263575,-0.05255458489508711,-1.2214858560711768,-1.2353416108886226,-0.707306669478439,-1.1043592929191504,0.0,-0.13012160159008448,-1.2170242075296414,-0.894487574864038,0.034775075351411694,-1.3375590099839487,-0.10892385771565849,-0.3410666485966172,-0.34106666409061476,-0.20195927722626947,0.5115585057129505,0.2473439589220904,-0.5199910129254007,-4.345286206366515,-6.372377376133622,1.946468566700938,1.5903925406074668,-0.10208698224787896,-0.9892430194269056,-1.5344624339520545,-0.3526537262245743,-0.8692731529219103,4.194989986664526,5.567635356070262,5.6033219903175375,29.160548092181333,0.7396555325602966,-0.2866379630779449,0.5685470285194559,-0.9106797593160229
S17,amusement,1.4477211921110342,-1.1953440589170992,0.3962331227140928,1.4182725557569558,0.32102729026383553,2.2726585826407186,-1.16570069161639,0.8579523209360834,-0.967562630733642,1.7306796453680107,0.8272589065612668,0.001485142343042839,-0.07181257938967539,0.8767829896680437,0.0002717535423080574,-0.5454073638429432,-0.8939284860874345,0.6562008431665112,1.2422855917273619,-0.3919283326867067,-0.488809352022019,0.09796840339774894,-0.6725432140529687,0.1532482265659022,-1.0485364606269774,-0.5396122352140275,-0.5545561096065319,0.2790342623448077,-0.03864464274035116,1.11248106487124,-0.8399231073680828,-0.5446192885782924,0.4036408271534302,0.40364083781557153,0.4372453068567065,-0.5404368084548533,1.6142447845441648,-0.8591155865724007,-1.9385515592913094,-6.747604800461296,1.8311013607633435,1.1636555783426206,-0.5779559719508416,-0.8112808504410277,-1.4414688281964376,-1.026058512256924,-1.492154298535796,-0.11493305964652448,2.933242334954385,0.7113364653461851,15.992499542701545,-0.0027002556934505803,-0.7276183658757864,-0.16414701717834035,-0.3293948065611146
S17,amusement,2.1841373915389934,0.7847162533706289,1.7120229199413526,2.173064763005373,1.6444338057788472,2.4714025040641747,-1.6799804085059733,1.5131306776223634,-0.13498699075154377,2.0362525838807732,0.5004095434956892,0.4304219353948981,-1.114035520707087,0.4899052529820842,-1.1525005074917283,0.15005843204426356,-0.8939284860874345,0.12728272504843488,0.018506237259832994,0.3712715053077439,-1.5533396413739262,0.061049201331948036,0.5846598651376964,0.40576943243760105,-0.6937565795026643,-1.5109142585992767,-1.5807307036142562,0.7942667610319782,1.2221981115746985,1.3016090096347328,1.5973122019886352,-1.5249340080192189,0.762992832906958,0.7629926928013041,0.9258617172068868,-0.9426703109307709,0.7029775674627818,-0.1808664392784006,-1.1462595069182078,-8.118064162791866,0.6477359427848415,0.3491009704451918,-1.3225064229417092,0.3191908170978668,-1.4831520024151157,-1.2606282655193806,-1.3967807067521922,1.4621124461458768,3.7565335379402574,2.416810623389107,14.656610559420985,1.4051548220910532,2.6110698841548947,1.974915378160457,14.202729012311593
S17,amusement,3.3672628960258524,-2.205725781867152,0.6813496167859429,3.356329302603132,0.6565871080087174,2.632395239362514,-0.1371412578372227,-0.043943768750742705,-1.040453371400552,2.501852448962258,0.1447469553340353,-1.0848352473562248,0.2865738660881285,0.17506037455079074,0.289780663831988,-0.49802310401710426,-0.8939284860874345,0.6531820261890835,0.8378138037390144,-0.4954255410223225,-1.343409872387468,0.9288444025550145,1.1226307407049705,1.2183440073568423,-0.916800182994331,-1.2950693645136657,-1.4873765355406408,0.9999300463066743,1.5755913405913358,1.947941637277762,-1.04966414747679,-1.4160101503035605,-0.002237940950532557,-0.0022379165372619384,0.013338731509883121,0.2640301964970027,-1.5751904752406756,-1.876489307513401,-3.8476337971391597,-16.483192961020027,5.605590539124905,-0.008875970752082853,0.462404397569137,-1.2769442160287412,-1.5909560226911637,-1.7274699070818764,-0.9752934877690268,7.458676758614479,5.538588715866304,8.516706835414281,22.481103175778543,8.463893768039135,5.98714836910662,9.909069523261866,20.88750596899304
